[0.052s] DEBUG:colcon:Command line arguments: ['/usr/bin/colcon', 'build', '--symlink-install']
[0.052s] DEBUG:colcon:Parsed command line arguments: Namespace(log_base=None, log_level=None, verb_name='build', build_base='build', install_base='install', merge_install=False, symlink_install=True, test_result_base=None, continue_on_error=False, executor='parallel', parallel_workers=28, event_handlers=None, ignore_user_meta=False, metas=['./colcon.meta'], base_paths=['.'], packages_ignore=None, packages_ignore_regex=None, paths=None, packages_up_to=None, packages_up_to_regex=None, packages_above=None, packages_above_and_dependencies=None, packages_above_depth=None, packages_select_by_dep=None, packages_skip_by_dep=None, packages_skip_up_to=None, packages_select_build_failed=False, packages_skip_build_finished=False, packages_select_test_failures=False, packages_skip_test_passed=False, packages_select=None, packages_skip=None, packages_select_regex=None, packages_skip_regex=None, packages_start=None, packages_end=None, allow_overriding=[], cmake_args=None, cmake_target=None, cmake_target_skip_unavailable=False, cmake_clean_cache=False, cmake_clean_first=False, cmake_force_configure=False, ament_cmake_args=None, catkin_cmake_args=None, catkin_skip_building_tests=False, verb_parser=<colcon_defaults.argument_parser.defaults.DefaultArgumentsDecorator object at 0x783aed65b850>, verb_extension=<colcon_core.verb.build.BuildVerb object at 0x783aed610640>, main=<bound method BuildVerb.main of <colcon_core.verb.build.BuildVerb object at 0x783aed610640>>)
[0.136s] Level 1:colcon.colcon_core.package_discovery:discover_packages(colcon_meta) check parameters
[0.136s] Level 1:colcon.colcon_core.package_discovery:discover_packages(recursive) check parameters
[0.136s] Level 1:colcon.colcon_core.package_discovery:discover_packages(ignore) check parameters
[0.136s] Level 1:colcon.colcon_core.package_discovery:discover_packages(path) check parameters
[0.136s] Level 1:colcon.colcon_core.package_discovery:discover_packages(colcon_meta) discover
[0.136s] Level 1:colcon.colcon_core.package_discovery:discover_packages(recursive) discover
[0.136s] INFO:colcon.colcon_core.package_discovery:Crawling recursively for packages in '/home/iiitd/cf_ws'
[0.136s] Level 1:colcon.colcon_core.package_identification:_identify(.) by extensions ['ignore', 'ignore_ament_install']
[0.136s] Level 1:colcon.colcon_core.package_identification:_identify(.) by extension 'ignore'
[0.136s] Level 1:colcon.colcon_core.package_identification:_identify(.) by extension 'ignore_ament_install'
[0.136s] Level 1:colcon.colcon_core.package_identification:_identify(.) by extensions ['colcon_pkg']
[0.136s] Level 1:colcon.colcon_core.package_identification:_identify(.) by extension 'colcon_pkg'
[0.136s] Level 1:colcon.colcon_core.package_identification:_identify(.) by extensions ['colcon_meta']
[0.136s] Level 1:colcon.colcon_core.package_identification:_identify(.) by extension 'colcon_meta'
[0.136s] Level 1:colcon.colcon_core.package_identification:_identify(.) by extensions ['ros']
[0.136s] Level 1:colcon.colcon_core.package_identification:_identify(.) by extension 'ros'
[0.141s] Level 1:colcon.colcon_core.package_identification:_identify(.) by extensions ['cmake', 'python']
[0.141s] Level 1:colcon.colcon_core.package_identification:_identify(.) by extension 'cmake'
[0.141s] Level 1:colcon.colcon_core.package_identification:_identify(.) by extension 'python'
[0.141s] Level 1:colcon.colcon_core.package_identification:_identify(.) by extensions ['python_setup_py']
[0.141s] Level 1:colcon.colcon_core.package_identification:_identify(.) by extension 'python_setup_py'
[0.141s] Level 1:colcon.colcon_core.package_identification:_identify(Documentation) by extensions ['ignore', 'ignore_ament_install']
[0.141s] Level 1:colcon.colcon_core.package_identification:_identify(Documentation) by extension 'ignore'
[0.141s] Level 1:colcon.colcon_core.package_identification:_identify(Documentation) by extension 'ignore_ament_install'
[0.141s] Level 1:colcon.colcon_core.package_identification:_identify(Documentation) by extensions ['colcon_pkg']
[0.141s] Level 1:colcon.colcon_core.package_identification:_identify(Documentation) by extension 'colcon_pkg'
[0.141s] Level 1:colcon.colcon_core.package_identification:_identify(Documentation) by extensions ['colcon_meta']
[0.141s] Level 1:colcon.colcon_core.package_identification:_identify(Documentation) by extension 'colcon_meta'
[0.141s] Level 1:colcon.colcon_core.package_identification:_identify(Documentation) by extensions ['ros']
[0.141s] Level 1:colcon.colcon_core.package_identification:_identify(Documentation) by extension 'ros'
[0.141s] Level 1:colcon.colcon_core.package_identification:_identify(Documentation) by extensions ['cmake', 'python']
[0.142s] Level 1:colcon.colcon_core.package_identification:_identify(Documentation) by extension 'cmake'
[0.142s] Level 1:colcon.colcon_core.package_identification:_identify(Documentation) by extension 'python'
[0.142s] Level 1:colcon.colcon_core.package_identification:_identify(Documentation) by extensions ['python_setup_py']
[0.142s] Level 1:colcon.colcon_core.package_identification:_identify(Documentation) by extension 'python_setup_py'
[0.142s] Level 1:colcon.colcon_core.package_identification:_identify(build) by extensions ['ignore', 'ignore_ament_install']
[0.142s] Level 1:colcon.colcon_core.package_identification:_identify(build) by extension 'ignore'
[0.142s] Level 1:colcon.colcon_core.package_identification:_identify(build) ignored
[0.142s] Level 1:colcon.colcon_core.package_identification:_identify(cache) by extensions ['ignore', 'ignore_ament_install']
[0.142s] Level 1:colcon.colcon_core.package_identification:_identify(cache) by extension 'ignore'
[0.142s] Level 1:colcon.colcon_core.package_identification:_identify(cache) by extension 'ignore_ament_install'
[0.142s] Level 1:colcon.colcon_core.package_identification:_identify(cache) by extensions ['colcon_pkg']
[0.142s] Level 1:colcon.colcon_core.package_identification:_identify(cache) by extension 'colcon_pkg'
[0.142s] Level 1:colcon.colcon_core.package_identification:_identify(cache) by extensions ['colcon_meta']
[0.142s] Level 1:colcon.colcon_core.package_identification:_identify(cache) by extension 'colcon_meta'
[0.142s] Level 1:colcon.colcon_core.package_identification:_identify(cache) by extensions ['ros']
[0.142s] Level 1:colcon.colcon_core.package_identification:_identify(cache) by extension 'ros'
[0.142s] Level 1:colcon.colcon_core.package_identification:_identify(cache) by extensions ['cmake', 'python']
[0.142s] Level 1:colcon.colcon_core.package_identification:_identify(cache) by extension 'cmake'
[0.142s] Level 1:colcon.colcon_core.package_identification:_identify(cache) by extension 'python'
[0.142s] Level 1:colcon.colcon_core.package_identification:_identify(cache) by extensions ['python_setup_py']
[0.142s] Level 1:colcon.colcon_core.package_identification:_identify(cache) by extension 'python_setup_py'
[0.142s] Level 1:colcon.colcon_core.package_identification:_identify(install) by extensions ['ignore', 'ignore_ament_install']
[0.142s] Level 1:colcon.colcon_core.package_identification:_identify(install) by extension 'ignore'
[0.142s] Level 1:colcon.colcon_core.package_identification:_identify(install) ignored
[0.142s] Level 1:colcon.colcon_core.package_identification:_identify(log) by extensions ['ignore', 'ignore_ament_install']
[0.142s] Level 1:colcon.colcon_core.package_identification:_identify(log) by extension 'ignore'
[0.142s] Level 1:colcon.colcon_core.package_identification:_identify(log) ignored
[0.142s] Level 1:colcon.colcon_core.package_identification:_identify(src) by extensions ['ignore', 'ignore_ament_install']
[0.142s] Level 1:colcon.colcon_core.package_identification:_identify(src) by extension 'ignore'
[0.142s] Level 1:colcon.colcon_core.package_identification:_identify(src) by extension 'ignore_ament_install'
[0.142s] Level 1:colcon.colcon_core.package_identification:_identify(src) by extensions ['colcon_pkg']
[0.142s] Level 1:colcon.colcon_core.package_identification:_identify(src) by extension 'colcon_pkg'
[0.142s] Level 1:colcon.colcon_core.package_identification:_identify(src) by extensions ['colcon_meta']
[0.142s] Level 1:colcon.colcon_core.package_identification:_identify(src) by extension 'colcon_meta'
[0.142s] Level 1:colcon.colcon_core.package_identification:_identify(src) by extensions ['ros']
[0.142s] Level 1:colcon.colcon_core.package_identification:_identify(src) by extension 'ros'
[0.142s] Level 1:colcon.colcon_core.package_identification:_identify(src) by extensions ['cmake', 'python']
[0.142s] Level 1:colcon.colcon_core.package_identification:_identify(src) by extension 'cmake'
[0.142s] Level 1:colcon.colcon_core.package_identification:_identify(src) by extension 'python'
[0.142s] Level 1:colcon.colcon_core.package_identification:_identify(src) by extensions ['python_setup_py']
[0.142s] Level 1:colcon.colcon_core.package_identification:_identify(src) by extension 'python_setup_py'
[0.142s] Level 1:colcon.colcon_core.package_identification:_identify(src/crazyswarm2) by extensions ['ignore', 'ignore_ament_install']
[0.142s] Level 1:colcon.colcon_core.package_identification:_identify(src/crazyswarm2) by extension 'ignore'
[0.142s] Level 1:colcon.colcon_core.package_identification:_identify(src/crazyswarm2) by extension 'ignore_ament_install'
[0.142s] Level 1:colcon.colcon_core.package_identification:_identify(src/crazyswarm2) by extensions ['colcon_pkg']
[0.142s] Level 1:colcon.colcon_core.package_identification:_identify(src/crazyswarm2) by extension 'colcon_pkg'
[0.142s] Level 1:colcon.colcon_core.package_identification:_identify(src/crazyswarm2) by extensions ['colcon_meta']
[0.142s] Level 1:colcon.colcon_core.package_identification:_identify(src/crazyswarm2) by extension 'colcon_meta'
[0.142s] Level 1:colcon.colcon_core.package_identification:_identify(src/crazyswarm2) by extensions ['ros']
[0.142s] Level 1:colcon.colcon_core.package_identification:_identify(src/crazyswarm2) by extension 'ros'
[0.142s] Level 1:colcon.colcon_core.package_identification:_identify(src/crazyswarm2) by extensions ['cmake', 'python']
[0.142s] Level 1:colcon.colcon_core.package_identification:_identify(src/crazyswarm2) by extension 'cmake'
[0.143s] Level 1:colcon.colcon_core.package_identification:_identify(src/crazyswarm2) by extension 'python'
[0.143s] Level 1:colcon.colcon_core.package_identification:_identify(src/crazyswarm2) by extensions ['python_setup_py']
[0.143s] Level 1:colcon.colcon_core.package_identification:_identify(src/crazyswarm2) by extension 'python_setup_py'
[0.143s] Level 1:colcon.colcon_core.package_identification:_identify(src/crazyswarm2/crazyflie) by extensions ['ignore', 'ignore_ament_install']
[0.143s] Level 1:colcon.colcon_core.package_identification:_identify(src/crazyswarm2/crazyflie) by extension 'ignore'
[0.143s] Level 1:colcon.colcon_core.package_identification:_identify(src/crazyswarm2/crazyflie) by extension 'ignore_ament_install'
[0.143s] Level 1:colcon.colcon_core.package_identification:_identify(src/crazyswarm2/crazyflie) by extensions ['colcon_pkg']
[0.143s] Level 1:colcon.colcon_core.package_identification:_identify(src/crazyswarm2/crazyflie) by extension 'colcon_pkg'
[0.143s] Level 1:colcon.colcon_core.package_identification:_identify(src/crazyswarm2/crazyflie) by extensions ['colcon_meta']
[0.143s] Level 1:colcon.colcon_core.package_identification:_identify(src/crazyswarm2/crazyflie) by extension 'colcon_meta'
[0.143s] Level 1:colcon.colcon_core.package_identification:_identify(src/crazyswarm2/crazyflie) by extensions ['ros']
[0.143s] Level 1:colcon.colcon_core.package_identification:_identify(src/crazyswarm2/crazyflie) by extension 'ros'
[0.144s] DEBUG:colcon.colcon_core.package_identification:Package 'src/crazyswarm2/crazyflie' with type 'ros.ament_cmake' and name 'crazyflie'
[0.144s] Level 1:colcon.colcon_core.package_identification:_identify(src/crazyswarm2/crazyflie_description) by extensions ['ignore', 'ignore_ament_install']
[0.144s] Level 1:colcon.colcon_core.package_identification:_identify(src/crazyswarm2/crazyflie_description) by extension 'ignore'
[0.144s] Level 1:colcon.colcon_core.package_identification:_identify(src/crazyswarm2/crazyflie_description) by extension 'ignore_ament_install'
[0.144s] Level 1:colcon.colcon_core.package_identification:_identify(src/crazyswarm2/crazyflie_description) by extensions ['colcon_pkg']
[0.144s] Level 1:colcon.colcon_core.package_identification:_identify(src/crazyswarm2/crazyflie_description) by extension 'colcon_pkg'
[0.144s] Level 1:colcon.colcon_core.package_identification:_identify(src/crazyswarm2/crazyflie_description) by extensions ['colcon_meta']
[0.144s] Level 1:colcon.colcon_core.package_identification:_identify(src/crazyswarm2/crazyflie_description) by extension 'colcon_meta'
[0.144s] Level 1:colcon.colcon_core.package_identification:_identify(src/crazyswarm2/crazyflie_description) by extensions ['ros']
[0.144s] Level 1:colcon.colcon_core.package_identification:_identify(src/crazyswarm2/crazyflie_description) by extension 'ros'
[0.145s] DEBUG:colcon.colcon_core.package_identification:Package 'src/crazyswarm2/crazyflie_description' with type 'ros.ament_cmake' and name 'crazyflie_description'
[0.145s] Level 1:colcon.colcon_core.package_identification:_identify(src/crazyswarm2/crazyflie_examples) by extensions ['ignore', 'ignore_ament_install']
[0.145s] Level 1:colcon.colcon_core.package_identification:_identify(src/crazyswarm2/crazyflie_examples) by extension 'ignore'
[0.145s] Level 1:colcon.colcon_core.package_identification:_identify(src/crazyswarm2/crazyflie_examples) by extension 'ignore_ament_install'
[0.145s] Level 1:colcon.colcon_core.package_identification:_identify(src/crazyswarm2/crazyflie_examples) by extensions ['colcon_pkg']
[0.145s] Level 1:colcon.colcon_core.package_identification:_identify(src/crazyswarm2/crazyflie_examples) by extension 'colcon_pkg'
[0.145s] Level 1:colcon.colcon_core.package_identification:_identify(src/crazyswarm2/crazyflie_examples) by extensions ['colcon_meta']
[0.145s] Level 1:colcon.colcon_core.package_identification:_identify(src/crazyswarm2/crazyflie_examples) by extension 'colcon_meta'
[0.145s] Level 1:colcon.colcon_core.package_identification:_identify(src/crazyswarm2/crazyflie_examples) by extensions ['ros']
[0.145s] Level 1:colcon.colcon_core.package_identification:_identify(src/crazyswarm2/crazyflie_examples) by extension 'ros'
[0.145s] DEBUG:colcon.colcon_core.package_identification:Package 'src/crazyswarm2/crazyflie_examples' with type 'ros.ament_cmake' and name 'crazyflie_examples'
[0.145s] Level 1:colcon.colcon_core.package_identification:_identify(src/crazyswarm2/crazyflie_interfaces) by extensions ['ignore', 'ignore_ament_install']
[0.145s] Level 1:colcon.colcon_core.package_identification:_identify(src/crazyswarm2/crazyflie_interfaces) by extension 'ignore'
[0.145s] Level 1:colcon.colcon_core.package_identification:_identify(src/crazyswarm2/crazyflie_interfaces) by extension 'ignore_ament_install'
[0.145s] Level 1:colcon.colcon_core.package_identification:_identify(src/crazyswarm2/crazyflie_interfaces) by extensions ['colcon_pkg']
[0.145s] Level 1:colcon.colcon_core.package_identification:_identify(src/crazyswarm2/crazyflie_interfaces) by extension 'colcon_pkg'
[0.145s] Level 1:colcon.colcon_core.package_identification:_identify(src/crazyswarm2/crazyflie_interfaces) by extensions ['colcon_meta']
[0.145s] Level 1:colcon.colcon_core.package_identification:_identify(src/crazyswarm2/crazyflie_interfaces) by extension 'colcon_meta'
[0.145s] Level 1:colcon.colcon_core.package_identification:_identify(src/crazyswarm2/crazyflie_interfaces) by extensions ['ros']
[0.145s] Level 1:colcon.colcon_core.package_identification:_identify(src/crazyswarm2/crazyflie_interfaces) by extension 'ros'
[0.146s] DEBUG:colcon.colcon_core.package_identification:Package 'src/crazyswarm2/crazyflie_interfaces' with type 'ros.ament_cmake' and name 'crazyflie_interfaces'
[0.146s] Level 1:colcon.colcon_core.package_identification:_identify(src/crazyswarm2/crazyflie_py) by extensions ['ignore', 'ignore_ament_install']
[0.146s] Level 1:colcon.colcon_core.package_identification:_identify(src/crazyswarm2/crazyflie_py) by extension 'ignore'
[0.146s] Level 1:colcon.colcon_core.package_identification:_identify(src/crazyswarm2/crazyflie_py) by extension 'ignore_ament_install'
[0.146s] Level 1:colcon.colcon_core.package_identification:_identify(src/crazyswarm2/crazyflie_py) by extensions ['colcon_pkg']
[0.146s] Level 1:colcon.colcon_core.package_identification:_identify(src/crazyswarm2/crazyflie_py) by extension 'colcon_pkg'
[0.147s] Level 1:colcon.colcon_core.package_identification:_identify(src/crazyswarm2/crazyflie_py) by extensions ['colcon_meta']
[0.147s] Level 1:colcon.colcon_core.package_identification:_identify(src/crazyswarm2/crazyflie_py) by extension 'colcon_meta'
[0.147s] Level 1:colcon.colcon_core.package_identification:_identify(src/crazyswarm2/crazyflie_py) by extensions ['ros']
[0.147s] Level 1:colcon.colcon_core.package_identification:_identify(src/crazyswarm2/crazyflie_py) by extension 'ros'
[0.147s] DEBUG:colcon.colcon_core.package_identification:Package 'src/crazyswarm2/crazyflie_py' with type 'ros.ament_python' and name 'crazyflie_py'
[0.147s] Level 1:colcon.colcon_core.package_identification:_identify(src/crazyswarm2/crazyflie_server_py) by extensions ['ignore', 'ignore_ament_install']
[0.147s] Level 1:colcon.colcon_core.package_identification:_identify(src/crazyswarm2/crazyflie_server_py) by extension 'ignore'
[0.147s] Level 1:colcon.colcon_core.package_identification:_identify(src/crazyswarm2/crazyflie_server_py) by extension 'ignore_ament_install'
[0.147s] Level 1:colcon.colcon_core.package_identification:_identify(src/crazyswarm2/crazyflie_server_py) by extensions ['colcon_pkg']
[0.147s] Level 1:colcon.colcon_core.package_identification:_identify(src/crazyswarm2/crazyflie_server_py) by extension 'colcon_pkg'
[0.147s] Level 1:colcon.colcon_core.package_identification:_identify(src/crazyswarm2/crazyflie_server_py) by extensions ['colcon_meta']
[0.147s] Level 1:colcon.colcon_core.package_identification:_identify(src/crazyswarm2/crazyflie_server_py) by extension 'colcon_meta'
[0.147s] Level 1:colcon.colcon_core.package_identification:_identify(src/crazyswarm2/crazyflie_server_py) by extensions ['ros']
[0.147s] Level 1:colcon.colcon_core.package_identification:_identify(src/crazyswarm2/crazyflie_server_py) by extension 'ros'
[0.148s] DEBUG:colcon.colcon_core.package_identification:Package 'src/crazyswarm2/crazyflie_server_py' with type 'ros.ament_python' and name 'crazyflie_server_py'
[0.148s] Level 1:colcon.colcon_core.package_identification:_identify(src/crazyswarm2/crazyflie_sim) by extensions ['ignore', 'ignore_ament_install']
[0.148s] Level 1:colcon.colcon_core.package_identification:_identify(src/crazyswarm2/crazyflie_sim) by extension 'ignore'
[0.148s] Level 1:colcon.colcon_core.package_identification:_identify(src/crazyswarm2/crazyflie_sim) by extension 'ignore_ament_install'
[0.148s] Level 1:colcon.colcon_core.package_identification:_identify(src/crazyswarm2/crazyflie_sim) by extensions ['colcon_pkg']
[0.148s] Level 1:colcon.colcon_core.package_identification:_identify(src/crazyswarm2/crazyflie_sim) by extension 'colcon_pkg'
[0.148s] Level 1:colcon.colcon_core.package_identification:_identify(src/crazyswarm2/crazyflie_sim) by extensions ['colcon_meta']
[0.148s] Level 1:colcon.colcon_core.package_identification:_identify(src/crazyswarm2/crazyflie_sim) by extension 'colcon_meta'
[0.148s] Level 1:colcon.colcon_core.package_identification:_identify(src/crazyswarm2/crazyflie_sim) by extensions ['ros']
[0.148s] Level 1:colcon.colcon_core.package_identification:_identify(src/crazyswarm2/crazyflie_sim) by extension 'ros'
[0.148s] DEBUG:colcon.colcon_core.package_identification:Package 'src/crazyswarm2/crazyflie_sim' with type 'ros.ament_cmake' and name 'crazyflie_sim'
[0.148s] Level 1:colcon.colcon_core.package_identification:_identify(src/crazyswarm2/docs) by extensions ['ignore', 'ignore_ament_install']
[0.153s] Level 1:colcon.colcon_core.package_identification:_identify(src/crazyswarm2/docs) by extension 'ignore'
[0.153s] Level 1:colcon.colcon_core.package_identification:_identify(src/crazyswarm2/docs) by extension 'ignore_ament_install'
[0.153s] Level 1:colcon.colcon_core.package_identification:_identify(src/crazyswarm2/docs) by extensions ['colcon_pkg']
[0.153s] Level 1:colcon.colcon_core.package_identification:_identify(src/crazyswarm2/docs) by extension 'colcon_pkg'
[0.153s] Level 1:colcon.colcon_core.package_identification:_identify(src/crazyswarm2/docs) by extensions ['colcon_meta']
[0.153s] Level 1:colcon.colcon_core.package_identification:_identify(src/crazyswarm2/docs) by extension 'colcon_meta'
[0.153s] Level 1:colcon.colcon_core.package_identification:_identify(src/crazyswarm2/docs) by extensions ['ros']
[0.153s] Level 1:colcon.colcon_core.package_identification:_identify(src/crazyswarm2/docs) by extension 'ros'
[0.153s] Level 1:colcon.colcon_core.package_identification:_identify(src/crazyswarm2/docs) by extensions ['cmake', 'python']
[0.153s] Level 1:colcon.colcon_core.package_identification:_identify(src/crazyswarm2/docs) by extension 'cmake'
[0.153s] Level 1:colcon.colcon_core.package_identification:_identify(src/crazyswarm2/docs) by extension 'python'
[0.153s] Level 1:colcon.colcon_core.package_identification:_identify(src/crazyswarm2/docs) by extensions ['python_setup_py']
[0.153s] Level 1:colcon.colcon_core.package_identification:_identify(src/crazyswarm2/docs) by extension 'python_setup_py'
[0.153s] Level 1:colcon.colcon_core.package_identification:_identify(src/crazyswarm2/docs/generated) by extensions ['ignore', 'ignore_ament_install']
[0.153s] Level 1:colcon.colcon_core.package_identification:_identify(src/crazyswarm2/docs/generated) by extension 'ignore'
[0.153s] Level 1:colcon.colcon_core.package_identification:_identify(src/crazyswarm2/docs/generated) by extension 'ignore_ament_install'
[0.153s] Level 1:colcon.colcon_core.package_identification:_identify(src/crazyswarm2/docs/generated) by extensions ['colcon_pkg']
[0.153s] Level 1:colcon.colcon_core.package_identification:_identify(src/crazyswarm2/docs/generated) by extension 'colcon_pkg'
[0.153s] Level 1:colcon.colcon_core.package_identification:_identify(src/crazyswarm2/docs/generated) by extensions ['colcon_meta']
[0.153s] Level 1:colcon.colcon_core.package_identification:_identify(src/crazyswarm2/docs/generated) by extension 'colcon_meta'
[0.153s] Level 1:colcon.colcon_core.package_identification:_identify(src/crazyswarm2/docs/generated) by extensions ['ros']
[0.153s] Level 1:colcon.colcon_core.package_identification:_identify(src/crazyswarm2/docs/generated) by extension 'ros'
[0.153s] Level 1:colcon.colcon_core.package_identification:_identify(src/crazyswarm2/docs/generated) by extensions ['cmake', 'python']
[0.153s] Level 1:colcon.colcon_core.package_identification:_identify(src/crazyswarm2/docs/generated) by extension 'cmake'
[0.153s] Level 1:colcon.colcon_core.package_identification:_identify(src/crazyswarm2/docs/generated) by extension 'python'
[0.153s] Level 1:colcon.colcon_core.package_identification:_identify(src/crazyswarm2/docs/generated) by extensions ['python_setup_py']
[0.153s] Level 1:colcon.colcon_core.package_identification:_identify(src/crazyswarm2/docs/generated) by extension 'python_setup_py'
[0.153s] Level 1:colcon.colcon_core.package_identification:_identify(src/crazyswarm2/docs/howto) by extensions ['ignore', 'ignore_ament_install']
[0.153s] Level 1:colcon.colcon_core.package_identification:_identify(src/crazyswarm2/docs/howto) by extension 'ignore'
[0.153s] Level 1:colcon.colcon_core.package_identification:_identify(src/crazyswarm2/docs/howto) by extension 'ignore_ament_install'
[0.153s] Level 1:colcon.colcon_core.package_identification:_identify(src/crazyswarm2/docs/howto) by extensions ['colcon_pkg']
[0.153s] Level 1:colcon.colcon_core.package_identification:_identify(src/crazyswarm2/docs/howto) by extension 'colcon_pkg'
[0.153s] Level 1:colcon.colcon_core.package_identification:_identify(src/crazyswarm2/docs/howto) by extensions ['colcon_meta']
[0.153s] Level 1:colcon.colcon_core.package_identification:_identify(src/crazyswarm2/docs/howto) by extension 'colcon_meta'
[0.153s] Level 1:colcon.colcon_core.package_identification:_identify(src/crazyswarm2/docs/howto) by extensions ['ros']
[0.153s] Level 1:colcon.colcon_core.package_identification:_identify(src/crazyswarm2/docs/howto) by extension 'ros'
[0.153s] Level 1:colcon.colcon_core.package_identification:_identify(src/crazyswarm2/docs/howto) by extensions ['cmake', 'python']
[0.153s] Level 1:colcon.colcon_core.package_identification:_identify(src/crazyswarm2/docs/howto) by extension 'cmake'
[0.153s] Level 1:colcon.colcon_core.package_identification:_identify(src/crazyswarm2/docs/howto) by extension 'python'
[0.153s] Level 1:colcon.colcon_core.package_identification:_identify(src/crazyswarm2/docs/howto) by extensions ['python_setup_py']
[0.153s] Level 1:colcon.colcon_core.package_identification:_identify(src/crazyswarm2/docs/howto) by extension 'python_setup_py'
[0.154s] Level 1:colcon.colcon_core.package_identification:_identify(src/crazyswarm2/docs/images) by extensions ['ignore', 'ignore_ament_install']
[0.154s] Level 1:colcon.colcon_core.package_identification:_identify(src/crazyswarm2/docs/images) by extension 'ignore'
[0.154s] Level 1:colcon.colcon_core.package_identification:_identify(src/crazyswarm2/docs/images) by extension 'ignore_ament_install'
[0.154s] Level 1:colcon.colcon_core.package_identification:_identify(src/crazyswarm2/docs/images) by extensions ['colcon_pkg']
[0.154s] Level 1:colcon.colcon_core.package_identification:_identify(src/crazyswarm2/docs/images) by extension 'colcon_pkg'
[0.154s] Level 1:colcon.colcon_core.package_identification:_identify(src/crazyswarm2/docs/images) by extensions ['colcon_meta']
[0.154s] Level 1:colcon.colcon_core.package_identification:_identify(src/crazyswarm2/docs/images) by extension 'colcon_meta'
[0.154s] Level 1:colcon.colcon_core.package_identification:_identify(src/crazyswarm2/docs/images) by extensions ['ros']
[0.154s] Level 1:colcon.colcon_core.package_identification:_identify(src/crazyswarm2/docs/images) by extension 'ros'
[0.154s] Level 1:colcon.colcon_core.package_identification:_identify(src/crazyswarm2/docs/images) by extensions ['cmake', 'python']
[0.154s] Level 1:colcon.colcon_core.package_identification:_identify(src/crazyswarm2/docs/images) by extension 'cmake'
[0.154s] Level 1:colcon.colcon_core.package_identification:_identify(src/crazyswarm2/docs/images) by extension 'python'
[0.154s] Level 1:colcon.colcon_core.package_identification:_identify(src/crazyswarm2/docs/images) by extensions ['python_setup_py']
[0.154s] Level 1:colcon.colcon_core.package_identification:_identify(src/crazyswarm2/docs/images) by extension 'python_setup_py'
[0.154s] Level 1:colcon.colcon_core.package_identification:_identify(src/crazyswarm2/docs/tutorials) by extensions ['ignore', 'ignore_ament_install']
[0.154s] Level 1:colcon.colcon_core.package_identification:_identify(src/crazyswarm2/docs/tutorials) by extension 'ignore'
[0.154s] Level 1:colcon.colcon_core.package_identification:_identify(src/crazyswarm2/docs/tutorials) by extension 'ignore_ament_install'
[0.154s] Level 1:colcon.colcon_core.package_identification:_identify(src/crazyswarm2/docs/tutorials) by extensions ['colcon_pkg']
[0.154s] Level 1:colcon.colcon_core.package_identification:_identify(src/crazyswarm2/docs/tutorials) by extension 'colcon_pkg'
[0.154s] Level 1:colcon.colcon_core.package_identification:_identify(src/crazyswarm2/docs/tutorials) by extensions ['colcon_meta']
[0.154s] Level 1:colcon.colcon_core.package_identification:_identify(src/crazyswarm2/docs/tutorials) by extension 'colcon_meta'
[0.154s] Level 1:colcon.colcon_core.package_identification:_identify(src/crazyswarm2/docs/tutorials) by extensions ['ros']
[0.154s] Level 1:colcon.colcon_core.package_identification:_identify(src/crazyswarm2/docs/tutorials) by extension 'ros'
[0.154s] Level 1:colcon.colcon_core.package_identification:_identify(src/crazyswarm2/docs/tutorials) by extensions ['cmake', 'python']
[0.154s] Level 1:colcon.colcon_core.package_identification:_identify(src/crazyswarm2/docs/tutorials) by extension 'cmake'
[0.154s] Level 1:colcon.colcon_core.package_identification:_identify(src/crazyswarm2/docs/tutorials) by extension 'python'
[0.154s] Level 1:colcon.colcon_core.package_identification:_identify(src/crazyswarm2/docs/tutorials) by extensions ['python_setup_py']
[0.154s] Level 1:colcon.colcon_core.package_identification:_identify(src/crazyswarm2/docs/tutorials) by extension 'python_setup_py'
[0.154s] Level 1:colcon.colcon_core.package_identification:_identify(src/crazyswarm2/docs2) by extensions ['ignore', 'ignore_ament_install']
[0.154s] Level 1:colcon.colcon_core.package_identification:_identify(src/crazyswarm2/docs2) by extension 'ignore'
[0.154s] Level 1:colcon.colcon_core.package_identification:_identify(src/crazyswarm2/docs2) by extension 'ignore_ament_install'
[0.154s] Level 1:colcon.colcon_core.package_identification:_identify(src/crazyswarm2/docs2) by extensions ['colcon_pkg']
[0.154s] Level 1:colcon.colcon_core.package_identification:_identify(src/crazyswarm2/docs2) by extension 'colcon_pkg'
[0.154s] Level 1:colcon.colcon_core.package_identification:_identify(src/crazyswarm2/docs2) by extensions ['colcon_meta']
[0.154s] Level 1:colcon.colcon_core.package_identification:_identify(src/crazyswarm2/docs2) by extension 'colcon_meta'
[0.154s] Level 1:colcon.colcon_core.package_identification:_identify(src/crazyswarm2/docs2) by extensions ['ros']
[0.154s] Level 1:colcon.colcon_core.package_identification:_identify(src/crazyswarm2/docs2) by extension 'ros'
[0.154s] Level 1:colcon.colcon_core.package_identification:_identify(src/crazyswarm2/docs2) by extensions ['cmake', 'python']
[0.154s] Level 1:colcon.colcon_core.package_identification:_identify(src/crazyswarm2/docs2) by extension 'cmake'
[0.154s] Level 1:colcon.colcon_core.package_identification:_identify(src/crazyswarm2/docs2) by extension 'python'
[0.154s] Level 1:colcon.colcon_core.package_identification:_identify(src/crazyswarm2/docs2) by extensions ['python_setup_py']
[0.154s] Level 1:colcon.colcon_core.package_identification:_identify(src/crazyswarm2/docs2) by extension 'python_setup_py'
[0.154s] Level 1:colcon.colcon_core.package_identification:_identify(src/crazyswarm2/docs2/images) by extensions ['ignore', 'ignore_ament_install']
[0.154s] Level 1:colcon.colcon_core.package_identification:_identify(src/crazyswarm2/docs2/images) by extension 'ignore'
[0.154s] Level 1:colcon.colcon_core.package_identification:_identify(src/crazyswarm2/docs2/images) by extension 'ignore_ament_install'
[0.154s] Level 1:colcon.colcon_core.package_identification:_identify(src/crazyswarm2/docs2/images) by extensions ['colcon_pkg']
[0.154s] Level 1:colcon.colcon_core.package_identification:_identify(src/crazyswarm2/docs2/images) by extension 'colcon_pkg'
[0.154s] Level 1:colcon.colcon_core.package_identification:_identify(src/crazyswarm2/docs2/images) by extensions ['colcon_meta']
[0.154s] Level 1:colcon.colcon_core.package_identification:_identify(src/crazyswarm2/docs2/images) by extension 'colcon_meta'
[0.154s] Level 1:colcon.colcon_core.package_identification:_identify(src/crazyswarm2/docs2/images) by extensions ['ros']
[0.154s] Level 1:colcon.colcon_core.package_identification:_identify(src/crazyswarm2/docs2/images) by extension 'ros'
[0.154s] Level 1:colcon.colcon_core.package_identification:_identify(src/crazyswarm2/docs2/images) by extensions ['cmake', 'python']
[0.154s] Level 1:colcon.colcon_core.package_identification:_identify(src/crazyswarm2/docs2/images) by extension 'cmake'
[0.154s] Level 1:colcon.colcon_core.package_identification:_identify(src/crazyswarm2/docs2/images) by extension 'python'
[0.154s] Level 1:colcon.colcon_core.package_identification:_identify(src/crazyswarm2/docs2/images) by extensions ['python_setup_py']
[0.155s] Level 1:colcon.colcon_core.package_identification:_identify(src/crazyswarm2/docs2/images) by extension 'python_setup_py'
[0.155s] Level 1:colcon.colcon_core.package_identification:_identify(src/crazyswarm2/prebuilt) by extensions ['ignore', 'ignore_ament_install']
[0.155s] Level 1:colcon.colcon_core.package_identification:_identify(src/crazyswarm2/prebuilt) by extension 'ignore'
[0.155s] Level 1:colcon.colcon_core.package_identification:_identify(src/crazyswarm2/prebuilt) by extension 'ignore_ament_install'
[0.155s] Level 1:colcon.colcon_core.package_identification:_identify(src/crazyswarm2/prebuilt) by extensions ['colcon_pkg']
[0.155s] Level 1:colcon.colcon_core.package_identification:_identify(src/crazyswarm2/prebuilt) by extension 'colcon_pkg'
[0.155s] Level 1:colcon.colcon_core.package_identification:_identify(src/crazyswarm2/prebuilt) by extensions ['colcon_meta']
[0.155s] Level 1:colcon.colcon_core.package_identification:_identify(src/crazyswarm2/prebuilt) by extension 'colcon_meta'
[0.155s] Level 1:colcon.colcon_core.package_identification:_identify(src/crazyswarm2/prebuilt) by extensions ['ros']
[0.155s] Level 1:colcon.colcon_core.package_identification:_identify(src/crazyswarm2/prebuilt) by extension 'ros'
[0.155s] Level 1:colcon.colcon_core.package_identification:_identify(src/crazyswarm2/prebuilt) by extensions ['cmake', 'python']
[0.155s] Level 1:colcon.colcon_core.package_identification:_identify(src/crazyswarm2/prebuilt) by extension 'cmake'
[0.155s] Level 1:colcon.colcon_core.package_identification:_identify(src/crazyswarm2/prebuilt) by extension 'python'
[0.155s] Level 1:colcon.colcon_core.package_identification:_identify(src/crazyswarm2/prebuilt) by extensions ['python_setup_py']
[0.155s] Level 1:colcon.colcon_core.package_identification:_identify(src/crazyswarm2/prebuilt) by extension 'python_setup_py'
[0.155s] Level 1:colcon.colcon_core.package_identification:_identify(src/crazyswarm2/ros_ws) by extensions ['ignore', 'ignore_ament_install']
[0.155s] Level 1:colcon.colcon_core.package_identification:_identify(src/crazyswarm2/ros_ws) by extension 'ignore'
[0.155s] Level 1:colcon.colcon_core.package_identification:_identify(src/crazyswarm2/ros_ws) by extension 'ignore_ament_install'
[0.155s] Level 1:colcon.colcon_core.package_identification:_identify(src/crazyswarm2/ros_ws) by extensions ['colcon_pkg']
[0.155s] Level 1:colcon.colcon_core.package_identification:_identify(src/crazyswarm2/ros_ws) by extension 'colcon_pkg'
[0.155s] Level 1:colcon.colcon_core.package_identification:_identify(src/crazyswarm2/ros_ws) by extensions ['colcon_meta']
[0.155s] Level 1:colcon.colcon_core.package_identification:_identify(src/crazyswarm2/ros_ws) by extension 'colcon_meta'
[0.155s] Level 1:colcon.colcon_core.package_identification:_identify(src/crazyswarm2/ros_ws) by extensions ['ros']
[0.155s] Level 1:colcon.colcon_core.package_identification:_identify(src/crazyswarm2/ros_ws) by extension 'ros'
[0.155s] Level 1:colcon.colcon_core.package_identification:_identify(src/crazyswarm2/ros_ws) by extensions ['cmake', 'python']
[0.155s] Level 1:colcon.colcon_core.package_identification:_identify(src/crazyswarm2/ros_ws) by extension 'cmake'
[0.155s] Level 1:colcon.colcon_core.package_identification:_identify(src/crazyswarm2/ros_ws) by extension 'python'
[0.155s] Level 1:colcon.colcon_core.package_identification:_identify(src/crazyswarm2/ros_ws) by extensions ['python_setup_py']
[0.155s] Level 1:colcon.colcon_core.package_identification:_identify(src/crazyswarm2/ros_ws) by extension 'python_setup_py'
[0.155s] Level 1:colcon.colcon_core.package_identification:_identify(src/crazyswarm2/ros_ws/src) by extensions ['ignore', 'ignore_ament_install']
[0.155s] Level 1:colcon.colcon_core.package_identification:_identify(src/crazyswarm2/ros_ws/src) by extension 'ignore'
[0.155s] Level 1:colcon.colcon_core.package_identification:_identify(src/crazyswarm2/ros_ws/src) by extension 'ignore_ament_install'
[0.155s] Level 1:colcon.colcon_core.package_identification:_identify(src/crazyswarm2/ros_ws/src) by extensions ['colcon_pkg']
[0.155s] Level 1:colcon.colcon_core.package_identification:_identify(src/crazyswarm2/ros_ws/src) by extension 'colcon_pkg'
[0.155s] Level 1:colcon.colcon_core.package_identification:_identify(src/crazyswarm2/ros_ws/src) by extensions ['colcon_meta']
[0.155s] Level 1:colcon.colcon_core.package_identification:_identify(src/crazyswarm2/ros_ws/src) by extension 'colcon_meta'
[0.155s] Level 1:colcon.colcon_core.package_identification:_identify(src/crazyswarm2/ros_ws/src) by extensions ['ros']
[0.155s] Level 1:colcon.colcon_core.package_identification:_identify(src/crazyswarm2/ros_ws/src) by extension 'ros'
[0.155s] Level 1:colcon.colcon_core.package_identification:_identify(src/crazyswarm2/ros_ws/src) by extensions ['cmake', 'python']
[0.155s] Level 1:colcon.colcon_core.package_identification:_identify(src/crazyswarm2/ros_ws/src) by extension 'cmake'
[0.155s] Level 1:colcon.colcon_core.package_identification:_identify(src/crazyswarm2/ros_ws/src) by extension 'python'
[0.155s] Level 1:colcon.colcon_core.package_identification:_identify(src/crazyswarm2/ros_ws/src) by extensions ['python_setup_py']
[0.155s] Level 1:colcon.colcon_core.package_identification:_identify(src/crazyswarm2/ros_ws/src) by extension 'python_setup_py'
[0.155s] Level 1:colcon.colcon_core.package_identification:_identify(src/crazyswarm2/ros_ws/src/crazyswarm) by extensions ['ignore', 'ignore_ament_install']
[0.155s] Level 1:colcon.colcon_core.package_identification:_identify(src/crazyswarm2/ros_ws/src/crazyswarm) by extension 'ignore'
[0.155s] Level 1:colcon.colcon_core.package_identification:_identify(src/crazyswarm2/ros_ws/src/crazyswarm) by extension 'ignore_ament_install'
[0.155s] Level 1:colcon.colcon_core.package_identification:_identify(src/crazyswarm2/ros_ws/src/crazyswarm) by extensions ['colcon_pkg']
[0.155s] Level 1:colcon.colcon_core.package_identification:_identify(src/crazyswarm2/ros_ws/src/crazyswarm) by extension 'colcon_pkg'
[0.155s] Level 1:colcon.colcon_core.package_identification:_identify(src/crazyswarm2/ros_ws/src/crazyswarm) by extensions ['colcon_meta']
[0.155s] Level 1:colcon.colcon_core.package_identification:_identify(src/crazyswarm2/ros_ws/src/crazyswarm) by extension 'colcon_meta'
[0.155s] Level 1:colcon.colcon_core.package_identification:_identify(src/crazyswarm2/ros_ws/src/crazyswarm) by extensions ['ros']
[0.155s] Level 1:colcon.colcon_core.package_identification:_identify(src/crazyswarm2/ros_ws/src/crazyswarm) by extension 'ros'
[0.155s] Level 1:colcon.colcon_core.package_identification:_identify(src/crazyswarm2/ros_ws/src/crazyswarm) by extensions ['cmake', 'python']
[0.155s] Level 1:colcon.colcon_core.package_identification:_identify(src/crazyswarm2/ros_ws/src/crazyswarm) by extension 'cmake'
[0.156s] Level 1:colcon.colcon_core.package_identification:_identify(src/crazyswarm2/ros_ws/src/crazyswarm) by extension 'python'
[0.156s] Level 1:colcon.colcon_core.package_identification:_identify(src/crazyswarm2/ros_ws/src/crazyswarm) by extensions ['python_setup_py']
[0.156s] Level 1:colcon.colcon_core.package_identification:_identify(src/crazyswarm2/ros_ws/src/crazyswarm) by extension 'python_setup_py'
[0.156s] Level 1:colcon.colcon_core.package_identification:_identify(src/crazyswarm2/ros_ws/src/crazyswarm/launch) by extensions ['ignore', 'ignore_ament_install']
[0.156s] Level 1:colcon.colcon_core.package_identification:_identify(src/crazyswarm2/ros_ws/src/crazyswarm/launch) by extension 'ignore'
[0.156s] Level 1:colcon.colcon_core.package_identification:_identify(src/crazyswarm2/ros_ws/src/crazyswarm/launch) by extension 'ignore_ament_install'
[0.156s] Level 1:colcon.colcon_core.package_identification:_identify(src/crazyswarm2/ros_ws/src/crazyswarm/launch) by extensions ['colcon_pkg']
[0.156s] Level 1:colcon.colcon_core.package_identification:_identify(src/crazyswarm2/ros_ws/src/crazyswarm/launch) by extension 'colcon_pkg'
[0.156s] Level 1:colcon.colcon_core.package_identification:_identify(src/crazyswarm2/ros_ws/src/crazyswarm/launch) by extensions ['colcon_meta']
[0.156s] Level 1:colcon.colcon_core.package_identification:_identify(src/crazyswarm2/ros_ws/src/crazyswarm/launch) by extension 'colcon_meta'
[0.156s] Level 1:colcon.colcon_core.package_identification:_identify(src/crazyswarm2/ros_ws/src/crazyswarm/launch) by extensions ['ros']
[0.156s] Level 1:colcon.colcon_core.package_identification:_identify(src/crazyswarm2/ros_ws/src/crazyswarm/launch) by extension 'ros'
[0.156s] Level 1:colcon.colcon_core.package_identification:_identify(src/crazyswarm2/ros_ws/src/crazyswarm/launch) by extensions ['cmake', 'python']
[0.156s] Level 1:colcon.colcon_core.package_identification:_identify(src/crazyswarm2/ros_ws/src/crazyswarm/launch) by extension 'cmake'
[0.156s] Level 1:colcon.colcon_core.package_identification:_identify(src/crazyswarm2/ros_ws/src/crazyswarm/launch) by extension 'python'
[0.156s] Level 1:colcon.colcon_core.package_identification:_identify(src/crazyswarm2/ros_ws/src/crazyswarm/launch) by extensions ['python_setup_py']
[0.156s] Level 1:colcon.colcon_core.package_identification:_identify(src/crazyswarm2/ros_ws/src/crazyswarm/launch) by extension 'python_setup_py'
[0.156s] Level 1:colcon.colcon_core.package_identification:_identify(src/crazyswarm2/ros_ws/src/crazyswarm/scripts) by extensions ['ignore', 'ignore_ament_install']
[0.156s] Level 1:colcon.colcon_core.package_identification:_identify(src/crazyswarm2/ros_ws/src/crazyswarm/scripts) by extension 'ignore'
[0.156s] Level 1:colcon.colcon_core.package_identification:_identify(src/crazyswarm2/ros_ws/src/crazyswarm/scripts) by extension 'ignore_ament_install'
[0.156s] Level 1:colcon.colcon_core.package_identification:_identify(src/crazyswarm2/ros_ws/src/crazyswarm/scripts) by extensions ['colcon_pkg']
[0.156s] Level 1:colcon.colcon_core.package_identification:_identify(src/crazyswarm2/ros_ws/src/crazyswarm/scripts) by extension 'colcon_pkg'
[0.156s] Level 1:colcon.colcon_core.package_identification:_identify(src/crazyswarm2/ros_ws/src/crazyswarm/scripts) by extensions ['colcon_meta']
[0.156s] Level 1:colcon.colcon_core.package_identification:_identify(src/crazyswarm2/ros_ws/src/crazyswarm/scripts) by extension 'colcon_meta'
[0.156s] Level 1:colcon.colcon_core.package_identification:_identify(src/crazyswarm2/ros_ws/src/crazyswarm/scripts) by extensions ['ros']
[0.156s] Level 1:colcon.colcon_core.package_identification:_identify(src/crazyswarm2/ros_ws/src/crazyswarm/scripts) by extension 'ros'
[0.156s] Level 1:colcon.colcon_core.package_identification:_identify(src/crazyswarm2/ros_ws/src/crazyswarm/scripts) by extensions ['cmake', 'python']
[0.156s] Level 1:colcon.colcon_core.package_identification:_identify(src/crazyswarm2/ros_ws/src/crazyswarm/scripts) by extension 'cmake'
[0.156s] Level 1:colcon.colcon_core.package_identification:_identify(src/crazyswarm2/ros_ws/src/crazyswarm/scripts) by extension 'python'
[0.156s] Level 1:colcon.colcon_core.package_identification:_identify(src/crazyswarm2/ros_ws/src/crazyswarm/scripts) by extensions ['python_setup_py']
[0.156s] Level 1:colcon.colcon_core.package_identification:_identify(src/crazyswarm2/ros_ws/src/crazyswarm/scripts) by extension 'python_setup_py'
[0.156s] Level 1:colcon.colcon_core.package_identification:_identify(src/crazyswarm2/ros_ws/src/crazyswarm/scripts/crossing2_pps) by extensions ['ignore', 'ignore_ament_install']
[0.156s] Level 1:colcon.colcon_core.package_identification:_identify(src/crazyswarm2/ros_ws/src/crazyswarm/scripts/crossing2_pps) by extension 'ignore'
[0.156s] Level 1:colcon.colcon_core.package_identification:_identify(src/crazyswarm2/ros_ws/src/crazyswarm/scripts/crossing2_pps) by extension 'ignore_ament_install'
[0.156s] Level 1:colcon.colcon_core.package_identification:_identify(src/crazyswarm2/ros_ws/src/crazyswarm/scripts/crossing2_pps) by extensions ['colcon_pkg']
[0.156s] Level 1:colcon.colcon_core.package_identification:_identify(src/crazyswarm2/ros_ws/src/crazyswarm/scripts/crossing2_pps) by extension 'colcon_pkg'
[0.156s] Level 1:colcon.colcon_core.package_identification:_identify(src/crazyswarm2/ros_ws/src/crazyswarm/scripts/crossing2_pps) by extensions ['colcon_meta']
[0.156s] Level 1:colcon.colcon_core.package_identification:_identify(src/crazyswarm2/ros_ws/src/crazyswarm/scripts/crossing2_pps) by extension 'colcon_meta'
[0.156s] Level 1:colcon.colcon_core.package_identification:_identify(src/crazyswarm2/ros_ws/src/crazyswarm/scripts/crossing2_pps) by extensions ['ros']
[0.156s] Level 1:colcon.colcon_core.package_identification:_identify(src/crazyswarm2/ros_ws/src/crazyswarm/scripts/crossing2_pps) by extension 'ros'
[0.156s] Level 1:colcon.colcon_core.package_identification:_identify(src/crazyswarm2/ros_ws/src/crazyswarm/scripts/crossing2_pps) by extensions ['cmake', 'python']
[0.156s] Level 1:colcon.colcon_core.package_identification:_identify(src/crazyswarm2/ros_ws/src/crazyswarm/scripts/crossing2_pps) by extension 'cmake'
[0.156s] Level 1:colcon.colcon_core.package_identification:_identify(src/crazyswarm2/ros_ws/src/crazyswarm/scripts/crossing2_pps) by extension 'python'
[0.156s] Level 1:colcon.colcon_core.package_identification:_identify(src/crazyswarm2/ros_ws/src/crazyswarm/scripts/crossing2_pps) by extensions ['python_setup_py']
[0.156s] Level 1:colcon.colcon_core.package_identification:_identify(src/crazyswarm2/ros_ws/src/crazyswarm/scripts/crossing2_pps) by extension 'python_setup_py'
[0.156s] Level 1:colcon.colcon_core.package_identification:_identify(src/crazyswarm2/ros_ws/src/crazyswarm/scripts/crossing4_pps) by extensions ['ignore', 'ignore_ament_install']
[0.156s] Level 1:colcon.colcon_core.package_identification:_identify(src/crazyswarm2/ros_ws/src/crazyswarm/scripts/crossing4_pps) by extension 'ignore'
[0.156s] Level 1:colcon.colcon_core.package_identification:_identify(src/crazyswarm2/ros_ws/src/crazyswarm/scripts/crossing4_pps) by extension 'ignore_ament_install'
[0.156s] Level 1:colcon.colcon_core.package_identification:_identify(src/crazyswarm2/ros_ws/src/crazyswarm/scripts/crossing4_pps) by extensions ['colcon_pkg']
[0.156s] Level 1:colcon.colcon_core.package_identification:_identify(src/crazyswarm2/ros_ws/src/crazyswarm/scripts/crossing4_pps) by extension 'colcon_pkg'
[0.156s] Level 1:colcon.colcon_core.package_identification:_identify(src/crazyswarm2/ros_ws/src/crazyswarm/scripts/crossing4_pps) by extensions ['colcon_meta']
[0.156s] Level 1:colcon.colcon_core.package_identification:_identify(src/crazyswarm2/ros_ws/src/crazyswarm/scripts/crossing4_pps) by extension 'colcon_meta'
[0.156s] Level 1:colcon.colcon_core.package_identification:_identify(src/crazyswarm2/ros_ws/src/crazyswarm/scripts/crossing4_pps) by extensions ['ros']
[0.157s] Level 1:colcon.colcon_core.package_identification:_identify(src/crazyswarm2/ros_ws/src/crazyswarm/scripts/crossing4_pps) by extension 'ros'
[0.157s] Level 1:colcon.colcon_core.package_identification:_identify(src/crazyswarm2/ros_ws/src/crazyswarm/scripts/crossing4_pps) by extensions ['cmake', 'python']
[0.157s] Level 1:colcon.colcon_core.package_identification:_identify(src/crazyswarm2/ros_ws/src/crazyswarm/scripts/crossing4_pps) by extension 'cmake'
[0.157s] Level 1:colcon.colcon_core.package_identification:_identify(src/crazyswarm2/ros_ws/src/crazyswarm/scripts/crossing4_pps) by extension 'python'
[0.157s] Level 1:colcon.colcon_core.package_identification:_identify(src/crazyswarm2/ros_ws/src/crazyswarm/scripts/crossing4_pps) by extensions ['python_setup_py']
[0.157s] Level 1:colcon.colcon_core.package_identification:_identify(src/crazyswarm2/ros_ws/src/crazyswarm/scripts/crossing4_pps) by extension 'python_setup_py'
[0.157s] Level 1:colcon.colcon_core.package_identification:_identify(src/crazyswarm2/ros_ws/src/crazyswarm/scripts/sequence_trajectories) by extensions ['ignore', 'ignore_ament_install']
[0.157s] Level 1:colcon.colcon_core.package_identification:_identify(src/crazyswarm2/ros_ws/src/crazyswarm/scripts/sequence_trajectories) by extension 'ignore'
[0.157s] Level 1:colcon.colcon_core.package_identification:_identify(src/crazyswarm2/ros_ws/src/crazyswarm/scripts/sequence_trajectories) by extension 'ignore_ament_install'
[0.157s] Level 1:colcon.colcon_core.package_identification:_identify(src/crazyswarm2/ros_ws/src/crazyswarm/scripts/sequence_trajectories) by extensions ['colcon_pkg']
[0.157s] Level 1:colcon.colcon_core.package_identification:_identify(src/crazyswarm2/ros_ws/src/crazyswarm/scripts/sequence_trajectories) by extension 'colcon_pkg'
[0.157s] Level 1:colcon.colcon_core.package_identification:_identify(src/crazyswarm2/ros_ws/src/crazyswarm/scripts/sequence_trajectories) by extensions ['colcon_meta']
[0.157s] Level 1:colcon.colcon_core.package_identification:_identify(src/crazyswarm2/ros_ws/src/crazyswarm/scripts/sequence_trajectories) by extension 'colcon_meta'
[0.157s] Level 1:colcon.colcon_core.package_identification:_identify(src/crazyswarm2/ros_ws/src/crazyswarm/scripts/sequence_trajectories) by extensions ['ros']
[0.157s] Level 1:colcon.colcon_core.package_identification:_identify(src/crazyswarm2/ros_ws/src/crazyswarm/scripts/sequence_trajectories) by extension 'ros'
[0.157s] Level 1:colcon.colcon_core.package_identification:_identify(src/crazyswarm2/ros_ws/src/crazyswarm/scripts/sequence_trajectories) by extensions ['cmake', 'python']
[0.157s] Level 1:colcon.colcon_core.package_identification:_identify(src/crazyswarm2/ros_ws/src/crazyswarm/scripts/sequence_trajectories) by extension 'cmake'
[0.157s] Level 1:colcon.colcon_core.package_identification:_identify(src/crazyswarm2/ros_ws/src/crazyswarm/scripts/sequence_trajectories) by extension 'python'
[0.157s] Level 1:colcon.colcon_core.package_identification:_identify(src/crazyswarm2/ros_ws/src/crazyswarm/scripts/sequence_trajectories) by extensions ['python_setup_py']
[0.157s] Level 1:colcon.colcon_core.package_identification:_identify(src/crazyswarm2/ros_ws/src/crazyswarm/scripts/sequence_trajectories) by extension 'python_setup_py'
[0.157s] Level 1:colcon.colcon_core.package_identification:_identify(src/crazyswarm2/ros_ws/src/crazyswarm/scripts/sequence_trajectories/1) by extensions ['ignore', 'ignore_ament_install']
[0.157s] Level 1:colcon.colcon_core.package_identification:_identify(src/crazyswarm2/ros_ws/src/crazyswarm/scripts/sequence_trajectories/1) by extension 'ignore'
[0.157s] Level 1:colcon.colcon_core.package_identification:_identify(src/crazyswarm2/ros_ws/src/crazyswarm/scripts/sequence_trajectories/1) by extension 'ignore_ament_install'
[0.157s] Level 1:colcon.colcon_core.package_identification:_identify(src/crazyswarm2/ros_ws/src/crazyswarm/scripts/sequence_trajectories/1) by extensions ['colcon_pkg']
[0.157s] Level 1:colcon.colcon_core.package_identification:_identify(src/crazyswarm2/ros_ws/src/crazyswarm/scripts/sequence_trajectories/1) by extension 'colcon_pkg'
[0.157s] Level 1:colcon.colcon_core.package_identification:_identify(src/crazyswarm2/ros_ws/src/crazyswarm/scripts/sequence_trajectories/1) by extensions ['colcon_meta']
[0.157s] Level 1:colcon.colcon_core.package_identification:_identify(src/crazyswarm2/ros_ws/src/crazyswarm/scripts/sequence_trajectories/1) by extension 'colcon_meta'
[0.157s] Level 1:colcon.colcon_core.package_identification:_identify(src/crazyswarm2/ros_ws/src/crazyswarm/scripts/sequence_trajectories/1) by extensions ['ros']
[0.157s] Level 1:colcon.colcon_core.package_identification:_identify(src/crazyswarm2/ros_ws/src/crazyswarm/scripts/sequence_trajectories/1) by extension 'ros'
[0.157s] Level 1:colcon.colcon_core.package_identification:_identify(src/crazyswarm2/ros_ws/src/crazyswarm/scripts/sequence_trajectories/1) by extensions ['cmake', 'python']
[0.157s] Level 1:colcon.colcon_core.package_identification:_identify(src/crazyswarm2/ros_ws/src/crazyswarm/scripts/sequence_trajectories/1) by extension 'cmake'
[0.157s] Level 1:colcon.colcon_core.package_identification:_identify(src/crazyswarm2/ros_ws/src/crazyswarm/scripts/sequence_trajectories/1) by extension 'python'
[0.157s] Level 1:colcon.colcon_core.package_identification:_identify(src/crazyswarm2/ros_ws/src/crazyswarm/scripts/sequence_trajectories/1) by extensions ['python_setup_py']
[0.157s] Level 1:colcon.colcon_core.package_identification:_identify(src/crazyswarm2/ros_ws/src/crazyswarm/scripts/sequence_trajectories/1) by extension 'python_setup_py'
[0.157s] Level 1:colcon.colcon_core.package_identification:_identify(src/crazyswarm2/ros_ws/src/crazyswarm/scripts/sequence_trajectories/2) by extensions ['ignore', 'ignore_ament_install']
[0.157s] Level 1:colcon.colcon_core.package_identification:_identify(src/crazyswarm2/ros_ws/src/crazyswarm/scripts/sequence_trajectories/2) by extension 'ignore'
[0.157s] Level 1:colcon.colcon_core.package_identification:_identify(src/crazyswarm2/ros_ws/src/crazyswarm/scripts/sequence_trajectories/2) by extension 'ignore_ament_install'
[0.157s] Level 1:colcon.colcon_core.package_identification:_identify(src/crazyswarm2/ros_ws/src/crazyswarm/scripts/sequence_trajectories/2) by extensions ['colcon_pkg']
[0.157s] Level 1:colcon.colcon_core.package_identification:_identify(src/crazyswarm2/ros_ws/src/crazyswarm/scripts/sequence_trajectories/2) by extension 'colcon_pkg'
[0.157s] Level 1:colcon.colcon_core.package_identification:_identify(src/crazyswarm2/ros_ws/src/crazyswarm/scripts/sequence_trajectories/2) by extensions ['colcon_meta']
[0.157s] Level 1:colcon.colcon_core.package_identification:_identify(src/crazyswarm2/ros_ws/src/crazyswarm/scripts/sequence_trajectories/2) by extension 'colcon_meta'
[0.157s] Level 1:colcon.colcon_core.package_identification:_identify(src/crazyswarm2/ros_ws/src/crazyswarm/scripts/sequence_trajectories/2) by extensions ['ros']
[0.157s] Level 1:colcon.colcon_core.package_identification:_identify(src/crazyswarm2/ros_ws/src/crazyswarm/scripts/sequence_trajectories/2) by extension 'ros'
[0.157s] Level 1:colcon.colcon_core.package_identification:_identify(src/crazyswarm2/ros_ws/src/crazyswarm/scripts/sequence_trajectories/2) by extensions ['cmake', 'python']
[0.157s] Level 1:colcon.colcon_core.package_identification:_identify(src/crazyswarm2/ros_ws/src/crazyswarm/scripts/sequence_trajectories/2) by extension 'cmake'
[0.157s] Level 1:colcon.colcon_core.package_identification:_identify(src/crazyswarm2/ros_ws/src/crazyswarm/scripts/sequence_trajectories/2) by extension 'python'
[0.157s] Level 1:colcon.colcon_core.package_identification:_identify(src/crazyswarm2/ros_ws/src/crazyswarm/scripts/sequence_trajectories/2) by extensions ['python_setup_py']
[0.157s] Level 1:colcon.colcon_core.package_identification:_identify(src/crazyswarm2/ros_ws/src/crazyswarm/scripts/sequence_trajectories/2) by extension 'python_setup_py'
[0.157s] Level 1:colcon.colcon_core.package_identification:_identify(src/crazyswarm2/ros_ws/src/crazyswarm/scripts/sequence_trajectories/3) by extensions ['ignore', 'ignore_ament_install']
[0.157s] Level 1:colcon.colcon_core.package_identification:_identify(src/crazyswarm2/ros_ws/src/crazyswarm/scripts/sequence_trajectories/3) by extension 'ignore'
[0.157s] Level 1:colcon.colcon_core.package_identification:_identify(src/crazyswarm2/ros_ws/src/crazyswarm/scripts/sequence_trajectories/3) by extension 'ignore_ament_install'
[0.158s] Level 1:colcon.colcon_core.package_identification:_identify(src/crazyswarm2/ros_ws/src/crazyswarm/scripts/sequence_trajectories/3) by extensions ['colcon_pkg']
[0.158s] Level 1:colcon.colcon_core.package_identification:_identify(src/crazyswarm2/ros_ws/src/crazyswarm/scripts/sequence_trajectories/3) by extension 'colcon_pkg'
[0.158s] Level 1:colcon.colcon_core.package_identification:_identify(src/crazyswarm2/ros_ws/src/crazyswarm/scripts/sequence_trajectories/3) by extensions ['colcon_meta']
[0.158s] Level 1:colcon.colcon_core.package_identification:_identify(src/crazyswarm2/ros_ws/src/crazyswarm/scripts/sequence_trajectories/3) by extension 'colcon_meta'
[0.158s] Level 1:colcon.colcon_core.package_identification:_identify(src/crazyswarm2/ros_ws/src/crazyswarm/scripts/sequence_trajectories/3) by extensions ['ros']
[0.158s] Level 1:colcon.colcon_core.package_identification:_identify(src/crazyswarm2/ros_ws/src/crazyswarm/scripts/sequence_trajectories/3) by extension 'ros'
[0.158s] Level 1:colcon.colcon_core.package_identification:_identify(src/crazyswarm2/ros_ws/src/crazyswarm/scripts/sequence_trajectories/3) by extensions ['cmake', 'python']
[0.158s] Level 1:colcon.colcon_core.package_identification:_identify(src/crazyswarm2/ros_ws/src/crazyswarm/scripts/sequence_trajectories/3) by extension 'cmake'
[0.158s] Level 1:colcon.colcon_core.package_identification:_identify(src/crazyswarm2/ros_ws/src/crazyswarm/scripts/sequence_trajectories/3) by extension 'python'
[0.158s] Level 1:colcon.colcon_core.package_identification:_identify(src/crazyswarm2/ros_ws/src/crazyswarm/scripts/sequence_trajectories/3) by extensions ['python_setup_py']
[0.158s] Level 1:colcon.colcon_core.package_identification:_identify(src/crazyswarm2/ros_ws/src/crazyswarm/scripts/sequence_trajectories/3) by extension 'python_setup_py'
[0.158s] Level 1:colcon.colcon_core.package_identification:_identify(src/crazyswarm2/ros_ws/src/crazyswarm/scripts/sequence_trajectories/4) by extensions ['ignore', 'ignore_ament_install']
[0.158s] Level 1:colcon.colcon_core.package_identification:_identify(src/crazyswarm2/ros_ws/src/crazyswarm/scripts/sequence_trajectories/4) by extension 'ignore'
[0.158s] Level 1:colcon.colcon_core.package_identification:_identify(src/crazyswarm2/ros_ws/src/crazyswarm/scripts/sequence_trajectories/4) by extension 'ignore_ament_install'
[0.158s] Level 1:colcon.colcon_core.package_identification:_identify(src/crazyswarm2/ros_ws/src/crazyswarm/scripts/sequence_trajectories/4) by extensions ['colcon_pkg']
[0.158s] Level 1:colcon.colcon_core.package_identification:_identify(src/crazyswarm2/ros_ws/src/crazyswarm/scripts/sequence_trajectories/4) by extension 'colcon_pkg'
[0.158s] Level 1:colcon.colcon_core.package_identification:_identify(src/crazyswarm2/ros_ws/src/crazyswarm/scripts/sequence_trajectories/4) by extensions ['colcon_meta']
[0.158s] Level 1:colcon.colcon_core.package_identification:_identify(src/crazyswarm2/ros_ws/src/crazyswarm/scripts/sequence_trajectories/4) by extension 'colcon_meta'
[0.158s] Level 1:colcon.colcon_core.package_identification:_identify(src/crazyswarm2/ros_ws/src/crazyswarm/scripts/sequence_trajectories/4) by extensions ['ros']
[0.158s] Level 1:colcon.colcon_core.package_identification:_identify(src/crazyswarm2/ros_ws/src/crazyswarm/scripts/sequence_trajectories/4) by extension 'ros'
[0.158s] Level 1:colcon.colcon_core.package_identification:_identify(src/crazyswarm2/ros_ws/src/crazyswarm/scripts/sequence_trajectories/4) by extensions ['cmake', 'python']
[0.158s] Level 1:colcon.colcon_core.package_identification:_identify(src/crazyswarm2/ros_ws/src/crazyswarm/scripts/sequence_trajectories/4) by extension 'cmake'
[0.158s] Level 1:colcon.colcon_core.package_identification:_identify(src/crazyswarm2/ros_ws/src/crazyswarm/scripts/sequence_trajectories/4) by extension 'python'
[0.158s] Level 1:colcon.colcon_core.package_identification:_identify(src/crazyswarm2/ros_ws/src/crazyswarm/scripts/sequence_trajectories/4) by extensions ['python_setup_py']
[0.158s] Level 1:colcon.colcon_core.package_identification:_identify(src/crazyswarm2/ros_ws/src/crazyswarm/scripts/sequence_trajectories/4) by extension 'python_setup_py'
[0.158s] Level 1:colcon.colcon_core.package_identification:_identify(src/crazyswarm2/ros_ws/src/crazyswarm/scripts/sequence_trajectories/5) by extensions ['ignore', 'ignore_ament_install']
[0.158s] Level 1:colcon.colcon_core.package_identification:_identify(src/crazyswarm2/ros_ws/src/crazyswarm/scripts/sequence_trajectories/5) by extension 'ignore'
[0.158s] Level 1:colcon.colcon_core.package_identification:_identify(src/crazyswarm2/ros_ws/src/crazyswarm/scripts/sequence_trajectories/5) by extension 'ignore_ament_install'
[0.158s] Level 1:colcon.colcon_core.package_identification:_identify(src/crazyswarm2/ros_ws/src/crazyswarm/scripts/sequence_trajectories/5) by extensions ['colcon_pkg']
[0.158s] Level 1:colcon.colcon_core.package_identification:_identify(src/crazyswarm2/ros_ws/src/crazyswarm/scripts/sequence_trajectories/5) by extension 'colcon_pkg'
[0.158s] Level 1:colcon.colcon_core.package_identification:_identify(src/crazyswarm2/ros_ws/src/crazyswarm/scripts/sequence_trajectories/5) by extensions ['colcon_meta']
[0.158s] Level 1:colcon.colcon_core.package_identification:_identify(src/crazyswarm2/ros_ws/src/crazyswarm/scripts/sequence_trajectories/5) by extension 'colcon_meta'
[0.158s] Level 1:colcon.colcon_core.package_identification:_identify(src/crazyswarm2/ros_ws/src/crazyswarm/scripts/sequence_trajectories/5) by extensions ['ros']
[0.158s] Level 1:colcon.colcon_core.package_identification:_identify(src/crazyswarm2/ros_ws/src/crazyswarm/scripts/sequence_trajectories/5) by extension 'ros'
[0.158s] Level 1:colcon.colcon_core.package_identification:_identify(src/crazyswarm2/ros_ws/src/crazyswarm/scripts/sequence_trajectories/5) by extensions ['cmake', 'python']
[0.158s] Level 1:colcon.colcon_core.package_identification:_identify(src/crazyswarm2/ros_ws/src/crazyswarm/scripts/sequence_trajectories/5) by extension 'cmake'
[0.158s] Level 1:colcon.colcon_core.package_identification:_identify(src/crazyswarm2/ros_ws/src/crazyswarm/scripts/sequence_trajectories/5) by extension 'python'
[0.158s] Level 1:colcon.colcon_core.package_identification:_identify(src/crazyswarm2/ros_ws/src/crazyswarm/scripts/sequence_trajectories/5) by extensions ['python_setup_py']
[0.158s] Level 1:colcon.colcon_core.package_identification:_identify(src/crazyswarm2/ros_ws/src/crazyswarm/scripts/sequence_trajectories/5) by extension 'python_setup_py'
[0.158s] Level 1:colcon.colcon_core.package_identification:_identify(src/crazyswarm2/ros_ws/src/crazyswarm/scripts/sequence_trajectories/6) by extensions ['ignore', 'ignore_ament_install']
[0.158s] Level 1:colcon.colcon_core.package_identification:_identify(src/crazyswarm2/ros_ws/src/crazyswarm/scripts/sequence_trajectories/6) by extension 'ignore'
[0.158s] Level 1:colcon.colcon_core.package_identification:_identify(src/crazyswarm2/ros_ws/src/crazyswarm/scripts/sequence_trajectories/6) by extension 'ignore_ament_install'
[0.158s] Level 1:colcon.colcon_core.package_identification:_identify(src/crazyswarm2/ros_ws/src/crazyswarm/scripts/sequence_trajectories/6) by extensions ['colcon_pkg']
[0.158s] Level 1:colcon.colcon_core.package_identification:_identify(src/crazyswarm2/ros_ws/src/crazyswarm/scripts/sequence_trajectories/6) by extension 'colcon_pkg'
[0.158s] Level 1:colcon.colcon_core.package_identification:_identify(src/crazyswarm2/ros_ws/src/crazyswarm/scripts/sequence_trajectories/6) by extensions ['colcon_meta']
[0.158s] Level 1:colcon.colcon_core.package_identification:_identify(src/crazyswarm2/ros_ws/src/crazyswarm/scripts/sequence_trajectories/6) by extension 'colcon_meta'
[0.158s] Level 1:colcon.colcon_core.package_identification:_identify(src/crazyswarm2/ros_ws/src/crazyswarm/scripts/sequence_trajectories/6) by extensions ['ros']
[0.158s] Level 1:colcon.colcon_core.package_identification:_identify(src/crazyswarm2/ros_ws/src/crazyswarm/scripts/sequence_trajectories/6) by extension 'ros'
[0.158s] Level 1:colcon.colcon_core.package_identification:_identify(src/crazyswarm2/ros_ws/src/crazyswarm/scripts/sequence_trajectories/6) by extensions ['cmake', 'python']
[0.158s] Level 1:colcon.colcon_core.package_identification:_identify(src/crazyswarm2/ros_ws/src/crazyswarm/scripts/sequence_trajectories/6) by extension 'cmake'
[0.158s] Level 1:colcon.colcon_core.package_identification:_identify(src/crazyswarm2/ros_ws/src/crazyswarm/scripts/sequence_trajectories/6) by extension 'python'
[0.158s] Level 1:colcon.colcon_core.package_identification:_identify(src/crazyswarm2/ros_ws/src/crazyswarm/scripts/sequence_trajectories/6) by extensions ['python_setup_py']
[0.158s] Level 1:colcon.colcon_core.package_identification:_identify(src/crazyswarm2/ros_ws/src/crazyswarm/scripts/sequence_trajectories/6) by extension 'python_setup_py'
[0.159s] Level 1:colcon.colcon_core.package_identification:_identify(src/crazyswarm2/ros_ws/src/crazyswarm/scripts/sequence_trajectories/7) by extensions ['ignore', 'ignore_ament_install']
[0.159s] Level 1:colcon.colcon_core.package_identification:_identify(src/crazyswarm2/ros_ws/src/crazyswarm/scripts/sequence_trajectories/7) by extension 'ignore'
[0.159s] Level 1:colcon.colcon_core.package_identification:_identify(src/crazyswarm2/ros_ws/src/crazyswarm/scripts/sequence_trajectories/7) by extension 'ignore_ament_install'
[0.159s] Level 1:colcon.colcon_core.package_identification:_identify(src/crazyswarm2/ros_ws/src/crazyswarm/scripts/sequence_trajectories/7) by extensions ['colcon_pkg']
[0.159s] Level 1:colcon.colcon_core.package_identification:_identify(src/crazyswarm2/ros_ws/src/crazyswarm/scripts/sequence_trajectories/7) by extension 'colcon_pkg'
[0.159s] Level 1:colcon.colcon_core.package_identification:_identify(src/crazyswarm2/ros_ws/src/crazyswarm/scripts/sequence_trajectories/7) by extensions ['colcon_meta']
[0.159s] Level 1:colcon.colcon_core.package_identification:_identify(src/crazyswarm2/ros_ws/src/crazyswarm/scripts/sequence_trajectories/7) by extension 'colcon_meta'
[0.159s] Level 1:colcon.colcon_core.package_identification:_identify(src/crazyswarm2/ros_ws/src/crazyswarm/scripts/sequence_trajectories/7) by extensions ['ros']
[0.159s] Level 1:colcon.colcon_core.package_identification:_identify(src/crazyswarm2/ros_ws/src/crazyswarm/scripts/sequence_trajectories/7) by extension 'ros'
[0.159s] Level 1:colcon.colcon_core.package_identification:_identify(src/crazyswarm2/ros_ws/src/crazyswarm/scripts/sequence_trajectories/7) by extensions ['cmake', 'python']
[0.159s] Level 1:colcon.colcon_core.package_identification:_identify(src/crazyswarm2/ros_ws/src/crazyswarm/scripts/sequence_trajectories/7) by extension 'cmake'
[0.159s] Level 1:colcon.colcon_core.package_identification:_identify(src/crazyswarm2/ros_ws/src/crazyswarm/scripts/sequence_trajectories/7) by extension 'python'
[0.159s] Level 1:colcon.colcon_core.package_identification:_identify(src/crazyswarm2/ros_ws/src/crazyswarm/scripts/sequence_trajectories/7) by extensions ['python_setup_py']
[0.159s] Level 1:colcon.colcon_core.package_identification:_identify(src/crazyswarm2/ros_ws/src/crazyswarm/scripts/sequence_trajectories/7) by extension 'python_setup_py'
[0.159s] Level 1:colcon.colcon_core.package_identification:_identify(src/crazyswarm2/ros_ws/src/crazyswarm/scripts/swap6v_pps) by extensions ['ignore', 'ignore_ament_install']
[0.159s] Level 1:colcon.colcon_core.package_identification:_identify(src/crazyswarm2/ros_ws/src/crazyswarm/scripts/swap6v_pps) by extension 'ignore'
[0.159s] Level 1:colcon.colcon_core.package_identification:_identify(src/crazyswarm2/ros_ws/src/crazyswarm/scripts/swap6v_pps) by extension 'ignore_ament_install'
[0.159s] Level 1:colcon.colcon_core.package_identification:_identify(src/crazyswarm2/ros_ws/src/crazyswarm/scripts/swap6v_pps) by extensions ['colcon_pkg']
[0.159s] Level 1:colcon.colcon_core.package_identification:_identify(src/crazyswarm2/ros_ws/src/crazyswarm/scripts/swap6v_pps) by extension 'colcon_pkg'
[0.159s] Level 1:colcon.colcon_core.package_identification:_identify(src/crazyswarm2/ros_ws/src/crazyswarm/scripts/swap6v_pps) by extensions ['colcon_meta']
[0.159s] Level 1:colcon.colcon_core.package_identification:_identify(src/crazyswarm2/ros_ws/src/crazyswarm/scripts/swap6v_pps) by extension 'colcon_meta'
[0.159s] Level 1:colcon.colcon_core.package_identification:_identify(src/crazyswarm2/ros_ws/src/crazyswarm/scripts/swap6v_pps) by extensions ['ros']
[0.159s] Level 1:colcon.colcon_core.package_identification:_identify(src/crazyswarm2/ros_ws/src/crazyswarm/scripts/swap6v_pps) by extension 'ros'
[0.159s] Level 1:colcon.colcon_core.package_identification:_identify(src/crazyswarm2/ros_ws/src/crazyswarm/scripts/swap6v_pps) by extensions ['cmake', 'python']
[0.159s] Level 1:colcon.colcon_core.package_identification:_identify(src/crazyswarm2/ros_ws/src/crazyswarm/scripts/swap6v_pps) by extension 'cmake'
[0.159s] Level 1:colcon.colcon_core.package_identification:_identify(src/crazyswarm2/ros_ws/src/crazyswarm/scripts/swap6v_pps) by extension 'python'
[0.159s] Level 1:colcon.colcon_core.package_identification:_identify(src/crazyswarm2/ros_ws/src/crazyswarm/scripts/swap6v_pps) by extensions ['python_setup_py']
[0.159s] Level 1:colcon.colcon_core.package_identification:_identify(src/crazyswarm2/ros_ws/src/crazyswarm/scripts/swap6v_pps) by extension 'python_setup_py'
[0.159s] Level 1:colcon.colcon_core.package_identification:_identify(src/crazyswarm2/systemtests) by extensions ['ignore', 'ignore_ament_install']
[0.159s] Level 1:colcon.colcon_core.package_identification:_identify(src/crazyswarm2/systemtests) by extension 'ignore'
[0.159s] Level 1:colcon.colcon_core.package_identification:_identify(src/crazyswarm2/systemtests) by extension 'ignore_ament_install'
[0.159s] Level 1:colcon.colcon_core.package_identification:_identify(src/crazyswarm2/systemtests) by extensions ['colcon_pkg']
[0.159s] Level 1:colcon.colcon_core.package_identification:_identify(src/crazyswarm2/systemtests) by extension 'colcon_pkg'
[0.159s] Level 1:colcon.colcon_core.package_identification:_identify(src/crazyswarm2/systemtests) by extensions ['colcon_meta']
[0.159s] Level 1:colcon.colcon_core.package_identification:_identify(src/crazyswarm2/systemtests) by extension 'colcon_meta'
[0.159s] Level 1:colcon.colcon_core.package_identification:_identify(src/crazyswarm2/systemtests) by extensions ['ros']
[0.159s] Level 1:colcon.colcon_core.package_identification:_identify(src/crazyswarm2/systemtests) by extension 'ros'
[0.159s] Level 1:colcon.colcon_core.package_identification:_identify(src/crazyswarm2/systemtests) by extensions ['cmake', 'python']
[0.159s] Level 1:colcon.colcon_core.package_identification:_identify(src/crazyswarm2/systemtests) by extension 'cmake'
[0.159s] Level 1:colcon.colcon_core.package_identification:_identify(src/crazyswarm2/systemtests) by extension 'python'
[0.159s] Level 1:colcon.colcon_core.package_identification:_identify(src/crazyswarm2/systemtests) by extensions ['python_setup_py']
[0.159s] Level 1:colcon.colcon_core.package_identification:_identify(src/crazyswarm2/systemtests) by extension 'python_setup_py'
[0.159s] Level 1:colcon.colcon_core.package_identification:_identify(src/crazyswarm2/systemtests/SDplotting) by extensions ['ignore', 'ignore_ament_install']
[0.159s] Level 1:colcon.colcon_core.package_identification:_identify(src/crazyswarm2/systemtests/SDplotting) by extension 'ignore'
[0.159s] Level 1:colcon.colcon_core.package_identification:_identify(src/crazyswarm2/systemtests/SDplotting) by extension 'ignore_ament_install'
[0.159s] Level 1:colcon.colcon_core.package_identification:_identify(src/crazyswarm2/systemtests/SDplotting) by extensions ['colcon_pkg']
[0.159s] Level 1:colcon.colcon_core.package_identification:_identify(src/crazyswarm2/systemtests/SDplotting) by extension 'colcon_pkg'
[0.159s] Level 1:colcon.colcon_core.package_identification:_identify(src/crazyswarm2/systemtests/SDplotting) by extensions ['colcon_meta']
[0.159s] Level 1:colcon.colcon_core.package_identification:_identify(src/crazyswarm2/systemtests/SDplotting) by extension 'colcon_meta'
[0.159s] Level 1:colcon.colcon_core.package_identification:_identify(src/crazyswarm2/systemtests/SDplotting) by extensions ['ros']
[0.159s] Level 1:colcon.colcon_core.package_identification:_identify(src/crazyswarm2/systemtests/SDplotting) by extension 'ros'
[0.159s] Level 1:colcon.colcon_core.package_identification:_identify(src/crazyswarm2/systemtests/SDplotting) by extensions ['cmake', 'python']
[0.159s] Level 1:colcon.colcon_core.package_identification:_identify(src/crazyswarm2/systemtests/SDplotting) by extension 'cmake'
[0.159s] Level 1:colcon.colcon_core.package_identification:_identify(src/crazyswarm2/systemtests/SDplotting) by extension 'python'
[0.159s] Level 1:colcon.colcon_core.package_identification:_identify(src/crazyswarm2/systemtests/SDplotting) by extensions ['python_setup_py']
[0.159s] Level 1:colcon.colcon_core.package_identification:_identify(src/crazyswarm2/systemtests/SDplotting) by extension 'python_setup_py'
[0.160s] Level 1:colcon.colcon_core.package_identification:_identify(src/my_crazyflie) by extensions ['ignore', 'ignore_ament_install']
[0.160s] Level 1:colcon.colcon_core.package_identification:_identify(src/my_crazyflie) by extension 'ignore'
[0.160s] Level 1:colcon.colcon_core.package_identification:_identify(src/my_crazyflie) by extension 'ignore_ament_install'
[0.160s] Level 1:colcon.colcon_core.package_identification:_identify(src/my_crazyflie) by extensions ['colcon_pkg']
[0.160s] Level 1:colcon.colcon_core.package_identification:_identify(src/my_crazyflie) by extension 'colcon_pkg'
[0.160s] Level 1:colcon.colcon_core.package_identification:_identify(src/my_crazyflie) by extensions ['colcon_meta']
[0.160s] Level 1:colcon.colcon_core.package_identification:_identify(src/my_crazyflie) by extension 'colcon_meta'
[0.160s] Level 1:colcon.colcon_core.package_identification:_identify(src/my_crazyflie) by extensions ['ros']
[0.160s] Level 1:colcon.colcon_core.package_identification:_identify(src/my_crazyflie) by extension 'ros'
[0.160s] DEBUG:colcon.colcon_core.package_identification:Package 'src/my_crazyflie' with type 'ros.ament_python' and name 'my_crazyflie'
[0.160s] Level 1:colcon.colcon_core.package_discovery:discover_packages(recursive) using defaults
[0.160s] Level 1:colcon.colcon_core.package_discovery:discover_packages(ignore) discover
[0.160s] Level 1:colcon.colcon_core.package_discovery:discover_packages(ignore) using defaults
[0.160s] Level 1:colcon.colcon_core.package_discovery:discover_packages(path) discover
[0.160s] Level 1:colcon.colcon_core.package_discovery:discover_packages(path) using defaults
[0.169s] INFO:colcon.colcon_metadata.metadata.colcon_pkg:Updating descriptor of package 'src/crazyswarm2/crazyflie_py' from colcon.pkg: {'python-testing': 'pytest'}
[0.171s] Level 1:colcon.colcon_core.package_discovery:discover_packages(prefix_path) check parameters
[0.171s] Level 1:colcon.colcon_core.package_discovery:discover_packages(prefix_path) discover
[0.171s] WARNING:colcon.colcon_ros.prefix_path.ament:The path '/home/iiitd/cf_ws/install/my_crazyflie' in the environment variable AMENT_PREFIX_PATH doesn't exist
[0.171s] WARNING:colcon.colcon_ros.prefix_path.ament:The path '/home/iiitd/cf_ws/install/crazyflie_sim' in the environment variable AMENT_PREFIX_PATH doesn't exist
[0.171s] WARNING:colcon.colcon_ros.prefix_path.ament:The path '/home/iiitd/cf_ws/install/crazyflie_server_py' in the environment variable AMENT_PREFIX_PATH doesn't exist
[0.171s] WARNING:colcon.colcon_ros.prefix_path.ament:The path '/home/iiitd/cf_ws/install/crazyflie_examples' in the environment variable AMENT_PREFIX_PATH doesn't exist
[0.171s] WARNING:colcon.colcon_ros.prefix_path.ament:The path '/home/iiitd/cf_ws/install/crazyflie_py' in the environment variable AMENT_PREFIX_PATH doesn't exist
[0.171s] WARNING:colcon.colcon_ros.prefix_path.ament:The path '/home/iiitd/cf_ws/install/crazyflie' in the environment variable AMENT_PREFIX_PATH doesn't exist
[0.171s] WARNING:colcon.colcon_ros.prefix_path.ament:The path '/home/iiitd/cf_ws/install/crazyflie_interfaces' in the environment variable AMENT_PREFIX_PATH doesn't exist
[0.171s] WARNING:colcon.colcon_ros.prefix_path.ament:The path '/home/iiitd/cf_ws/install/crazyflie_description' in the environment variable AMENT_PREFIX_PATH doesn't exist
[0.171s] WARNING:colcon.colcon_ros.prefix_path.catkin:The path '/home/iiitd/cf_ws/install/crazyflie_sim' in the environment variable CMAKE_PREFIX_PATH doesn't exist
[0.171s] WARNING:colcon.colcon_ros.prefix_path.catkin:The path '/home/iiitd/cf_ws/install/crazyflie_examples' in the environment variable CMAKE_PREFIX_PATH doesn't exist
[0.171s] WARNING:colcon.colcon_ros.prefix_path.catkin:The path '/home/iiitd/cf_ws/install/crazyflie' in the environment variable CMAKE_PREFIX_PATH doesn't exist
[0.171s] WARNING:colcon.colcon_ros.prefix_path.catkin:The path '/home/iiitd/cf_ws/install/crazyflie_interfaces' in the environment variable CMAKE_PREFIX_PATH doesn't exist
[0.171s] WARNING:colcon.colcon_ros.prefix_path.catkin:The path '/home/iiitd/cf_ws/install/crazyflie_description' in the environment variable CMAKE_PREFIX_PATH doesn't exist
[0.172s] DEBUG:colcon.colcon_installed_package_information.package_discovery:Found 0 installed packages in /home/iiitd/cf_ws/install
[0.172s] DEBUG:colcon.colcon_installed_package_information.package_discovery:Found 424 installed packages in /opt/ros/humble
[0.173s] Level 1:colcon.colcon_core.package_discovery:discover_packages(prefix_path) using defaults
[0.196s] Level 5:colcon.colcon_core.verb:set package 'crazyflie_description' build argument 'cmake_args' from command line to 'None'
[0.196s] Level 5:colcon.colcon_core.verb:set package 'crazyflie_description' build argument 'cmake_target' from command line to 'None'
[0.196s] Level 5:colcon.colcon_core.verb:set package 'crazyflie_description' build argument 'cmake_target_skip_unavailable' from command line to 'False'
[0.196s] Level 5:colcon.colcon_core.verb:set package 'crazyflie_description' build argument 'cmake_clean_cache' from command line to 'False'
[0.196s] Level 5:colcon.colcon_core.verb:set package 'crazyflie_description' build argument 'cmake_clean_first' from command line to 'False'
[0.196s] Level 5:colcon.colcon_core.verb:set package 'crazyflie_description' build argument 'cmake_force_configure' from command line to 'False'
[0.196s] Level 5:colcon.colcon_core.verb:set package 'crazyflie_description' build argument 'ament_cmake_args' from command line to 'None'
[0.196s] Level 5:colcon.colcon_core.verb:set package 'crazyflie_description' build argument 'catkin_cmake_args' from command line to 'None'
[0.196s] Level 5:colcon.colcon_core.verb:set package 'crazyflie_description' build argument 'catkin_skip_building_tests' from command line to 'False'
[0.196s] DEBUG:colcon.colcon_core.verb:Building package 'crazyflie_description' with the following arguments: {'ament_cmake_args': None, 'build_base': '/home/iiitd/cf_ws/build/crazyflie_description', 'catkin_cmake_args': None, 'catkin_skip_building_tests': False, 'cmake_args': None, 'cmake_clean_cache': False, 'cmake_clean_first': False, 'cmake_force_configure': False, 'cmake_target': None, 'cmake_target_skip_unavailable': False, 'install_base': '/home/iiitd/cf_ws/install/crazyflie_description', 'merge_install': False, 'path': '/home/iiitd/cf_ws/src/crazyswarm2/crazyflie_description', 'symlink_install': True, 'test_result_base': None}
[0.196s] Level 5:colcon.colcon_core.verb:set package 'crazyflie_interfaces' build argument 'cmake_args' from command line to 'None'
[0.196s] Level 5:colcon.colcon_core.verb:set package 'crazyflie_interfaces' build argument 'cmake_target' from command line to 'None'
[0.196s] Level 5:colcon.colcon_core.verb:set package 'crazyflie_interfaces' build argument 'cmake_target_skip_unavailable' from command line to 'False'
[0.196s] Level 5:colcon.colcon_core.verb:set package 'crazyflie_interfaces' build argument 'cmake_clean_cache' from command line to 'False'
[0.197s] Level 5:colcon.colcon_core.verb:set package 'crazyflie_interfaces' build argument 'cmake_clean_first' from command line to 'False'
[0.197s] Level 5:colcon.colcon_core.verb:set package 'crazyflie_interfaces' build argument 'cmake_force_configure' from command line to 'False'
[0.197s] Level 5:colcon.colcon_core.verb:set package 'crazyflie_interfaces' build argument 'ament_cmake_args' from command line to 'None'
[0.197s] Level 5:colcon.colcon_core.verb:set package 'crazyflie_interfaces' build argument 'catkin_cmake_args' from command line to 'None'
[0.197s] Level 5:colcon.colcon_core.verb:set package 'crazyflie_interfaces' build argument 'catkin_skip_building_tests' from command line to 'False'
[0.197s] DEBUG:colcon.colcon_core.verb:Building package 'crazyflie_interfaces' with the following arguments: {'ament_cmake_args': None, 'build_base': '/home/iiitd/cf_ws/build/crazyflie_interfaces', 'catkin_cmake_args': None, 'catkin_skip_building_tests': False, 'cmake_args': None, 'cmake_clean_cache': False, 'cmake_clean_first': False, 'cmake_force_configure': False, 'cmake_target': None, 'cmake_target_skip_unavailable': False, 'install_base': '/home/iiitd/cf_ws/install/crazyflie_interfaces', 'merge_install': False, 'path': '/home/iiitd/cf_ws/src/crazyswarm2/crazyflie_interfaces', 'symlink_install': True, 'test_result_base': None}
[0.197s] Level 5:colcon.colcon_core.verb:set package 'crazyflie' build argument 'cmake_args' from command line to 'None'
[0.197s] Level 5:colcon.colcon_core.verb:set package 'crazyflie' build argument 'cmake_target' from command line to 'None'
[0.197s] Level 5:colcon.colcon_core.verb:set package 'crazyflie' build argument 'cmake_target_skip_unavailable' from command line to 'False'
[0.197s] Level 5:colcon.colcon_core.verb:set package 'crazyflie' build argument 'cmake_clean_cache' from command line to 'False'
[0.197s] Level 5:colcon.colcon_core.verb:set package 'crazyflie' build argument 'cmake_clean_first' from command line to 'False'
[0.197s] Level 5:colcon.colcon_core.verb:set package 'crazyflie' build argument 'cmake_force_configure' from command line to 'False'
[0.197s] Level 5:colcon.colcon_core.verb:set package 'crazyflie' build argument 'ament_cmake_args' from command line to 'None'
[0.197s] Level 5:colcon.colcon_core.verb:set package 'crazyflie' build argument 'catkin_cmake_args' from command line to 'None'
[0.197s] Level 5:colcon.colcon_core.verb:set package 'crazyflie' build argument 'catkin_skip_building_tests' from command line to 'False'
[0.197s] DEBUG:colcon.colcon_core.verb:Building package 'crazyflie' with the following arguments: {'ament_cmake_args': None, 'build_base': '/home/iiitd/cf_ws/build/crazyflie', 'catkin_cmake_args': None, 'catkin_skip_building_tests': False, 'cmake_args': None, 'cmake_clean_cache': False, 'cmake_clean_first': False, 'cmake_force_configure': False, 'cmake_target': None, 'cmake_target_skip_unavailable': False, 'install_base': '/home/iiitd/cf_ws/install/crazyflie', 'merge_install': False, 'path': '/home/iiitd/cf_ws/src/crazyswarm2/crazyflie', 'symlink_install': True, 'test_result_base': None}
[0.197s] Level 5:colcon.colcon_core.verb:set package 'crazyflie_py' build argument 'cmake_args' from command line to 'None'
[0.197s] Level 5:colcon.colcon_core.verb:set package 'crazyflie_py' build argument 'cmake_target' from command line to 'None'
[0.197s] Level 5:colcon.colcon_core.verb:set package 'crazyflie_py' build argument 'cmake_target_skip_unavailable' from command line to 'False'
[0.197s] Level 5:colcon.colcon_core.verb:set package 'crazyflie_py' build argument 'cmake_clean_cache' from command line to 'False'
[0.197s] Level 5:colcon.colcon_core.verb:set package 'crazyflie_py' build argument 'cmake_clean_first' from command line to 'False'
[0.197s] Level 5:colcon.colcon_core.verb:set package 'crazyflie_py' build argument 'cmake_force_configure' from command line to 'False'
[0.197s] Level 5:colcon.colcon_core.verb:set package 'crazyflie_py' build argument 'ament_cmake_args' from command line to 'None'
[0.197s] Level 5:colcon.colcon_core.verb:set package 'crazyflie_py' build argument 'catkin_cmake_args' from command line to 'None'
[0.197s] Level 5:colcon.colcon_core.verb:set package 'crazyflie_py' build argument 'catkin_skip_building_tests' from command line to 'False'
[0.197s] DEBUG:colcon.colcon_core.verb:Building package 'crazyflie_py' with the following arguments: {'ament_cmake_args': None, 'build_base': '/home/iiitd/cf_ws/build/crazyflie_py', 'catkin_cmake_args': None, 'catkin_skip_building_tests': False, 'cmake_args': None, 'cmake_clean_cache': False, 'cmake_clean_first': False, 'cmake_force_configure': False, 'cmake_target': None, 'cmake_target_skip_unavailable': False, 'install_base': '/home/iiitd/cf_ws/install/crazyflie_py', 'merge_install': False, 'path': '/home/iiitd/cf_ws/src/crazyswarm2/crazyflie_py', 'symlink_install': True, 'test_result_base': None}
[0.197s] Level 5:colcon.colcon_core.verb:set package 'crazyflie_server_py' build argument 'cmake_args' from command line to 'None'
[0.197s] Level 5:colcon.colcon_core.verb:set package 'crazyflie_server_py' build argument 'cmake_target' from command line to 'None'
[0.197s] Level 5:colcon.colcon_core.verb:set package 'crazyflie_server_py' build argument 'cmake_target_skip_unavailable' from command line to 'False'
[0.197s] Level 5:colcon.colcon_core.verb:set package 'crazyflie_server_py' build argument 'cmake_clean_cache' from command line to 'False'
[0.197s] Level 5:colcon.colcon_core.verb:set package 'crazyflie_server_py' build argument 'cmake_clean_first' from command line to 'False'
[0.197s] Level 5:colcon.colcon_core.verb:set package 'crazyflie_server_py' build argument 'cmake_force_configure' from command line to 'False'
[0.197s] Level 5:colcon.colcon_core.verb:set package 'crazyflie_server_py' build argument 'ament_cmake_args' from command line to 'None'
[0.197s] Level 5:colcon.colcon_core.verb:set package 'crazyflie_server_py' build argument 'catkin_cmake_args' from command line to 'None'
[0.197s] Level 5:colcon.colcon_core.verb:set package 'crazyflie_server_py' build argument 'catkin_skip_building_tests' from command line to 'False'
[0.197s] DEBUG:colcon.colcon_core.verb:Building package 'crazyflie_server_py' with the following arguments: {'ament_cmake_args': None, 'build_base': '/home/iiitd/cf_ws/build/crazyflie_server_py', 'catkin_cmake_args': None, 'catkin_skip_building_tests': False, 'cmake_args': None, 'cmake_clean_cache': False, 'cmake_clean_first': False, 'cmake_force_configure': False, 'cmake_target': None, 'cmake_target_skip_unavailable': False, 'install_base': '/home/iiitd/cf_ws/install/crazyflie_server_py', 'merge_install': False, 'path': '/home/iiitd/cf_ws/src/crazyswarm2/crazyflie_server_py', 'symlink_install': True, 'test_result_base': None}
[0.197s] Level 5:colcon.colcon_core.verb:set package 'crazyflie_sim' build argument 'cmake_args' from command line to 'None'
[0.197s] Level 5:colcon.colcon_core.verb:set package 'crazyflie_sim' build argument 'cmake_target' from command line to 'None'
[0.197s] Level 5:colcon.colcon_core.verb:set package 'crazyflie_sim' build argument 'cmake_target_skip_unavailable' from command line to 'False'
[0.197s] Level 5:colcon.colcon_core.verb:set package 'crazyflie_sim' build argument 'cmake_clean_cache' from command line to 'False'
[0.197s] Level 5:colcon.colcon_core.verb:set package 'crazyflie_sim' build argument 'cmake_clean_first' from command line to 'False'
[0.197s] Level 5:colcon.colcon_core.verb:set package 'crazyflie_sim' build argument 'cmake_force_configure' from command line to 'False'
[0.197s] Level 5:colcon.colcon_core.verb:set package 'crazyflie_sim' build argument 'ament_cmake_args' from command line to 'None'
[0.197s] Level 5:colcon.colcon_core.verb:set package 'crazyflie_sim' build argument 'catkin_cmake_args' from command line to 'None'
[0.197s] Level 5:colcon.colcon_core.verb:set package 'crazyflie_sim' build argument 'catkin_skip_building_tests' from command line to 'False'
[0.197s] DEBUG:colcon.colcon_core.verb:Building package 'crazyflie_sim' with the following arguments: {'ament_cmake_args': None, 'build_base': '/home/iiitd/cf_ws/build/crazyflie_sim', 'catkin_cmake_args': None, 'catkin_skip_building_tests': False, 'cmake_args': None, 'cmake_clean_cache': False, 'cmake_clean_first': False, 'cmake_force_configure': False, 'cmake_target': None, 'cmake_target_skip_unavailable': False, 'install_base': '/home/iiitd/cf_ws/install/crazyflie_sim', 'merge_install': False, 'path': '/home/iiitd/cf_ws/src/crazyswarm2/crazyflie_sim', 'symlink_install': True, 'test_result_base': None}
[0.198s] Level 5:colcon.colcon_core.verb:set package 'my_crazyflie' build argument 'cmake_args' from command line to 'None'
[0.198s] Level 5:colcon.colcon_core.verb:set package 'my_crazyflie' build argument 'cmake_target' from command line to 'None'
[0.198s] Level 5:colcon.colcon_core.verb:set package 'my_crazyflie' build argument 'cmake_target_skip_unavailable' from command line to 'False'
[0.198s] Level 5:colcon.colcon_core.verb:set package 'my_crazyflie' build argument 'cmake_clean_cache' from command line to 'False'
[0.198s] Level 5:colcon.colcon_core.verb:set package 'my_crazyflie' build argument 'cmake_clean_first' from command line to 'False'
[0.198s] Level 5:colcon.colcon_core.verb:set package 'my_crazyflie' build argument 'cmake_force_configure' from command line to 'False'
[0.198s] Level 5:colcon.colcon_core.verb:set package 'my_crazyflie' build argument 'ament_cmake_args' from command line to 'None'
[0.198s] Level 5:colcon.colcon_core.verb:set package 'my_crazyflie' build argument 'catkin_cmake_args' from command line to 'None'
[0.198s] Level 5:colcon.colcon_core.verb:set package 'my_crazyflie' build argument 'catkin_skip_building_tests' from command line to 'False'
[0.198s] DEBUG:colcon.colcon_core.verb:Building package 'my_crazyflie' with the following arguments: {'ament_cmake_args': None, 'build_base': '/home/iiitd/cf_ws/build/my_crazyflie', 'catkin_cmake_args': None, 'catkin_skip_building_tests': False, 'cmake_args': None, 'cmake_clean_cache': False, 'cmake_clean_first': False, 'cmake_force_configure': False, 'cmake_target': None, 'cmake_target_skip_unavailable': False, 'install_base': '/home/iiitd/cf_ws/install/my_crazyflie', 'merge_install': False, 'path': '/home/iiitd/cf_ws/src/my_crazyflie', 'symlink_install': True, 'test_result_base': None}
[0.198s] Level 5:colcon.colcon_core.verb:set package 'crazyflie_examples' build argument 'cmake_args' from command line to 'None'
[0.198s] Level 5:colcon.colcon_core.verb:set package 'crazyflie_examples' build argument 'cmake_target' from command line to 'None'
[0.198s] Level 5:colcon.colcon_core.verb:set package 'crazyflie_examples' build argument 'cmake_target_skip_unavailable' from command line to 'False'
[0.198s] Level 5:colcon.colcon_core.verb:set package 'crazyflie_examples' build argument 'cmake_clean_cache' from command line to 'False'
[0.198s] Level 5:colcon.colcon_core.verb:set package 'crazyflie_examples' build argument 'cmake_clean_first' from command line to 'False'
[0.198s] Level 5:colcon.colcon_core.verb:set package 'crazyflie_examples' build argument 'cmake_force_configure' from command line to 'False'
[0.198s] Level 5:colcon.colcon_core.verb:set package 'crazyflie_examples' build argument 'ament_cmake_args' from command line to 'None'
[0.198s] Level 5:colcon.colcon_core.verb:set package 'crazyflie_examples' build argument 'catkin_cmake_args' from command line to 'None'
[0.198s] Level 5:colcon.colcon_core.verb:set package 'crazyflie_examples' build argument 'catkin_skip_building_tests' from command line to 'False'
[0.198s] DEBUG:colcon.colcon_core.verb:Building package 'crazyflie_examples' with the following arguments: {'ament_cmake_args': None, 'build_base': '/home/iiitd/cf_ws/build/crazyflie_examples', 'catkin_cmake_args': None, 'catkin_skip_building_tests': False, 'cmake_args': None, 'cmake_clean_cache': False, 'cmake_clean_first': False, 'cmake_force_configure': False, 'cmake_target': None, 'cmake_target_skip_unavailable': False, 'install_base': '/home/iiitd/cf_ws/install/crazyflie_examples', 'merge_install': False, 'path': '/home/iiitd/cf_ws/src/crazyswarm2/crazyflie_examples', 'symlink_install': True, 'test_result_base': None}
[0.198s] INFO:colcon.colcon_core.executor:Executing jobs using 'parallel' executor
[0.199s] DEBUG:colcon.colcon_parallel_executor.executor.parallel:run_until_complete
[0.199s] INFO:colcon.colcon_ros.task.ament_cmake.build:Building ROS package in '/home/iiitd/cf_ws/src/crazyswarm2/crazyflie_interfaces' with build type 'ament_cmake'
[0.199s] INFO:colcon.colcon_cmake.task.cmake.build:Building CMake package in '/home/iiitd/cf_ws/src/crazyswarm2/crazyflie_interfaces'
[0.200s] INFO:colcon.colcon_core.plugin_system:Skipping extension 'colcon_core.shell.bat': Not used on non-Windows systems
[0.200s] INFO:colcon.colcon_core.shell:Skip shell extension 'powershell' for command environment: Not usable outside of PowerShell
[0.200s] DEBUG:colcon.colcon_core.shell:Skip shell extension 'dsv' for command environment
[0.202s] INFO:colcon.colcon_ros.task.ament_cmake.build:Building ROS package in '/home/iiitd/cf_ws/src/crazyswarm2/crazyflie_description' with build type 'ament_cmake'
[0.202s] INFO:colcon.colcon_cmake.task.cmake.build:Building CMake package in '/home/iiitd/cf_ws/src/crazyswarm2/crazyflie_description'
[0.203s] INFO:colcon.colcon_core.shell:Skip shell extension 'powershell' for command environment: Not usable outside of PowerShell
[0.203s] DEBUG:colcon.colcon_core.shell:Skip shell extension 'dsv' for command environment
[0.206s] DEBUG:colcon.colcon_core.event_handler.log_command:Invoking command in '/home/iiitd/cf_ws/build/crazyflie_interfaces': CMAKE_PREFIX_PATH=${CMAKE_PREFIX_PATH}:/home/iiitd/cf_ws/install/my_crazyflie:/home/iiitd/cf_ws/install/crazyflie_server_py:/home/iiitd/cf_ws/install/crazyflie_py:/opt/ros/humble /usr/bin/cmake /home/iiitd/cf_ws/src/crazyswarm2/crazyflie_interfaces -DAMENT_CMAKE_SYMLINK_INSTALL=1 -DCMAKE_INSTALL_PREFIX=/home/iiitd/cf_ws/install/crazyflie_interfaces
[0.208s] DEBUG:colcon.colcon_core.event_handler.log_command:Invoking command in '/home/iiitd/cf_ws/build/crazyflie_description': CMAKE_PREFIX_PATH=${CMAKE_PREFIX_PATH}:/home/iiitd/cf_ws/install/my_crazyflie:/home/iiitd/cf_ws/install/crazyflie_server_py:/home/iiitd/cf_ws/install/crazyflie_py:/opt/ros/humble /usr/bin/cmake /home/iiitd/cf_ws/src/crazyswarm2/crazyflie_description -DAMENT_CMAKE_SYMLINK_INSTALL=1 -DCMAKE_INSTALL_PREFIX=/home/iiitd/cf_ws/install/crazyflie_description
[0.660s] DEBUG:colcon.colcon_core.event_handler.log_command:Invoked command in '/home/iiitd/cf_ws/build/crazyflie_description' returned '0': CMAKE_PREFIX_PATH=${CMAKE_PREFIX_PATH}:/home/iiitd/cf_ws/install/my_crazyflie:/home/iiitd/cf_ws/install/crazyflie_server_py:/home/iiitd/cf_ws/install/crazyflie_py:/opt/ros/humble /usr/bin/cmake /home/iiitd/cf_ws/src/crazyswarm2/crazyflie_description -DAMENT_CMAKE_SYMLINK_INSTALL=1 -DCMAKE_INSTALL_PREFIX=/home/iiitd/cf_ws/install/crazyflie_description
[0.662s] DEBUG:colcon.colcon_core.event_handler.log_command:Invoking command in '/home/iiitd/cf_ws/build/crazyflie_description': CMAKE_PREFIX_PATH=${CMAKE_PREFIX_PATH}:/home/iiitd/cf_ws/install/my_crazyflie:/home/iiitd/cf_ws/install/crazyflie_server_py:/home/iiitd/cf_ws/install/crazyflie_py:/opt/ros/humble /usr/bin/cmake --build /home/iiitd/cf_ws/build/crazyflie_description -- -j28 -l28
[0.689s] DEBUG:colcon.colcon_core.event_handler.log_command:Invoked command in '/home/iiitd/cf_ws/build/crazyflie_description' returned '0': CMAKE_PREFIX_PATH=${CMAKE_PREFIX_PATH}:/home/iiitd/cf_ws/install/my_crazyflie:/home/iiitd/cf_ws/install/crazyflie_server_py:/home/iiitd/cf_ws/install/crazyflie_py:/opt/ros/humble /usr/bin/cmake --build /home/iiitd/cf_ws/build/crazyflie_description -- -j28 -l28
[0.696s] DEBUG:colcon.colcon_core.event_handler.log_command:Invoking command in '/home/iiitd/cf_ws/build/crazyflie_description': CMAKE_PREFIX_PATH=${CMAKE_PREFIX_PATH}:/home/iiitd/cf_ws/install/my_crazyflie:/home/iiitd/cf_ws/install/crazyflie_server_py:/home/iiitd/cf_ws/install/crazyflie_py:/opt/ros/humble /usr/bin/cmake --install /home/iiitd/cf_ws/build/crazyflie_description
[0.797s] Level 1:colcon.colcon_core.environment:create_environment_scripts_only(crazyflie_description)
[0.797s] DEBUG:colcon.colcon_core.event_handler.log_command:Invoked command in '/home/iiitd/cf_ws/build/crazyflie_description' returned '0': CMAKE_PREFIX_PATH=${CMAKE_PREFIX_PATH}:/home/iiitd/cf_ws/install/my_crazyflie:/home/iiitd/cf_ws/install/crazyflie_server_py:/home/iiitd/cf_ws/install/crazyflie_py:/opt/ros/humble /usr/bin/cmake --install /home/iiitd/cf_ws/build/crazyflie_description
[0.799s] Level 1:colcon.colcon_core.environment:checking '/home/iiitd/cf_ws/install/crazyflie_description' for CMake module files
[0.799s] Level 1:colcon.colcon_core.environment:checking '/home/iiitd/cf_ws/install/crazyflie_description' for CMake config files
[0.800s] Level 1:colcon.colcon_core.shell:create_environment_hook('crazyflie_description', 'cmake_prefix_path')
[0.800s] INFO:colcon.colcon_core.shell:Creating environment hook '/home/iiitd/cf_ws/install/crazyflie_description/share/crazyflie_description/hook/cmake_prefix_path.ps1'
[0.800s] INFO:colcon.colcon_core.shell:Creating environment descriptor '/home/iiitd/cf_ws/install/crazyflie_description/share/crazyflie_description/hook/cmake_prefix_path.dsv'
[0.801s] INFO:colcon.colcon_core.shell:Creating environment hook '/home/iiitd/cf_ws/install/crazyflie_description/share/crazyflie_description/hook/cmake_prefix_path.sh'
[0.801s] Level 1:colcon.colcon_core.environment:checking '/home/iiitd/cf_ws/install/crazyflie_description/bin'
[0.801s] Level 1:colcon.colcon_core.environment:checking '/home/iiitd/cf_ws/install/crazyflie_description/lib/pkgconfig/crazyflie_description.pc'
[0.802s] Level 1:colcon.colcon_core.environment:checking '/home/iiitd/cf_ws/install/crazyflie_description/lib/python3.10/site-packages'
[0.802s] Level 1:colcon.colcon_core.environment:checking '/home/iiitd/cf_ws/install/crazyflie_description/bin'
[0.802s] INFO:colcon.colcon_core.shell:Creating package script '/home/iiitd/cf_ws/install/crazyflie_description/share/crazyflie_description/package.ps1'
[0.803s] INFO:colcon.colcon_core.shell:Creating package descriptor '/home/iiitd/cf_ws/install/crazyflie_description/share/crazyflie_description/package.dsv'
[0.803s] INFO:colcon.colcon_core.shell:Creating package script '/home/iiitd/cf_ws/install/crazyflie_description/share/crazyflie_description/package.sh'
[0.804s] INFO:colcon.colcon_core.shell:Creating package script '/home/iiitd/cf_ws/install/crazyflie_description/share/crazyflie_description/package.bash'
[0.804s] INFO:colcon.colcon_core.shell:Creating package script '/home/iiitd/cf_ws/install/crazyflie_description/share/crazyflie_description/package.zsh'
[0.804s] Level 1:colcon.colcon_core.environment:create_file_with_runtime_dependencies(/home/iiitd/cf_ws/install/crazyflie_description/share/colcon-core/packages/crazyflie_description)
[0.804s] Level 1:colcon.colcon_core.environment:create_environment_scripts_only(crazyflie_description)
[0.805s] Level 1:colcon.colcon_core.environment:checking '/home/iiitd/cf_ws/install/crazyflie_description' for CMake module files
[0.805s] Level 1:colcon.colcon_core.environment:checking '/home/iiitd/cf_ws/install/crazyflie_description' for CMake config files
[0.805s] Level 1:colcon.colcon_core.shell:create_environment_hook('crazyflie_description', 'cmake_prefix_path')
[0.805s] INFO:colcon.colcon_core.shell:Creating environment hook '/home/iiitd/cf_ws/install/crazyflie_description/share/crazyflie_description/hook/cmake_prefix_path.ps1'
[0.805s] INFO:colcon.colcon_core.shell:Creating environment descriptor '/home/iiitd/cf_ws/install/crazyflie_description/share/crazyflie_description/hook/cmake_prefix_path.dsv'
[0.805s] INFO:colcon.colcon_core.shell:Creating environment hook '/home/iiitd/cf_ws/install/crazyflie_description/share/crazyflie_description/hook/cmake_prefix_path.sh'
[0.805s] Level 1:colcon.colcon_core.environment:checking '/home/iiitd/cf_ws/install/crazyflie_description/bin'
[0.806s] Level 1:colcon.colcon_core.environment:checking '/home/iiitd/cf_ws/install/crazyflie_description/lib/pkgconfig/crazyflie_description.pc'
[0.806s] Level 1:colcon.colcon_core.environment:checking '/home/iiitd/cf_ws/install/crazyflie_description/lib/python3.10/site-packages'
[0.806s] Level 1:colcon.colcon_core.environment:checking '/home/iiitd/cf_ws/install/crazyflie_description/bin'
[0.806s] INFO:colcon.colcon_core.shell:Creating package script '/home/iiitd/cf_ws/install/crazyflie_description/share/crazyflie_description/package.ps1'
[0.806s] INFO:colcon.colcon_core.shell:Creating package descriptor '/home/iiitd/cf_ws/install/crazyflie_description/share/crazyflie_description/package.dsv'
[0.806s] INFO:colcon.colcon_core.shell:Creating package script '/home/iiitd/cf_ws/install/crazyflie_description/share/crazyflie_description/package.sh'
[0.807s] INFO:colcon.colcon_core.shell:Creating package script '/home/iiitd/cf_ws/install/crazyflie_description/share/crazyflie_description/package.bash'
[0.807s] INFO:colcon.colcon_core.shell:Creating package script '/home/iiitd/cf_ws/install/crazyflie_description/share/crazyflie_description/package.zsh'
[0.807s] Level 1:colcon.colcon_core.environment:create_file_with_runtime_dependencies(/home/iiitd/cf_ws/install/crazyflie_description/share/colcon-core/packages/crazyflie_description)
[1.433s] DEBUG:colcon.colcon_core.event_handler.log_command:Invoked command in '/home/iiitd/cf_ws/build/crazyflie_interfaces' returned '0': CMAKE_PREFIX_PATH=${CMAKE_PREFIX_PATH}:/home/iiitd/cf_ws/install/my_crazyflie:/home/iiitd/cf_ws/install/crazyflie_server_py:/home/iiitd/cf_ws/install/crazyflie_py:/opt/ros/humble /usr/bin/cmake /home/iiitd/cf_ws/src/crazyswarm2/crazyflie_interfaces -DAMENT_CMAKE_SYMLINK_INSTALL=1 -DCMAKE_INSTALL_PREFIX=/home/iiitd/cf_ws/install/crazyflie_interfaces
[1.434s] DEBUG:colcon.colcon_core.event_handler.log_command:Invoking command in '/home/iiitd/cf_ws/build/crazyflie_interfaces': CMAKE_PREFIX_PATH=${CMAKE_PREFIX_PATH}:/home/iiitd/cf_ws/install/my_crazyflie:/home/iiitd/cf_ws/install/crazyflie_server_py:/home/iiitd/cf_ws/install/crazyflie_py:/opt/ros/humble /usr/bin/cmake --build /home/iiitd/cf_ws/build/crazyflie_interfaces -- -j28 -l28
[5.796s] DEBUG:colcon.colcon_core.event_handler.log_command:Invoked command in '/home/iiitd/cf_ws/build/crazyflie_interfaces' returned '0': CMAKE_PREFIX_PATH=${CMAKE_PREFIX_PATH}:/home/iiitd/cf_ws/install/my_crazyflie:/home/iiitd/cf_ws/install/crazyflie_server_py:/home/iiitd/cf_ws/install/crazyflie_py:/opt/ros/humble /usr/bin/cmake --build /home/iiitd/cf_ws/build/crazyflie_interfaces -- -j28 -l28
[5.797s] DEBUG:colcon.colcon_core.event_handler.log_command:Invoking command in '/home/iiitd/cf_ws/build/crazyflie_interfaces': CMAKE_PREFIX_PATH=${CMAKE_PREFIX_PATH}:/home/iiitd/cf_ws/install/my_crazyflie:/home/iiitd/cf_ws/install/crazyflie_server_py:/home/iiitd/cf_ws/install/crazyflie_py:/opt/ros/humble /usr/bin/cmake --install /home/iiitd/cf_ws/build/crazyflie_interfaces
[8.022s] Level 1:colcon.colcon_core.environment:create_environment_scripts_only(crazyflie_interfaces)
[8.022s] DEBUG:colcon.colcon_core.event_handler.log_command:Invoked command in '/home/iiitd/cf_ws/build/crazyflie_interfaces' returned '0': CMAKE_PREFIX_PATH=${CMAKE_PREFIX_PATH}:/home/iiitd/cf_ws/install/my_crazyflie:/home/iiitd/cf_ws/install/crazyflie_server_py:/home/iiitd/cf_ws/install/crazyflie_py:/opt/ros/humble /usr/bin/cmake --install /home/iiitd/cf_ws/build/crazyflie_interfaces
[8.022s] Level 1:colcon.colcon_core.environment:checking '/home/iiitd/cf_ws/install/crazyflie_interfaces' for CMake module files
[8.023s] Level 1:colcon.colcon_core.environment:checking '/home/iiitd/cf_ws/install/crazyflie_interfaces' for CMake config files
[8.024s] Level 1:colcon.colcon_core.shell:create_environment_hook('crazyflie_interfaces', 'cmake_prefix_path')
[8.024s] INFO:colcon.colcon_core.shell:Creating environment hook '/home/iiitd/cf_ws/install/crazyflie_interfaces/share/crazyflie_interfaces/hook/cmake_prefix_path.ps1'
[8.024s] INFO:colcon.colcon_core.shell:Creating environment descriptor '/home/iiitd/cf_ws/install/crazyflie_interfaces/share/crazyflie_interfaces/hook/cmake_prefix_path.dsv'
[8.024s] INFO:colcon.colcon_core.shell:Creating environment hook '/home/iiitd/cf_ws/install/crazyflie_interfaces/share/crazyflie_interfaces/hook/cmake_prefix_path.sh'
[8.025s] Level 1:colcon.colcon_core.environment:checking '/home/iiitd/cf_ws/install/crazyflie_interfaces/lib'
[8.025s] Level 1:colcon.colcon_core.shell:create_environment_hook('crazyflie_interfaces', 'ld_library_path_lib')
[8.025s] INFO:colcon.colcon_core.shell:Creating environment hook '/home/iiitd/cf_ws/install/crazyflie_interfaces/share/crazyflie_interfaces/hook/ld_library_path_lib.ps1'
[8.025s] INFO:colcon.colcon_core.shell:Creating environment descriptor '/home/iiitd/cf_ws/install/crazyflie_interfaces/share/crazyflie_interfaces/hook/ld_library_path_lib.dsv'
[8.026s] INFO:colcon.colcon_core.shell:Creating environment hook '/home/iiitd/cf_ws/install/crazyflie_interfaces/share/crazyflie_interfaces/hook/ld_library_path_lib.sh'
[8.026s] Level 1:colcon.colcon_core.environment:checking '/home/iiitd/cf_ws/install/crazyflie_interfaces/bin'
[8.026s] Level 1:colcon.colcon_core.environment:checking '/home/iiitd/cf_ws/install/crazyflie_interfaces/lib/pkgconfig/crazyflie_interfaces.pc'
[8.026s] Level 1:colcon.colcon_core.environment:checking '/home/iiitd/cf_ws/install/crazyflie_interfaces/lib/python3.10/site-packages'
[8.026s] Level 1:colcon.colcon_core.environment:checking '/home/iiitd/cf_ws/install/crazyflie_interfaces/bin'
[8.027s] INFO:colcon.colcon_core.shell:Creating package script '/home/iiitd/cf_ws/install/crazyflie_interfaces/share/crazyflie_interfaces/package.ps1'
[8.027s] INFO:colcon.colcon_core.shell:Creating package descriptor '/home/iiitd/cf_ws/install/crazyflie_interfaces/share/crazyflie_interfaces/package.dsv'
[8.027s] INFO:colcon.colcon_core.shell:Creating package script '/home/iiitd/cf_ws/install/crazyflie_interfaces/share/crazyflie_interfaces/package.sh'
[8.028s] INFO:colcon.colcon_core.shell:Creating package script '/home/iiitd/cf_ws/install/crazyflie_interfaces/share/crazyflie_interfaces/package.bash'
[8.028s] INFO:colcon.colcon_core.shell:Creating package script '/home/iiitd/cf_ws/install/crazyflie_interfaces/share/crazyflie_interfaces/package.zsh'
[8.028s] Level 1:colcon.colcon_core.environment:create_file_with_runtime_dependencies(/home/iiitd/cf_ws/install/crazyflie_interfaces/share/colcon-core/packages/crazyflie_interfaces)
[8.028s] Level 1:colcon.colcon_core.environment:create_environment_scripts_only(crazyflie_interfaces)
[8.029s] Level 1:colcon.colcon_core.environment:checking '/home/iiitd/cf_ws/install/crazyflie_interfaces' for CMake module files
[8.029s] Level 1:colcon.colcon_core.environment:checking '/home/iiitd/cf_ws/install/crazyflie_interfaces' for CMake config files
[8.030s] Level 1:colcon.colcon_core.shell:create_environment_hook('crazyflie_interfaces', 'cmake_prefix_path')
[8.030s] INFO:colcon.colcon_core.shell:Creating environment hook '/home/iiitd/cf_ws/install/crazyflie_interfaces/share/crazyflie_interfaces/hook/cmake_prefix_path.ps1'
[8.030s] INFO:colcon.colcon_core.shell:Creating environment descriptor '/home/iiitd/cf_ws/install/crazyflie_interfaces/share/crazyflie_interfaces/hook/cmake_prefix_path.dsv'
[8.030s] INFO:colcon.colcon_core.shell:Creating environment hook '/home/iiitd/cf_ws/install/crazyflie_interfaces/share/crazyflie_interfaces/hook/cmake_prefix_path.sh'
[8.031s] Level 1:colcon.colcon_core.environment:checking '/home/iiitd/cf_ws/install/crazyflie_interfaces/lib'
[8.031s] Level 1:colcon.colcon_core.shell:create_environment_hook('crazyflie_interfaces', 'ld_library_path_lib')
[8.031s] INFO:colcon.colcon_core.shell:Creating environment hook '/home/iiitd/cf_ws/install/crazyflie_interfaces/share/crazyflie_interfaces/hook/ld_library_path_lib.ps1'
[8.031s] INFO:colcon.colcon_core.shell:Creating environment descriptor '/home/iiitd/cf_ws/install/crazyflie_interfaces/share/crazyflie_interfaces/hook/ld_library_path_lib.dsv'
[8.031s] INFO:colcon.colcon_core.shell:Creating environment hook '/home/iiitd/cf_ws/install/crazyflie_interfaces/share/crazyflie_interfaces/hook/ld_library_path_lib.sh'
[8.032s] Level 1:colcon.colcon_core.environment:checking '/home/iiitd/cf_ws/install/crazyflie_interfaces/bin'
[8.032s] Level 1:colcon.colcon_core.environment:checking '/home/iiitd/cf_ws/install/crazyflie_interfaces/lib/pkgconfig/crazyflie_interfaces.pc'
[8.032s] Level 1:colcon.colcon_core.environment:checking '/home/iiitd/cf_ws/install/crazyflie_interfaces/lib/python3.10/site-packages'
[8.032s] Level 1:colcon.colcon_core.environment:checking '/home/iiitd/cf_ws/install/crazyflie_interfaces/bin'
[8.032s] INFO:colcon.colcon_core.shell:Creating package script '/home/iiitd/cf_ws/install/crazyflie_interfaces/share/crazyflie_interfaces/package.ps1'
[8.033s] INFO:colcon.colcon_core.shell:Creating package descriptor '/home/iiitd/cf_ws/install/crazyflie_interfaces/share/crazyflie_interfaces/package.dsv'
[8.033s] INFO:colcon.colcon_core.shell:Creating package script '/home/iiitd/cf_ws/install/crazyflie_interfaces/share/crazyflie_interfaces/package.sh'
[8.033s] INFO:colcon.colcon_core.shell:Creating package script '/home/iiitd/cf_ws/install/crazyflie_interfaces/share/crazyflie_interfaces/package.bash'
[8.034s] INFO:colcon.colcon_core.shell:Creating package script '/home/iiitd/cf_ws/install/crazyflie_interfaces/share/crazyflie_interfaces/package.zsh'
[8.034s] Level 1:colcon.colcon_core.environment:create_file_with_runtime_dependencies(/home/iiitd/cf_ws/install/crazyflie_interfaces/share/colcon-core/packages/crazyflie_interfaces)
[8.034s] INFO:colcon.colcon_ros.task.ament_python.build:Building ROS package in '/home/iiitd/cf_ws/src/crazyswarm2/crazyflie_py' with build type 'ament_python'
[8.034s] Level 1:colcon.colcon_core.shell:create_environment_hook('crazyflie_py', 'ament_prefix_path')
[8.035s] INFO:colcon.colcon_core.shell:Creating environment hook '/home/iiitd/cf_ws/install/crazyflie_py/share/crazyflie_py/hook/ament_prefix_path.ps1'
[8.035s] INFO:colcon.colcon_core.shell:Creating environment descriptor '/home/iiitd/cf_ws/install/crazyflie_py/share/crazyflie_py/hook/ament_prefix_path.dsv'
[8.035s] INFO:colcon.colcon_core.shell:Creating environment hook '/home/iiitd/cf_ws/install/crazyflie_py/share/crazyflie_py/hook/ament_prefix_path.sh'
[8.036s] INFO:colcon.colcon_core.shell:Skip shell extension 'powershell' for command environment: Not usable outside of PowerShell
[8.036s] DEBUG:colcon.colcon_core.shell:Skip shell extension 'dsv' for command environment
[8.038s] INFO:colcon.colcon_ros.task.ament_cmake.build:Building ROS package in '/home/iiitd/cf_ws/src/crazyswarm2/crazyflie' with build type 'ament_cmake'
[8.039s] INFO:colcon.colcon_cmake.task.cmake.build:Building CMake package in '/home/iiitd/cf_ws/src/crazyswarm2/crazyflie'
[8.039s] INFO:colcon.colcon_core.shell:Skip shell extension 'powershell' for command environment: Not usable outside of PowerShell
[8.039s] DEBUG:colcon.colcon_core.shell:Skip shell extension 'dsv' for command environment
[8.042s] INFO:colcon.colcon_ros.task.ament_python.build:Building ROS package in '/home/iiitd/cf_ws/src/crazyswarm2/crazyflie_server_py' with build type 'ament_python'
[8.042s] Level 1:colcon.colcon_core.shell:create_environment_hook('crazyflie_server_py', 'ament_prefix_path')
[8.042s] INFO:colcon.colcon_core.shell:Creating environment hook '/home/iiitd/cf_ws/install/crazyflie_server_py/share/crazyflie_server_py/hook/ament_prefix_path.ps1'
[8.042s] INFO:colcon.colcon_core.shell:Creating environment descriptor '/home/iiitd/cf_ws/install/crazyflie_server_py/share/crazyflie_server_py/hook/ament_prefix_path.dsv'
[8.043s] INFO:colcon.colcon_core.shell:Creating environment hook '/home/iiitd/cf_ws/install/crazyflie_server_py/share/crazyflie_server_py/hook/ament_prefix_path.sh'
[8.043s] INFO:colcon.colcon_core.shell:Skip shell extension 'powershell' for command environment: Not usable outside of PowerShell
[8.043s] DEBUG:colcon.colcon_core.shell:Skip shell extension 'dsv' for command environment
[8.046s] INFO:colcon.colcon_ros.task.ament_cmake.build:Building ROS package in '/home/iiitd/cf_ws/src/crazyswarm2/crazyflie_sim' with build type 'ament_cmake'
[8.046s] INFO:colcon.colcon_cmake.task.cmake.build:Building CMake package in '/home/iiitd/cf_ws/src/crazyswarm2/crazyflie_sim'
[8.046s] INFO:colcon.colcon_core.shell:Skip shell extension 'powershell' for command environment: Not usable outside of PowerShell
[8.046s] DEBUG:colcon.colcon_core.shell:Skip shell extension 'dsv' for command environment
[8.049s] INFO:colcon.colcon_ros.task.ament_python.build:Building ROS package in '/home/iiitd/cf_ws/src/my_crazyflie' with build type 'ament_python'
[8.049s] Level 1:colcon.colcon_core.shell:create_environment_hook('my_crazyflie', 'ament_prefix_path')
[8.049s] INFO:colcon.colcon_core.shell:Creating environment hook '/home/iiitd/cf_ws/install/my_crazyflie/share/my_crazyflie/hook/ament_prefix_path.ps1'
[8.050s] INFO:colcon.colcon_core.shell:Creating environment descriptor '/home/iiitd/cf_ws/install/my_crazyflie/share/my_crazyflie/hook/ament_prefix_path.dsv'
[8.050s] INFO:colcon.colcon_core.shell:Creating environment hook '/home/iiitd/cf_ws/install/my_crazyflie/share/my_crazyflie/hook/ament_prefix_path.sh'
[8.050s] INFO:colcon.colcon_core.shell:Skip shell extension 'powershell' for command environment: Not usable outside of PowerShell
[8.050s] DEBUG:colcon.colcon_core.shell:Skip shell extension 'dsv' for command environment
[8.178s] INFO:colcon.colcon_core.task.python.build:Building Python package in '/home/iiitd/cf_ws/src/crazyswarm2/crazyflie_py'
[8.178s] INFO:colcon.colcon_core.shell:Skip shell extension 'powershell' for command environment: Not usable outside of PowerShell
[8.178s] DEBUG:colcon.colcon_core.shell:Skip shell extension 'dsv' for command environment
[8.182s] DEBUG:colcon.colcon_core.event_handler.log_command:Invoking command in '/home/iiitd/cf_ws/build/crazyflie': CMAKE_PREFIX_PATH=/home/iiitd/cf_ws/install/crazyflie_interfaces:/home/iiitd/cf_ws/install/crazyflie_description:/home/iiitd/cf_ws/install/crazyflie_sim:/home/iiitd/cf_ws/install/crazyflie_examples:/home/iiitd/cf_ws/install/crazyflie:/home/iiitd/cf_ws/install/my_crazyflie:/home/iiitd/cf_ws/install/crazyflie_server_py:/home/iiitd/cf_ws/install/crazyflie_py:/opt/ros/humble /usr/bin/cmake /home/iiitd/cf_ws/src/crazyswarm2/crazyflie -DAMENT_CMAKE_SYMLINK_INSTALL=1 -DCMAKE_INSTALL_PREFIX=/home/iiitd/cf_ws/install/crazyflie
[8.315s] INFO:colcon.colcon_core.task.python.build:Building Python package in '/home/iiitd/cf_ws/src/crazyswarm2/crazyflie_server_py'
[8.315s] INFO:colcon.colcon_core.shell:Skip shell extension 'powershell' for command environment: Not usable outside of PowerShell
[8.315s] DEBUG:colcon.colcon_core.shell:Skip shell extension 'dsv' for command environment
[8.318s] DEBUG:colcon.colcon_core.event_handler.log_command:Invoking command in '/home/iiitd/cf_ws/build/crazyflie_sim': CMAKE_PREFIX_PATH=/home/iiitd/cf_ws/install/crazyflie_interfaces:/home/iiitd/cf_ws/install/crazyflie_sim:/home/iiitd/cf_ws/install/crazyflie_examples:/home/iiitd/cf_ws/install/crazyflie:/home/iiitd/cf_ws/install/crazyflie_description:/home/iiitd/cf_ws/install/my_crazyflie:/home/iiitd/cf_ws/install/crazyflie_server_py:/home/iiitd/cf_ws/install/crazyflie_py:/opt/ros/humble /usr/bin/cmake /home/iiitd/cf_ws/src/crazyswarm2/crazyflie_sim -DAMENT_CMAKE_SYMLINK_INSTALL=1 -DCMAKE_INSTALL_PREFIX=/home/iiitd/cf_ws/install/crazyflie_sim
[8.462s] INFO:colcon.colcon_core.task.python.build:Building Python package in '/home/iiitd/cf_ws/src/my_crazyflie'
[8.462s] INFO:colcon.colcon_core.shell:Skip shell extension 'powershell' for command environment: Not usable outside of PowerShell
[8.462s] DEBUG:colcon.colcon_core.shell:Skip shell extension 'dsv' for command environment
[8.653s] DEBUG:colcon.colcon_core.task.python.build:Available setuptools commands: setopt, bdist_rpm, compile_catalog, rotate, easy_install, symlink_data, bdist_egg, install_lib, sdist, saveopts, bdist_dumb, extract_messages, build_py, register, build, init_catalog, alias, update_catalog, install_data, upload_docs, upload, develop, install_headers, build_clib, bdist, dist_info, check, build_scripts, install_egg_info, clean, test, bdist_wheel, install_scripts, build_ext, install, egg_info
[8.654s] DEBUG:colcon.colcon_core.task.python.build:Available setuptools commands: setopt, bdist_rpm, compile_catalog, rotate, easy_install, symlink_data, bdist_egg, install_lib, sdist, saveopts, bdist_dumb, extract_messages, build_py, register, build, init_catalog, alias, update_catalog, install_data, upload_docs, upload, develop, install_headers, build_clib, bdist, dist_info, check, build_scripts, install_egg_info, clean, test, bdist_wheel, install_scripts, build_ext, install, egg_info
[8.654s] DEBUG:colcon.colcon_core.task.python.build:Available setuptools commands: setopt, bdist_rpm, compile_catalog, rotate, easy_install, symlink_data, bdist_egg, install_lib, sdist, saveopts, bdist_dumb, extract_messages, build_py, register, build, init_catalog, alias, update_catalog, install_data, upload_docs, upload, develop, install_headers, build_clib, bdist, dist_info, check, build_scripts, install_egg_info, clean, test, bdist_wheel, install_scripts, build_ext, install, egg_info
[8.799s] DEBUG:colcon.colcon_core.task.python.build:Available setuptools 'develop' options: --no-user-cfg, --upgrade, --version, --build-directory, --find-links, --record, --exclude-scripts, --always-copy, --no-find-links, --help, --install-dir, --local-snapshots-ok, --always-unzip, --verbose, --prefix, --force-installation-into-system-dir, --user, --zip-ok, --editable, --egg-path, --optimize, --site-dirs, --multi-version, --no-deps, --install-layout, --uninstall, --script-dir, --dry-run, --allow-hosts, --quiet, --index-url
[8.801s] DEBUG:colcon.colcon_core.event_handler.log_command:Invoking command in '/home/iiitd/cf_ws/build/crazyflie_py': CMAKE_PREFIX_PATH=/home/iiitd/cf_ws/install/crazyflie_interfaces:/home/iiitd/cf_ws/install/crazyflie_sim:/home/iiitd/cf_ws/install/crazyflie_examples:/home/iiitd/cf_ws/install/crazyflie:/home/iiitd/cf_ws/install/crazyflie_description PYTHONPATH=/home/iiitd/cf_ws/build/crazyflie_py/prefix_override:/usr/lib/python3/dist-packages/colcon_core/task/python/colcon_distutils_commands:/home/iiitd/cf_ws/install/crazyflie_py/lib/python3.10/site-packages:${PYTHONPATH} /usr/bin/python3 -W ignore:setup.py install is deprecated -W ignore:easy_install command is deprecated setup.py develop --editable --build-directory /home/iiitd/cf_ws/build/crazyflie_py/build --no-deps symlink_data
[8.801s] DEBUG:colcon.colcon_core.task.python.build:Available setuptools 'develop' options: --no-user-cfg, --upgrade, --version, --build-directory, --find-links, --record, --exclude-scripts, --always-copy, --no-find-links, --help, --install-dir, --local-snapshots-ok, --always-unzip, --verbose, --prefix, --force-installation-into-system-dir, --user, --zip-ok, --editable, --egg-path, --optimize, --site-dirs, --multi-version, --no-deps, --install-layout, --uninstall, --script-dir, --dry-run, --allow-hosts, --quiet, --index-url
[8.803s] DEBUG:colcon.colcon_core.event_handler.log_command:Invoking command in '/home/iiitd/cf_ws/build/crazyflie_server_py': CMAKE_PREFIX_PATH=/home/iiitd/cf_ws/install/crazyflie_interfaces:/home/iiitd/cf_ws/install/crazyflie_sim:/home/iiitd/cf_ws/install/crazyflie_examples:/home/iiitd/cf_ws/install/crazyflie:/home/iiitd/cf_ws/install/crazyflie_description PYTHONPATH=/home/iiitd/cf_ws/build/crazyflie_server_py/prefix_override:/usr/lib/python3/dist-packages/colcon_core/task/python/colcon_distutils_commands:/home/iiitd/cf_ws/install/crazyflie_server_py/lib/python3.10/site-packages:${PYTHONPATH} /usr/bin/python3 -W ignore:setup.py install is deprecated -W ignore:easy_install command is deprecated setup.py develop --editable --build-directory /home/iiitd/cf_ws/build/crazyflie_server_py/build --no-deps symlink_data
[8.822s] DEBUG:colcon.colcon_core.task.python.build:Available setuptools 'develop' options: --no-user-cfg, --upgrade, --version, --build-directory, --find-links, --record, --exclude-scripts, --always-copy, --no-find-links, --help, --install-dir, --local-snapshots-ok, --always-unzip, --verbose, --prefix, --force-installation-into-system-dir, --user, --zip-ok, --editable, --egg-path, --optimize, --site-dirs, --multi-version, --no-deps, --install-layout, --uninstall, --script-dir, --dry-run, --allow-hosts, --quiet, --index-url
[8.823s] DEBUG:colcon.colcon_core.event_handler.log_command:Invoking command in '/home/iiitd/cf_ws/build/my_crazyflie': CMAKE_PREFIX_PATH=/home/iiitd/cf_ws/install/crazyflie_interfaces:/home/iiitd/cf_ws/install/crazyflie_sim:/home/iiitd/cf_ws/install/crazyflie_examples:/home/iiitd/cf_ws/install/crazyflie:/home/iiitd/cf_ws/install/crazyflie_description PYTHONPATH=/home/iiitd/cf_ws/build/my_crazyflie/prefix_override:/usr/lib/python3/dist-packages/colcon_core/task/python/colcon_distutils_commands:/home/iiitd/cf_ws/install/my_crazyflie/lib/python3.10/site-packages:${PYTHONPATH} /usr/bin/python3 -W ignore:setup.py install is deprecated -W ignore:easy_install command is deprecated setup.py develop --editable --build-directory /home/iiitd/cf_ws/build/my_crazyflie/build --no-deps symlink_data
[9.045s] Level 1:colcon.colcon_core.shell:create_environment_hook('crazyflie_server_py', 'pythonpath_develop')
[9.046s] INFO:colcon.colcon_core.shell:Creating environment hook '/home/iiitd/cf_ws/build/crazyflie_server_py/share/crazyflie_server_py/hook/pythonpath_develop.ps1'
[9.047s] DEBUG:colcon.colcon_core.event_handler.log_command:Invoked command in '/home/iiitd/cf_ws/build/crazyflie_server_py' returned '0': CMAKE_PREFIX_PATH=/home/iiitd/cf_ws/install/crazyflie_interfaces:/home/iiitd/cf_ws/install/crazyflie_sim:/home/iiitd/cf_ws/install/crazyflie_examples:/home/iiitd/cf_ws/install/crazyflie:/home/iiitd/cf_ws/install/crazyflie_description PYTHONPATH=/home/iiitd/cf_ws/build/crazyflie_server_py/prefix_override:/usr/lib/python3/dist-packages/colcon_core/task/python/colcon_distutils_commands:/home/iiitd/cf_ws/install/crazyflie_server_py/lib/python3.10/site-packages:${PYTHONPATH} /usr/bin/python3 -W ignore:setup.py install is deprecated -W ignore:easy_install command is deprecated setup.py develop --editable --build-directory /home/iiitd/cf_ws/build/crazyflie_server_py/build --no-deps symlink_data
[9.048s] INFO:colcon.colcon_core.shell:Creating environment descriptor '/home/iiitd/cf_ws/build/crazyflie_server_py/share/crazyflie_server_py/hook/pythonpath_develop.dsv'
[9.048s] INFO:colcon.colcon_core.shell:Creating environment hook '/home/iiitd/cf_ws/build/crazyflie_server_py/share/crazyflie_server_py/hook/pythonpath_develop.sh'
[9.049s] Level 1:colcon.colcon_core.environment:checking '/home/iiitd/cf_ws/install/crazyflie_server_py' for CMake module files
[9.049s] Level 1:colcon.colcon_core.environment:checking '/home/iiitd/cf_ws/install/crazyflie_server_py' for CMake config files
[9.050s] Level 1:colcon.colcon_core.environment:checking '/home/iiitd/cf_ws/install/crazyflie_server_py/lib'
[9.050s] Level 1:colcon.colcon_core.environment:checking '/home/iiitd/cf_ws/install/crazyflie_server_py/bin'
[9.050s] Level 1:colcon.colcon_core.environment:checking '/home/iiitd/cf_ws/install/crazyflie_server_py/lib/pkgconfig/crazyflie_server_py.pc'
[9.050s] Level 1:colcon.colcon_core.environment:checking '/home/iiitd/cf_ws/install/crazyflie_server_py/lib/python3.10/site-packages'
[9.050s] Level 1:colcon.colcon_core.shell:create_environment_hook('crazyflie_server_py', 'pythonpath')
[9.050s] INFO:colcon.colcon_core.shell:Creating environment hook '/home/iiitd/cf_ws/install/crazyflie_server_py/share/crazyflie_server_py/hook/pythonpath.ps1'
[9.050s] INFO:colcon.colcon_core.shell:Creating environment descriptor '/home/iiitd/cf_ws/install/crazyflie_server_py/share/crazyflie_server_py/hook/pythonpath.dsv'
[9.051s] INFO:colcon.colcon_core.shell:Creating environment hook '/home/iiitd/cf_ws/install/crazyflie_server_py/share/crazyflie_server_py/hook/pythonpath.sh'
[9.051s] Level 1:colcon.colcon_core.environment:checking '/home/iiitd/cf_ws/install/crazyflie_server_py/bin'
[9.051s] Level 1:colcon.colcon_core.environment:create_environment_scripts_only(crazyflie_server_py)
[9.052s] INFO:colcon.colcon_core.shell:Creating package script '/home/iiitd/cf_ws/install/crazyflie_server_py/share/crazyflie_server_py/package.ps1'
[9.052s] INFO:colcon.colcon_core.shell:Creating package descriptor '/home/iiitd/cf_ws/install/crazyflie_server_py/share/crazyflie_server_py/package.dsv'
[9.052s] INFO:colcon.colcon_core.shell:Creating package script '/home/iiitd/cf_ws/install/crazyflie_server_py/share/crazyflie_server_py/package.sh'
[9.053s] INFO:colcon.colcon_core.shell:Creating package script '/home/iiitd/cf_ws/install/crazyflie_server_py/share/crazyflie_server_py/package.bash'
[9.053s] INFO:colcon.colcon_core.shell:Creating package script '/home/iiitd/cf_ws/install/crazyflie_server_py/share/crazyflie_server_py/package.zsh'
[9.053s] Level 1:colcon.colcon_core.environment:create_file_with_runtime_dependencies(/home/iiitd/cf_ws/install/crazyflie_server_py/share/colcon-core/packages/crazyflie_server_py)
[9.054s] Level 1:colcon.colcon_core.shell:create_environment_hook('crazyflie_py', 'pythonpath_develop')
[9.054s] INFO:colcon.colcon_core.shell:Creating environment hook '/home/iiitd/cf_ws/build/crazyflie_py/share/crazyflie_py/hook/pythonpath_develop.ps1'
[9.054s] DEBUG:colcon.colcon_core.event_handler.log_command:Invoked command in '/home/iiitd/cf_ws/build/crazyflie_py' returned '0': CMAKE_PREFIX_PATH=/home/iiitd/cf_ws/install/crazyflie_interfaces:/home/iiitd/cf_ws/install/crazyflie_sim:/home/iiitd/cf_ws/install/crazyflie_examples:/home/iiitd/cf_ws/install/crazyflie:/home/iiitd/cf_ws/install/crazyflie_description PYTHONPATH=/home/iiitd/cf_ws/build/crazyflie_py/prefix_override:/usr/lib/python3/dist-packages/colcon_core/task/python/colcon_distutils_commands:/home/iiitd/cf_ws/install/crazyflie_py/lib/python3.10/site-packages:${PYTHONPATH} /usr/bin/python3 -W ignore:setup.py install is deprecated -W ignore:easy_install command is deprecated setup.py develop --editable --build-directory /home/iiitd/cf_ws/build/crazyflie_py/build --no-deps symlink_data
[9.055s] INFO:colcon.colcon_core.shell:Creating environment descriptor '/home/iiitd/cf_ws/build/crazyflie_py/share/crazyflie_py/hook/pythonpath_develop.dsv'
[9.055s] INFO:colcon.colcon_core.shell:Creating environment hook '/home/iiitd/cf_ws/build/crazyflie_py/share/crazyflie_py/hook/pythonpath_develop.sh'
[9.055s] Level 1:colcon.colcon_core.environment:checking '/home/iiitd/cf_ws/install/crazyflie_py' for CMake module files
[9.055s] Level 1:colcon.colcon_core.environment:checking '/home/iiitd/cf_ws/install/crazyflie_py' for CMake config files
[9.056s] Level 1:colcon.colcon_core.environment:checking '/home/iiitd/cf_ws/install/crazyflie_py/lib'
[9.056s] Level 1:colcon.colcon_core.environment:checking '/home/iiitd/cf_ws/install/crazyflie_py/bin'
[9.056s] Level 1:colcon.colcon_core.environment:checking '/home/iiitd/cf_ws/install/crazyflie_py/lib/pkgconfig/crazyflie_py.pc'
[9.056s] Level 1:colcon.colcon_core.environment:checking '/home/iiitd/cf_ws/install/crazyflie_py/lib/python3.10/site-packages'
[9.056s] Level 1:colcon.colcon_core.shell:create_environment_hook('crazyflie_py', 'pythonpath')
[9.056s] INFO:colcon.colcon_core.shell:Creating environment hook '/home/iiitd/cf_ws/install/crazyflie_py/share/crazyflie_py/hook/pythonpath.ps1'
[9.057s] INFO:colcon.colcon_core.shell:Creating environment descriptor '/home/iiitd/cf_ws/install/crazyflie_py/share/crazyflie_py/hook/pythonpath.dsv'
[9.057s] INFO:colcon.colcon_core.shell:Creating environment hook '/home/iiitd/cf_ws/install/crazyflie_py/share/crazyflie_py/hook/pythonpath.sh'
[9.057s] Level 1:colcon.colcon_core.environment:checking '/home/iiitd/cf_ws/install/crazyflie_py/bin'
[9.057s] Level 1:colcon.colcon_core.environment:create_environment_scripts_only(crazyflie_py)
[9.058s] INFO:colcon.colcon_core.shell:Creating package script '/home/iiitd/cf_ws/install/crazyflie_py/share/crazyflie_py/package.ps1'
[9.058s] INFO:colcon.colcon_core.shell:Creating package descriptor '/home/iiitd/cf_ws/install/crazyflie_py/share/crazyflie_py/package.dsv'
[9.058s] INFO:colcon.colcon_core.shell:Creating package script '/home/iiitd/cf_ws/install/crazyflie_py/share/crazyflie_py/package.sh'
[9.059s] INFO:colcon.colcon_core.shell:Creating package script '/home/iiitd/cf_ws/install/crazyflie_py/share/crazyflie_py/package.bash'
[9.059s] INFO:colcon.colcon_core.shell:Creating package script '/home/iiitd/cf_ws/install/crazyflie_py/share/crazyflie_py/package.zsh'
[9.059s] Level 1:colcon.colcon_core.environment:create_file_with_runtime_dependencies(/home/iiitd/cf_ws/install/crazyflie_py/share/colcon-core/packages/crazyflie_py)
[9.059s] INFO:colcon.colcon_ros.task.ament_cmake.build:Building ROS package in '/home/iiitd/cf_ws/src/crazyswarm2/crazyflie_examples' with build type 'ament_cmake'
[9.060s] INFO:colcon.colcon_cmake.task.cmake.build:Building CMake package in '/home/iiitd/cf_ws/src/crazyswarm2/crazyflie_examples'
[9.060s] INFO:colcon.colcon_core.shell:Skip shell extension 'powershell' for command environment: Not usable outside of PowerShell
[9.060s] DEBUG:colcon.colcon_core.shell:Skip shell extension 'dsv' for command environment
[9.064s] Level 1:colcon.colcon_core.shell:create_environment_hook('my_crazyflie', 'pythonpath_develop')
[9.064s] DEBUG:colcon.colcon_core.event_handler.log_command:Invoked command in '/home/iiitd/cf_ws/build/my_crazyflie' returned '0': CMAKE_PREFIX_PATH=/home/iiitd/cf_ws/install/crazyflie_interfaces:/home/iiitd/cf_ws/install/crazyflie_sim:/home/iiitd/cf_ws/install/crazyflie_examples:/home/iiitd/cf_ws/install/crazyflie:/home/iiitd/cf_ws/install/crazyflie_description PYTHONPATH=/home/iiitd/cf_ws/build/my_crazyflie/prefix_override:/usr/lib/python3/dist-packages/colcon_core/task/python/colcon_distutils_commands:/home/iiitd/cf_ws/install/my_crazyflie/lib/python3.10/site-packages:${PYTHONPATH} /usr/bin/python3 -W ignore:setup.py install is deprecated -W ignore:easy_install command is deprecated setup.py develop --editable --build-directory /home/iiitd/cf_ws/build/my_crazyflie/build --no-deps symlink_data
[9.064s] INFO:colcon.colcon_core.shell:Creating environment hook '/home/iiitd/cf_ws/build/my_crazyflie/share/my_crazyflie/hook/pythonpath_develop.ps1'
[9.065s] INFO:colcon.colcon_core.shell:Creating environment descriptor '/home/iiitd/cf_ws/build/my_crazyflie/share/my_crazyflie/hook/pythonpath_develop.dsv'
[9.065s] INFO:colcon.colcon_core.shell:Creating environment hook '/home/iiitd/cf_ws/build/my_crazyflie/share/my_crazyflie/hook/pythonpath_develop.sh'
[9.066s] Level 1:colcon.colcon_core.environment:checking '/home/iiitd/cf_ws/install/my_crazyflie' for CMake module files
[9.066s] Level 1:colcon.colcon_core.environment:checking '/home/iiitd/cf_ws/install/my_crazyflie' for CMake config files
[9.066s] Level 1:colcon.colcon_core.environment:checking '/home/iiitd/cf_ws/install/my_crazyflie/lib'
[9.066s] Level 1:colcon.colcon_core.environment:checking '/home/iiitd/cf_ws/install/my_crazyflie/bin'
[9.066s] Level 1:colcon.colcon_core.environment:checking '/home/iiitd/cf_ws/install/my_crazyflie/lib/pkgconfig/my_crazyflie.pc'
[9.067s] Level 1:colcon.colcon_core.environment:checking '/home/iiitd/cf_ws/install/my_crazyflie/lib/python3.10/site-packages'
[9.067s] Level 1:colcon.colcon_core.shell:create_environment_hook('my_crazyflie', 'pythonpath')
[9.067s] INFO:colcon.colcon_core.shell:Creating environment hook '/home/iiitd/cf_ws/install/my_crazyflie/share/my_crazyflie/hook/pythonpath.ps1'
[9.067s] INFO:colcon.colcon_core.shell:Creating environment descriptor '/home/iiitd/cf_ws/install/my_crazyflie/share/my_crazyflie/hook/pythonpath.dsv'
[9.067s] INFO:colcon.colcon_core.shell:Creating environment hook '/home/iiitd/cf_ws/install/my_crazyflie/share/my_crazyflie/hook/pythonpath.sh'
[9.068s] Level 1:colcon.colcon_core.environment:checking '/home/iiitd/cf_ws/install/my_crazyflie/bin'
[9.068s] Level 1:colcon.colcon_core.environment:create_environment_scripts_only(my_crazyflie)
[9.068s] INFO:colcon.colcon_core.shell:Creating package script '/home/iiitd/cf_ws/install/my_crazyflie/share/my_crazyflie/package.ps1'
[9.069s] INFO:colcon.colcon_core.shell:Creating package descriptor '/home/iiitd/cf_ws/install/my_crazyflie/share/my_crazyflie/package.dsv'
[9.069s] INFO:colcon.colcon_core.shell:Creating package script '/home/iiitd/cf_ws/install/my_crazyflie/share/my_crazyflie/package.sh'
[9.069s] INFO:colcon.colcon_core.shell:Creating package script '/home/iiitd/cf_ws/install/my_crazyflie/share/my_crazyflie/package.bash'
[9.070s] INFO:colcon.colcon_core.shell:Creating package script '/home/iiitd/cf_ws/install/my_crazyflie/share/my_crazyflie/package.zsh'
[9.070s] Level 1:colcon.colcon_core.environment:create_file_with_runtime_dependencies(/home/iiitd/cf_ws/install/my_crazyflie/share/colcon-core/packages/my_crazyflie)
[9.072s] DEBUG:colcon.colcon_core.event_handler.log_command:Invoking command in '/home/iiitd/cf_ws/build/crazyflie_examples': AMENT_PREFIX_PATH=/home/iiitd/cf_ws/install/crazyflie_py:/home/iiitd/cf_ws/install/my_crazyflie:/home/iiitd/cf_ws/install/crazyflie_sim:/home/iiitd/cf_ws/install/crazyflie_server_py:/home/iiitd/cf_ws/install/crazyflie_examples:/home/iiitd/cf_ws/install/crazyflie:/home/iiitd/cf_ws/install/crazyflie_interfaces:/home/iiitd/cf_ws/install/crazyflie_description:/opt/ros/humble CMAKE_PREFIX_PATH=/home/iiitd/cf_ws/install/crazyflie_interfaces:/home/iiitd/cf_ws/install/crazyflie_sim:/home/iiitd/cf_ws/install/crazyflie_examples:/home/iiitd/cf_ws/install/crazyflie:/home/iiitd/cf_ws/install/crazyflie_description:/home/iiitd/cf_ws/install/my_crazyflie:/home/iiitd/cf_ws/install/crazyflie_server_py:/home/iiitd/cf_ws/install/crazyflie_py:/opt/ros/humble PYTHONPATH=/home/iiitd/cf_ws/build/crazyflie_py:/home/iiitd/cf_ws/install/crazyflie_py/lib/python3.10/site-packages:/home/iiitd/cf_ws/build/my_crazyflie:/home/iiitd/cf_ws/install/my_crazyflie/lib/python3.10/site-packages:/home/iiitd/cf_ws/install/crazyflie_sim/local/lib/python3.10/dist-packages:/home/iiitd/cf_ws/build/crazyflie_server_py:/home/iiitd/cf_ws/install/crazyflie_server_py/lib/python3.10/site-packages:/home/iiitd/cf_ws/install/crazyflie_examples/local/lib/python3.10/dist-packages:/home/iiitd/cf_ws/install/crazyflie_interfaces/local/lib/python3.10/dist-packages:/opt/ros/humble/lib/python3.10/site-packages:/opt/ros/humble/local/lib/python3.10/dist-packages /usr/bin/cmake /home/iiitd/cf_ws/src/crazyswarm2/crazyflie_examples -DAMENT_CMAKE_SYMLINK_INSTALL=1 -DCMAKE_INSTALL_PREFIX=/home/iiitd/cf_ws/install/crazyflie_examples
[9.104s] DEBUG:colcon.colcon_core.event_handler.log_command:Invoked command in '/home/iiitd/cf_ws/build/crazyflie' returned '0': CMAKE_PREFIX_PATH=/home/iiitd/cf_ws/install/crazyflie_interfaces:/home/iiitd/cf_ws/install/crazyflie_description:/home/iiitd/cf_ws/install/crazyflie_sim:/home/iiitd/cf_ws/install/crazyflie_examples:/home/iiitd/cf_ws/install/crazyflie:/home/iiitd/cf_ws/install/my_crazyflie:/home/iiitd/cf_ws/install/crazyflie_server_py:/home/iiitd/cf_ws/install/crazyflie_py:/opt/ros/humble /usr/bin/cmake /home/iiitd/cf_ws/src/crazyswarm2/crazyflie -DAMENT_CMAKE_SYMLINK_INSTALL=1 -DCMAKE_INSTALL_PREFIX=/home/iiitd/cf_ws/install/crazyflie
[9.105s] DEBUG:colcon.colcon_core.event_handler.log_command:Invoking command in '/home/iiitd/cf_ws/build/crazyflie': CMAKE_PREFIX_PATH=/home/iiitd/cf_ws/install/crazyflie_interfaces:/home/iiitd/cf_ws/install/crazyflie_description:/home/iiitd/cf_ws/install/crazyflie_sim:/home/iiitd/cf_ws/install/crazyflie_examples:/home/iiitd/cf_ws/install/crazyflie:/home/iiitd/cf_ws/install/my_crazyflie:/home/iiitd/cf_ws/install/crazyflie_server_py:/home/iiitd/cf_ws/install/crazyflie_py:/opt/ros/humble /usr/bin/cmake --build /home/iiitd/cf_ws/build/crazyflie -- -j28 -l28
[9.134s] DEBUG:colcon.colcon_core.event_handler.log_command:Invoked command in '/home/iiitd/cf_ws/build/crazyflie_sim' returned '0': CMAKE_PREFIX_PATH=/home/iiitd/cf_ws/install/crazyflie_interfaces:/home/iiitd/cf_ws/install/crazyflie_sim:/home/iiitd/cf_ws/install/crazyflie_examples:/home/iiitd/cf_ws/install/crazyflie:/home/iiitd/cf_ws/install/crazyflie_description:/home/iiitd/cf_ws/install/my_crazyflie:/home/iiitd/cf_ws/install/crazyflie_server_py:/home/iiitd/cf_ws/install/crazyflie_py:/opt/ros/humble /usr/bin/cmake /home/iiitd/cf_ws/src/crazyswarm2/crazyflie_sim -DAMENT_CMAKE_SYMLINK_INSTALL=1 -DCMAKE_INSTALL_PREFIX=/home/iiitd/cf_ws/install/crazyflie_sim
[9.135s] DEBUG:colcon.colcon_core.event_handler.log_command:Invoking command in '/home/iiitd/cf_ws/build/crazyflie_sim': CMAKE_PREFIX_PATH=/home/iiitd/cf_ws/install/crazyflie_interfaces:/home/iiitd/cf_ws/install/crazyflie_sim:/home/iiitd/cf_ws/install/crazyflie_examples:/home/iiitd/cf_ws/install/crazyflie:/home/iiitd/cf_ws/install/crazyflie_description:/home/iiitd/cf_ws/install/my_crazyflie:/home/iiitd/cf_ws/install/crazyflie_server_py:/home/iiitd/cf_ws/install/crazyflie_py:/opt/ros/humble /usr/bin/cmake --build /home/iiitd/cf_ws/build/crazyflie_sim -- -j28 -l28
[9.459s] DEBUG:colcon.colcon_core.event_handler.log_command:Invoked command in '/home/iiitd/cf_ws/build/crazyflie_sim' returned '0': CMAKE_PREFIX_PATH=/home/iiitd/cf_ws/install/crazyflie_interfaces:/home/iiitd/cf_ws/install/crazyflie_sim:/home/iiitd/cf_ws/install/crazyflie_examples:/home/iiitd/cf_ws/install/crazyflie:/home/iiitd/cf_ws/install/crazyflie_description:/home/iiitd/cf_ws/install/my_crazyflie:/home/iiitd/cf_ws/install/crazyflie_server_py:/home/iiitd/cf_ws/install/crazyflie_py:/opt/ros/humble /usr/bin/cmake --build /home/iiitd/cf_ws/build/crazyflie_sim -- -j28 -l28
[9.459s] DEBUG:colcon.colcon_core.event_handler.log_command:Invoking command in '/home/iiitd/cf_ws/build/crazyflie_sim': CMAKE_PREFIX_PATH=/home/iiitd/cf_ws/install/crazyflie_interfaces:/home/iiitd/cf_ws/install/crazyflie_sim:/home/iiitd/cf_ws/install/crazyflie_examples:/home/iiitd/cf_ws/install/crazyflie:/home/iiitd/cf_ws/install/crazyflie_description:/home/iiitd/cf_ws/install/my_crazyflie:/home/iiitd/cf_ws/install/crazyflie_server_py:/home/iiitd/cf_ws/install/crazyflie_py:/opt/ros/humble /usr/bin/cmake --install /home/iiitd/cf_ws/build/crazyflie_sim
[9.870s] Level 1:colcon.colcon_core.environment:create_environment_scripts_only(crazyflie_sim)
[9.871s] Level 1:colcon.colcon_core.environment:checking '/home/iiitd/cf_ws/install/crazyflie_sim' for CMake module files
[9.871s] DEBUG:colcon.colcon_core.event_handler.log_command:Invoked command in '/home/iiitd/cf_ws/build/crazyflie_sim' returned '0': CMAKE_PREFIX_PATH=/home/iiitd/cf_ws/install/crazyflie_interfaces:/home/iiitd/cf_ws/install/crazyflie_sim:/home/iiitd/cf_ws/install/crazyflie_examples:/home/iiitd/cf_ws/install/crazyflie:/home/iiitd/cf_ws/install/crazyflie_description:/home/iiitd/cf_ws/install/my_crazyflie:/home/iiitd/cf_ws/install/crazyflie_server_py:/home/iiitd/cf_ws/install/crazyflie_py:/opt/ros/humble /usr/bin/cmake --install /home/iiitd/cf_ws/build/crazyflie_sim
[9.871s] Level 1:colcon.colcon_core.environment:checking '/home/iiitd/cf_ws/install/crazyflie_sim' for CMake config files
[9.872s] Level 1:colcon.colcon_core.shell:create_environment_hook('crazyflie_sim', 'cmake_prefix_path')
[9.872s] INFO:colcon.colcon_core.shell:Creating environment hook '/home/iiitd/cf_ws/install/crazyflie_sim/share/crazyflie_sim/hook/cmake_prefix_path.ps1'
[9.872s] INFO:colcon.colcon_core.shell:Creating environment descriptor '/home/iiitd/cf_ws/install/crazyflie_sim/share/crazyflie_sim/hook/cmake_prefix_path.dsv'
[9.872s] INFO:colcon.colcon_core.shell:Creating environment hook '/home/iiitd/cf_ws/install/crazyflie_sim/share/crazyflie_sim/hook/cmake_prefix_path.sh'
[9.873s] Level 1:colcon.colcon_core.environment:checking '/home/iiitd/cf_ws/install/crazyflie_sim/lib'
[9.873s] Level 1:colcon.colcon_core.environment:checking '/home/iiitd/cf_ws/install/crazyflie_sim/bin'
[9.873s] Level 1:colcon.colcon_core.environment:checking '/home/iiitd/cf_ws/install/crazyflie_sim/lib/pkgconfig/crazyflie_sim.pc'
[9.873s] Level 1:colcon.colcon_core.environment:checking '/home/iiitd/cf_ws/install/crazyflie_sim/lib/python3.10/site-packages'
[9.873s] Level 1:colcon.colcon_core.environment:checking '/home/iiitd/cf_ws/install/crazyflie_sim/bin'
[9.874s] INFO:colcon.colcon_core.shell:Creating package script '/home/iiitd/cf_ws/install/crazyflie_sim/share/crazyflie_sim/package.ps1'
[9.874s] INFO:colcon.colcon_core.shell:Creating package descriptor '/home/iiitd/cf_ws/install/crazyflie_sim/share/crazyflie_sim/package.dsv'
[9.874s] INFO:colcon.colcon_core.shell:Creating package script '/home/iiitd/cf_ws/install/crazyflie_sim/share/crazyflie_sim/package.sh'
[9.874s] INFO:colcon.colcon_core.shell:Creating package script '/home/iiitd/cf_ws/install/crazyflie_sim/share/crazyflie_sim/package.bash'
[9.875s] INFO:colcon.colcon_core.shell:Creating package script '/home/iiitd/cf_ws/install/crazyflie_sim/share/crazyflie_sim/package.zsh'
[9.875s] Level 1:colcon.colcon_core.environment:create_file_with_runtime_dependencies(/home/iiitd/cf_ws/install/crazyflie_sim/share/colcon-core/packages/crazyflie_sim)
[9.875s] Level 1:colcon.colcon_core.environment:create_environment_scripts_only(crazyflie_sim)
[9.875s] Level 1:colcon.colcon_core.environment:checking '/home/iiitd/cf_ws/install/crazyflie_sim' for CMake module files
[9.876s] Level 1:colcon.colcon_core.environment:checking '/home/iiitd/cf_ws/install/crazyflie_sim' for CMake config files
[9.876s] Level 1:colcon.colcon_core.shell:create_environment_hook('crazyflie_sim', 'cmake_prefix_path')
[9.876s] INFO:colcon.colcon_core.shell:Creating environment hook '/home/iiitd/cf_ws/install/crazyflie_sim/share/crazyflie_sim/hook/cmake_prefix_path.ps1'
[9.876s] INFO:colcon.colcon_core.shell:Creating environment descriptor '/home/iiitd/cf_ws/install/crazyflie_sim/share/crazyflie_sim/hook/cmake_prefix_path.dsv'
[9.877s] INFO:colcon.colcon_core.shell:Creating environment hook '/home/iiitd/cf_ws/install/crazyflie_sim/share/crazyflie_sim/hook/cmake_prefix_path.sh'
[9.877s] Level 1:colcon.colcon_core.environment:checking '/home/iiitd/cf_ws/install/crazyflie_sim/lib'
[9.877s] Level 1:colcon.colcon_core.environment:checking '/home/iiitd/cf_ws/install/crazyflie_sim/bin'
[9.877s] Level 1:colcon.colcon_core.environment:checking '/home/iiitd/cf_ws/install/crazyflie_sim/lib/pkgconfig/crazyflie_sim.pc'
[9.877s] Level 1:colcon.colcon_core.environment:checking '/home/iiitd/cf_ws/install/crazyflie_sim/lib/python3.10/site-packages'
[9.878s] Level 1:colcon.colcon_core.environment:checking '/home/iiitd/cf_ws/install/crazyflie_sim/bin'
[9.878s] INFO:colcon.colcon_core.shell:Creating package script '/home/iiitd/cf_ws/install/crazyflie_sim/share/crazyflie_sim/package.ps1'
[9.878s] INFO:colcon.colcon_core.shell:Creating package descriptor '/home/iiitd/cf_ws/install/crazyflie_sim/share/crazyflie_sim/package.dsv'
[9.879s] INFO:colcon.colcon_core.shell:Creating package script '/home/iiitd/cf_ws/install/crazyflie_sim/share/crazyflie_sim/package.sh'
[9.879s] INFO:colcon.colcon_core.shell:Creating package script '/home/iiitd/cf_ws/install/crazyflie_sim/share/crazyflie_sim/package.bash'
[9.879s] INFO:colcon.colcon_core.shell:Creating package script '/home/iiitd/cf_ws/install/crazyflie_sim/share/crazyflie_sim/package.zsh'
[9.879s] Level 1:colcon.colcon_core.environment:create_file_with_runtime_dependencies(/home/iiitd/cf_ws/install/crazyflie_sim/share/colcon-core/packages/crazyflie_sim)
[9.925s] DEBUG:colcon.colcon_core.event_handler.log_command:Invoked command in '/home/iiitd/cf_ws/build/crazyflie_examples' returned '0': AMENT_PREFIX_PATH=/home/iiitd/cf_ws/install/crazyflie_py:/home/iiitd/cf_ws/install/my_crazyflie:/home/iiitd/cf_ws/install/crazyflie_sim:/home/iiitd/cf_ws/install/crazyflie_server_py:/home/iiitd/cf_ws/install/crazyflie_examples:/home/iiitd/cf_ws/install/crazyflie:/home/iiitd/cf_ws/install/crazyflie_interfaces:/home/iiitd/cf_ws/install/crazyflie_description:/opt/ros/humble CMAKE_PREFIX_PATH=/home/iiitd/cf_ws/install/crazyflie_interfaces:/home/iiitd/cf_ws/install/crazyflie_sim:/home/iiitd/cf_ws/install/crazyflie_examples:/home/iiitd/cf_ws/install/crazyflie:/home/iiitd/cf_ws/install/crazyflie_description:/home/iiitd/cf_ws/install/my_crazyflie:/home/iiitd/cf_ws/install/crazyflie_server_py:/home/iiitd/cf_ws/install/crazyflie_py:/opt/ros/humble PYTHONPATH=/home/iiitd/cf_ws/build/crazyflie_py:/home/iiitd/cf_ws/install/crazyflie_py/lib/python3.10/site-packages:/home/iiitd/cf_ws/build/my_crazyflie:/home/iiitd/cf_ws/install/my_crazyflie/lib/python3.10/site-packages:/home/iiitd/cf_ws/install/crazyflie_sim/local/lib/python3.10/dist-packages:/home/iiitd/cf_ws/build/crazyflie_server_py:/home/iiitd/cf_ws/install/crazyflie_server_py/lib/python3.10/site-packages:/home/iiitd/cf_ws/install/crazyflie_examples/local/lib/python3.10/dist-packages:/home/iiitd/cf_ws/install/crazyflie_interfaces/local/lib/python3.10/dist-packages:/opt/ros/humble/lib/python3.10/site-packages:/opt/ros/humble/local/lib/python3.10/dist-packages /usr/bin/cmake /home/iiitd/cf_ws/src/crazyswarm2/crazyflie_examples -DAMENT_CMAKE_SYMLINK_INSTALL=1 -DCMAKE_INSTALL_PREFIX=/home/iiitd/cf_ws/install/crazyflie_examples
[9.926s] DEBUG:colcon.colcon_core.event_handler.log_command:Invoking command in '/home/iiitd/cf_ws/build/crazyflie_examples': AMENT_PREFIX_PATH=/home/iiitd/cf_ws/install/crazyflie_py:/home/iiitd/cf_ws/install/my_crazyflie:/home/iiitd/cf_ws/install/crazyflie_sim:/home/iiitd/cf_ws/install/crazyflie_server_py:/home/iiitd/cf_ws/install/crazyflie_examples:/home/iiitd/cf_ws/install/crazyflie:/home/iiitd/cf_ws/install/crazyflie_interfaces:/home/iiitd/cf_ws/install/crazyflie_description:/opt/ros/humble CMAKE_PREFIX_PATH=/home/iiitd/cf_ws/install/crazyflie_interfaces:/home/iiitd/cf_ws/install/crazyflie_sim:/home/iiitd/cf_ws/install/crazyflie_examples:/home/iiitd/cf_ws/install/crazyflie:/home/iiitd/cf_ws/install/crazyflie_description:/home/iiitd/cf_ws/install/my_crazyflie:/home/iiitd/cf_ws/install/crazyflie_server_py:/home/iiitd/cf_ws/install/crazyflie_py:/opt/ros/humble PYTHONPATH=/home/iiitd/cf_ws/build/crazyflie_py:/home/iiitd/cf_ws/install/crazyflie_py/lib/python3.10/site-packages:/home/iiitd/cf_ws/build/my_crazyflie:/home/iiitd/cf_ws/install/my_crazyflie/lib/python3.10/site-packages:/home/iiitd/cf_ws/install/crazyflie_sim/local/lib/python3.10/dist-packages:/home/iiitd/cf_ws/build/crazyflie_server_py:/home/iiitd/cf_ws/install/crazyflie_server_py/lib/python3.10/site-packages:/home/iiitd/cf_ws/install/crazyflie_examples/local/lib/python3.10/dist-packages:/home/iiitd/cf_ws/install/crazyflie_interfaces/local/lib/python3.10/dist-packages:/opt/ros/humble/lib/python3.10/site-packages:/opt/ros/humble/local/lib/python3.10/dist-packages /usr/bin/cmake --build /home/iiitd/cf_ws/build/crazyflie_examples -- -j28 -l28
[10.141s] DEBUG:colcon.colcon_core.event_handler.log_command:Invoked command in '/home/iiitd/cf_ws/build/crazyflie_examples' returned '0': AMENT_PREFIX_PATH=/home/iiitd/cf_ws/install/crazyflie_py:/home/iiitd/cf_ws/install/my_crazyflie:/home/iiitd/cf_ws/install/crazyflie_sim:/home/iiitd/cf_ws/install/crazyflie_server_py:/home/iiitd/cf_ws/install/crazyflie_examples:/home/iiitd/cf_ws/install/crazyflie:/home/iiitd/cf_ws/install/crazyflie_interfaces:/home/iiitd/cf_ws/install/crazyflie_description:/opt/ros/humble CMAKE_PREFIX_PATH=/home/iiitd/cf_ws/install/crazyflie_interfaces:/home/iiitd/cf_ws/install/crazyflie_sim:/home/iiitd/cf_ws/install/crazyflie_examples:/home/iiitd/cf_ws/install/crazyflie:/home/iiitd/cf_ws/install/crazyflie_description:/home/iiitd/cf_ws/install/my_crazyflie:/home/iiitd/cf_ws/install/crazyflie_server_py:/home/iiitd/cf_ws/install/crazyflie_py:/opt/ros/humble PYTHONPATH=/home/iiitd/cf_ws/build/crazyflie_py:/home/iiitd/cf_ws/install/crazyflie_py/lib/python3.10/site-packages:/home/iiitd/cf_ws/build/my_crazyflie:/home/iiitd/cf_ws/install/my_crazyflie/lib/python3.10/site-packages:/home/iiitd/cf_ws/install/crazyflie_sim/local/lib/python3.10/dist-packages:/home/iiitd/cf_ws/build/crazyflie_server_py:/home/iiitd/cf_ws/install/crazyflie_server_py/lib/python3.10/site-packages:/home/iiitd/cf_ws/install/crazyflie_examples/local/lib/python3.10/dist-packages:/home/iiitd/cf_ws/install/crazyflie_interfaces/local/lib/python3.10/dist-packages:/opt/ros/humble/lib/python3.10/site-packages:/opt/ros/humble/local/lib/python3.10/dist-packages /usr/bin/cmake --build /home/iiitd/cf_ws/build/crazyflie_examples -- -j28 -l28
[10.142s] DEBUG:colcon.colcon_core.event_handler.log_command:Invoking command in '/home/iiitd/cf_ws/build/crazyflie_examples': AMENT_PREFIX_PATH=/home/iiitd/cf_ws/install/crazyflie_py:/home/iiitd/cf_ws/install/my_crazyflie:/home/iiitd/cf_ws/install/crazyflie_sim:/home/iiitd/cf_ws/install/crazyflie_server_py:/home/iiitd/cf_ws/install/crazyflie_examples:/home/iiitd/cf_ws/install/crazyflie:/home/iiitd/cf_ws/install/crazyflie_interfaces:/home/iiitd/cf_ws/install/crazyflie_description:/opt/ros/humble CMAKE_PREFIX_PATH=/home/iiitd/cf_ws/install/crazyflie_interfaces:/home/iiitd/cf_ws/install/crazyflie_sim:/home/iiitd/cf_ws/install/crazyflie_examples:/home/iiitd/cf_ws/install/crazyflie:/home/iiitd/cf_ws/install/crazyflie_description:/home/iiitd/cf_ws/install/my_crazyflie:/home/iiitd/cf_ws/install/crazyflie_server_py:/home/iiitd/cf_ws/install/crazyflie_py:/opt/ros/humble PYTHONPATH=/home/iiitd/cf_ws/build/crazyflie_py:/home/iiitd/cf_ws/install/crazyflie_py/lib/python3.10/site-packages:/home/iiitd/cf_ws/build/my_crazyflie:/home/iiitd/cf_ws/install/my_crazyflie/lib/python3.10/site-packages:/home/iiitd/cf_ws/install/crazyflie_sim/local/lib/python3.10/dist-packages:/home/iiitd/cf_ws/build/crazyflie_server_py:/home/iiitd/cf_ws/install/crazyflie_server_py/lib/python3.10/site-packages:/home/iiitd/cf_ws/install/crazyflie_examples/local/lib/python3.10/dist-packages:/home/iiitd/cf_ws/install/crazyflie_interfaces/local/lib/python3.10/dist-packages:/opt/ros/humble/lib/python3.10/site-packages:/opt/ros/humble/local/lib/python3.10/dist-packages /usr/bin/cmake --install /home/iiitd/cf_ws/build/crazyflie_examples
[10.523s] Level 1:colcon.colcon_core.environment:create_environment_scripts_only(crazyflie_examples)
[10.523s] DEBUG:colcon.colcon_core.event_handler.log_command:Invoked command in '/home/iiitd/cf_ws/build/crazyflie_examples' returned '0': AMENT_PREFIX_PATH=/home/iiitd/cf_ws/install/crazyflie_py:/home/iiitd/cf_ws/install/my_crazyflie:/home/iiitd/cf_ws/install/crazyflie_sim:/home/iiitd/cf_ws/install/crazyflie_server_py:/home/iiitd/cf_ws/install/crazyflie_examples:/home/iiitd/cf_ws/install/crazyflie:/home/iiitd/cf_ws/install/crazyflie_interfaces:/home/iiitd/cf_ws/install/crazyflie_description:/opt/ros/humble CMAKE_PREFIX_PATH=/home/iiitd/cf_ws/install/crazyflie_interfaces:/home/iiitd/cf_ws/install/crazyflie_sim:/home/iiitd/cf_ws/install/crazyflie_examples:/home/iiitd/cf_ws/install/crazyflie:/home/iiitd/cf_ws/install/crazyflie_description:/home/iiitd/cf_ws/install/my_crazyflie:/home/iiitd/cf_ws/install/crazyflie_server_py:/home/iiitd/cf_ws/install/crazyflie_py:/opt/ros/humble PYTHONPATH=/home/iiitd/cf_ws/build/crazyflie_py:/home/iiitd/cf_ws/install/crazyflie_py/lib/python3.10/site-packages:/home/iiitd/cf_ws/build/my_crazyflie:/home/iiitd/cf_ws/install/my_crazyflie/lib/python3.10/site-packages:/home/iiitd/cf_ws/install/crazyflie_sim/local/lib/python3.10/dist-packages:/home/iiitd/cf_ws/build/crazyflie_server_py:/home/iiitd/cf_ws/install/crazyflie_server_py/lib/python3.10/site-packages:/home/iiitd/cf_ws/install/crazyflie_examples/local/lib/python3.10/dist-packages:/home/iiitd/cf_ws/install/crazyflie_interfaces/local/lib/python3.10/dist-packages:/opt/ros/humble/lib/python3.10/site-packages:/opt/ros/humble/local/lib/python3.10/dist-packages /usr/bin/cmake --install /home/iiitd/cf_ws/build/crazyflie_examples
[10.523s] Level 1:colcon.colcon_core.environment:checking '/home/iiitd/cf_ws/install/crazyflie_examples' for CMake module files
[10.524s] Level 1:colcon.colcon_core.environment:checking '/home/iiitd/cf_ws/install/crazyflie_examples' for CMake config files
[10.524s] Level 1:colcon.colcon_core.shell:create_environment_hook('crazyflie_examples', 'cmake_prefix_path')
[10.524s] INFO:colcon.colcon_core.shell:Creating environment hook '/home/iiitd/cf_ws/install/crazyflie_examples/share/crazyflie_examples/hook/cmake_prefix_path.ps1'
[10.525s] INFO:colcon.colcon_core.shell:Creating environment descriptor '/home/iiitd/cf_ws/install/crazyflie_examples/share/crazyflie_examples/hook/cmake_prefix_path.dsv'
[10.525s] INFO:colcon.colcon_core.shell:Creating environment hook '/home/iiitd/cf_ws/install/crazyflie_examples/share/crazyflie_examples/hook/cmake_prefix_path.sh'
[10.525s] Level 1:colcon.colcon_core.environment:checking '/home/iiitd/cf_ws/install/crazyflie_examples/lib'
[10.525s] Level 1:colcon.colcon_core.environment:checking '/home/iiitd/cf_ws/install/crazyflie_examples/bin'
[10.525s] Level 1:colcon.colcon_core.environment:checking '/home/iiitd/cf_ws/install/crazyflie_examples/lib/pkgconfig/crazyflie_examples.pc'
[10.525s] Level 1:colcon.colcon_core.environment:checking '/home/iiitd/cf_ws/install/crazyflie_examples/lib/python3.10/site-packages'
[10.526s] Level 1:colcon.colcon_core.environment:checking '/home/iiitd/cf_ws/install/crazyflie_examples/bin'
[10.526s] INFO:colcon.colcon_core.shell:Creating package script '/home/iiitd/cf_ws/install/crazyflie_examples/share/crazyflie_examples/package.ps1'
[10.526s] INFO:colcon.colcon_core.shell:Creating package descriptor '/home/iiitd/cf_ws/install/crazyflie_examples/share/crazyflie_examples/package.dsv'
[10.527s] INFO:colcon.colcon_core.shell:Creating package script '/home/iiitd/cf_ws/install/crazyflie_examples/share/crazyflie_examples/package.sh'
[10.527s] INFO:colcon.colcon_core.shell:Creating package script '/home/iiitd/cf_ws/install/crazyflie_examples/share/crazyflie_examples/package.bash'
[10.527s] INFO:colcon.colcon_core.shell:Creating package script '/home/iiitd/cf_ws/install/crazyflie_examples/share/crazyflie_examples/package.zsh'
[10.527s] Level 1:colcon.colcon_core.environment:create_file_with_runtime_dependencies(/home/iiitd/cf_ws/install/crazyflie_examples/share/colcon-core/packages/crazyflie_examples)
[10.528s] Level 1:colcon.colcon_core.environment:create_environment_scripts_only(crazyflie_examples)
[10.528s] Level 1:colcon.colcon_core.environment:checking '/home/iiitd/cf_ws/install/crazyflie_examples' for CMake module files
[10.528s] Level 1:colcon.colcon_core.environment:checking '/home/iiitd/cf_ws/install/crazyflie_examples' for CMake config files
[10.529s] Level 1:colcon.colcon_core.shell:create_environment_hook('crazyflie_examples', 'cmake_prefix_path')
[10.529s] INFO:colcon.colcon_core.shell:Creating environment hook '/home/iiitd/cf_ws/install/crazyflie_examples/share/crazyflie_examples/hook/cmake_prefix_path.ps1'
[10.529s] INFO:colcon.colcon_core.shell:Creating environment descriptor '/home/iiitd/cf_ws/install/crazyflie_examples/share/crazyflie_examples/hook/cmake_prefix_path.dsv'
[10.529s] INFO:colcon.colcon_core.shell:Creating environment hook '/home/iiitd/cf_ws/install/crazyflie_examples/share/crazyflie_examples/hook/cmake_prefix_path.sh'
[10.530s] Level 1:colcon.colcon_core.environment:checking '/home/iiitd/cf_ws/install/crazyflie_examples/lib'
[10.530s] Level 1:colcon.colcon_core.environment:checking '/home/iiitd/cf_ws/install/crazyflie_examples/bin'
[10.530s] Level 1:colcon.colcon_core.environment:checking '/home/iiitd/cf_ws/install/crazyflie_examples/lib/pkgconfig/crazyflie_examples.pc'
[10.530s] Level 1:colcon.colcon_core.environment:checking '/home/iiitd/cf_ws/install/crazyflie_examples/lib/python3.10/site-packages'
[10.530s] Level 1:colcon.colcon_core.environment:checking '/home/iiitd/cf_ws/install/crazyflie_examples/bin'
[10.530s] INFO:colcon.colcon_core.shell:Creating package script '/home/iiitd/cf_ws/install/crazyflie_examples/share/crazyflie_examples/package.ps1'
[10.530s] INFO:colcon.colcon_core.shell:Creating package descriptor '/home/iiitd/cf_ws/install/crazyflie_examples/share/crazyflie_examples/package.dsv'
[10.530s] INFO:colcon.colcon_core.shell:Creating package script '/home/iiitd/cf_ws/install/crazyflie_examples/share/crazyflie_examples/package.sh'
[10.531s] INFO:colcon.colcon_core.shell:Creating package script '/home/iiitd/cf_ws/install/crazyflie_examples/share/crazyflie_examples/package.bash'
[10.531s] INFO:colcon.colcon_core.shell:Creating package script '/home/iiitd/cf_ws/install/crazyflie_examples/share/crazyflie_examples/package.zsh'
[10.531s] Level 1:colcon.colcon_core.environment:create_file_with_runtime_dependencies(/home/iiitd/cf_ws/install/crazyflie_examples/share/colcon-core/packages/crazyflie_examples)
[30.813s] DEBUG:colcon.colcon_core.event_handler.log_command:Invoked command in '/home/iiitd/cf_ws/build/crazyflie' returned '0': CMAKE_PREFIX_PATH=/home/iiitd/cf_ws/install/crazyflie_interfaces:/home/iiitd/cf_ws/install/crazyflie_description:/home/iiitd/cf_ws/install/crazyflie_sim:/home/iiitd/cf_ws/install/crazyflie_examples:/home/iiitd/cf_ws/install/crazyflie:/home/iiitd/cf_ws/install/my_crazyflie:/home/iiitd/cf_ws/install/crazyflie_server_py:/home/iiitd/cf_ws/install/crazyflie_py:/opt/ros/humble /usr/bin/cmake --build /home/iiitd/cf_ws/build/crazyflie -- -j28 -l28
[30.813s] DEBUG:colcon.colcon_core.event_handler.log_command:Invoking command in '/home/iiitd/cf_ws/build/crazyflie': CMAKE_PREFIX_PATH=/home/iiitd/cf_ws/install/crazyflie_interfaces:/home/iiitd/cf_ws/install/crazyflie_description:/home/iiitd/cf_ws/install/crazyflie_sim:/home/iiitd/cf_ws/install/crazyflie_examples:/home/iiitd/cf_ws/install/crazyflie:/home/iiitd/cf_ws/install/my_crazyflie:/home/iiitd/cf_ws/install/crazyflie_server_py:/home/iiitd/cf_ws/install/crazyflie_py:/opt/ros/humble /usr/bin/cmake --install /home/iiitd/cf_ws/build/crazyflie
[31.021s] Level 1:colcon.colcon_core.environment:create_environment_scripts_only(crazyflie)
[31.021s] DEBUG:colcon.colcon_core.event_handler.log_command:Invoked command in '/home/iiitd/cf_ws/build/crazyflie' returned '0': CMAKE_PREFIX_PATH=/home/iiitd/cf_ws/install/crazyflie_interfaces:/home/iiitd/cf_ws/install/crazyflie_description:/home/iiitd/cf_ws/install/crazyflie_sim:/home/iiitd/cf_ws/install/crazyflie_examples:/home/iiitd/cf_ws/install/crazyflie:/home/iiitd/cf_ws/install/my_crazyflie:/home/iiitd/cf_ws/install/crazyflie_server_py:/home/iiitd/cf_ws/install/crazyflie_py:/opt/ros/humble /usr/bin/cmake --install /home/iiitd/cf_ws/build/crazyflie
[31.022s] Level 1:colcon.colcon_core.environment:checking '/home/iiitd/cf_ws/install/crazyflie' for CMake module files
[31.022s] Level 1:colcon.colcon_core.environment:checking '/home/iiitd/cf_ws/install/crazyflie' for CMake config files
[31.023s] Level 1:colcon.colcon_core.shell:create_environment_hook('crazyflie', 'cmake_prefix_path')
[31.023s] INFO:colcon.colcon_core.shell:Creating environment hook '/home/iiitd/cf_ws/install/crazyflie/share/crazyflie/hook/cmake_prefix_path.ps1'
[31.023s] INFO:colcon.colcon_core.shell:Creating environment descriptor '/home/iiitd/cf_ws/install/crazyflie/share/crazyflie/hook/cmake_prefix_path.dsv'
[31.023s] INFO:colcon.colcon_core.shell:Creating environment hook '/home/iiitd/cf_ws/install/crazyflie/share/crazyflie/hook/cmake_prefix_path.sh'
[31.024s] Level 1:colcon.colcon_core.environment:checking '/home/iiitd/cf_ws/install/crazyflie/lib'
[31.024s] Level 1:colcon.colcon_core.environment:checking '/home/iiitd/cf_ws/install/crazyflie/bin'
[31.024s] Level 1:colcon.colcon_core.environment:checking '/home/iiitd/cf_ws/install/crazyflie/lib/pkgconfig/crazyflie.pc'
[31.024s] Level 1:colcon.colcon_core.environment:checking '/home/iiitd/cf_ws/install/crazyflie/lib/python3.10/site-packages'
[31.024s] Level 1:colcon.colcon_core.environment:checking '/home/iiitd/cf_ws/install/crazyflie/bin'
[31.024s] INFO:colcon.colcon_core.shell:Creating package script '/home/iiitd/cf_ws/install/crazyflie/share/crazyflie/package.ps1'
[31.024s] INFO:colcon.colcon_core.shell:Creating package descriptor '/home/iiitd/cf_ws/install/crazyflie/share/crazyflie/package.dsv'
[31.025s] INFO:colcon.colcon_core.shell:Creating package script '/home/iiitd/cf_ws/install/crazyflie/share/crazyflie/package.sh'
[31.025s] INFO:colcon.colcon_core.shell:Creating package script '/home/iiitd/cf_ws/install/crazyflie/share/crazyflie/package.bash'
[31.025s] INFO:colcon.colcon_core.shell:Creating package script '/home/iiitd/cf_ws/install/crazyflie/share/crazyflie/package.zsh'
[31.025s] Level 1:colcon.colcon_core.environment:create_file_with_runtime_dependencies(/home/iiitd/cf_ws/install/crazyflie/share/colcon-core/packages/crazyflie)
[31.025s] Level 1:colcon.colcon_core.environment:create_environment_scripts_only(crazyflie)
[31.025s] Level 1:colcon.colcon_core.environment:checking '/home/iiitd/cf_ws/install/crazyflie' for CMake module files
[31.026s] Level 1:colcon.colcon_core.environment:checking '/home/iiitd/cf_ws/install/crazyflie' for CMake config files
[31.026s] Level 1:colcon.colcon_core.shell:create_environment_hook('crazyflie', 'cmake_prefix_path')
[31.026s] INFO:colcon.colcon_core.shell:Creating environment hook '/home/iiitd/cf_ws/install/crazyflie/share/crazyflie/hook/cmake_prefix_path.ps1'
[31.026s] INFO:colcon.colcon_core.shell:Creating environment descriptor '/home/iiitd/cf_ws/install/crazyflie/share/crazyflie/hook/cmake_prefix_path.dsv'
[31.026s] INFO:colcon.colcon_core.shell:Creating environment hook '/home/iiitd/cf_ws/install/crazyflie/share/crazyflie/hook/cmake_prefix_path.sh'
[31.026s] Level 1:colcon.colcon_core.environment:checking '/home/iiitd/cf_ws/install/crazyflie/lib'
[31.026s] Level 1:colcon.colcon_core.environment:checking '/home/iiitd/cf_ws/install/crazyflie/bin'
[31.026s] Level 1:colcon.colcon_core.environment:checking '/home/iiitd/cf_ws/install/crazyflie/lib/pkgconfig/crazyflie.pc'
[31.026s] Level 1:colcon.colcon_core.environment:checking '/home/iiitd/cf_ws/install/crazyflie/lib/python3.10/site-packages'
[31.027s] Level 1:colcon.colcon_core.environment:checking '/home/iiitd/cf_ws/install/crazyflie/bin'
[31.027s] INFO:colcon.colcon_core.shell:Creating package script '/home/iiitd/cf_ws/install/crazyflie/share/crazyflie/package.ps1'
[31.027s] INFO:colcon.colcon_core.shell:Creating package descriptor '/home/iiitd/cf_ws/install/crazyflie/share/crazyflie/package.dsv'
[31.027s] INFO:colcon.colcon_core.shell:Creating package script '/home/iiitd/cf_ws/install/crazyflie/share/crazyflie/package.sh'
[31.028s] INFO:colcon.colcon_core.shell:Creating package script '/home/iiitd/cf_ws/install/crazyflie/share/crazyflie/package.bash'
[31.028s] INFO:colcon.colcon_core.shell:Creating package script '/home/iiitd/cf_ws/install/crazyflie/share/crazyflie/package.zsh'
[31.028s] Level 1:colcon.colcon_core.environment:create_file_with_runtime_dependencies(/home/iiitd/cf_ws/install/crazyflie/share/colcon-core/packages/crazyflie)
[31.028s] DEBUG:colcon.colcon_parallel_executor.executor.parallel:closing loop
[31.028s] DEBUG:colcon.colcon_parallel_executor.executor.parallel:loop closed
[31.028s] DEBUG:colcon.colcon_parallel_executor.executor.parallel:run_until_complete finished with '0'
[31.028s] DEBUG:colcon.colcon_core.event_reactor:joining thread
[31.032s] INFO:colcon.colcon_core.plugin_system:Skipping extension 'colcon_notification.desktop_notification.terminal_notifier': Not used on non-Darwin systems
[31.032s] INFO:colcon.colcon_core.plugin_system:Skipping extension 'colcon_notification.desktop_notification.win32': Not used on non-Windows systems
[31.033s] INFO:colcon.colcon_notification.desktop_notification:Sending desktop notification using 'notify2'
[31.039s] DEBUG:colcon.colcon_core.event_reactor:joined thread
[31.039s] INFO:colcon.colcon_core.shell:Creating prefix script '/home/iiitd/cf_ws/install/local_setup.ps1'
[31.039s] INFO:colcon.colcon_core.shell:Creating prefix util module '/home/iiitd/cf_ws/install/_local_setup_util_ps1.py'
[31.040s] INFO:colcon.colcon_core.shell:Creating prefix chain script '/home/iiitd/cf_ws/install/setup.ps1'
[31.041s] INFO:colcon.colcon_core.shell:Creating prefix script '/home/iiitd/cf_ws/install/local_setup.sh'
[31.041s] INFO:colcon.colcon_core.shell:Creating prefix util module '/home/iiitd/cf_ws/install/_local_setup_util_sh.py'
[31.041s] INFO:colcon.colcon_core.shell:Creating prefix chain script '/home/iiitd/cf_ws/install/setup.sh'
[31.041s] INFO:colcon.colcon_core.shell:Creating prefix script '/home/iiitd/cf_ws/install/local_setup.bash'
[31.042s] INFO:colcon.colcon_core.shell:Creating prefix chain script '/home/iiitd/cf_ws/install/setup.bash'
[31.042s] INFO:colcon.colcon_core.shell:Creating prefix script '/home/iiitd/cf_ws/install/local_setup.zsh'
[31.042s] INFO:colcon.colcon_core.shell:Creating prefix chain script '/home/iiitd/cf_ws/install/setup.zsh'
