[0.007s] Invoking command in '/home/iiitd/cf_ws/build/crazyflie_interfaces': CMAKE_PREFIX_PATH=${CMAKE_PREFIX_PATH}:/home/iiitd/cf_ws/install/my_crazyflie:/home/iiitd/cf_ws/install/crazyflie_server_py:/home/iiitd/cf_ws/install/crazyflie_py:/opt/ros/humble /usr/bin/cmake /home/iiitd/cf_ws/src/crazyswarm2/crazyflie_interfaces -DAMENT_CMAKE_SYMLINK_INSTALL=1 -DCMAKE_INSTALL_PREFIX=/home/iiitd/cf_ws/install/crazyflie_interfaces
[0.084s] -- The C compiler identification is GNU 11.4.0
[0.150s] -- The CXX compiler identification is GNU 11.4.0
[0.157s] -- Detecting C compiler ABI info
[0.203s] -- Detecting C compiler ABI info - done
[0.209s] -- Check for working C compiler: /usr/bin/cc - skipped
[0.210s] -- Detecting C compile features
[0.210s] -- Detecting C compile features - done
[0.212s] -- Detecting CXX compiler ABI info
[0.265s] -- Detecting CXX compiler ABI info - done
[0.271s] -- Check for working CXX compiler: /usr/bin/c++ - skipped
[0.271s] -- Detecting CXX compile features
[0.272s] -- Detecting CXX compile features - done
[0.273s] -- Found ament_cmake: 1.3.14 (/opt/ros/humble/share/ament_cmake/cmake)
[0.363s] -- Found Python3: /usr/bin/python3 (found version "3.10.12") found components: Interpreter 
[0.398s] -- Override CMake install command with custom implementation using symlinks instead of copying resources
[0.418s] -- Found builtin_interfaces: 1.2.3 (/opt/ros/humble/share/builtin_interfaces/cmake)
[0.440s] -- Found rosidl_generator_c: 3.1.9 (/opt/ros/humble/share/rosidl_generator_c/cmake)
[0.443s] -- Found rosidl_adapter: 3.1.9 (/opt/ros/humble/share/rosidl_adapter/cmake)
[0.449s] -- Found rosidl_generator_cpp: 3.1.9 (/opt/ros/humble/share/rosidl_generator_cpp/cmake)
[0.457s] -- Using all available rosidl_typesupport_c: rosidl_typesupport_fastrtps_c;rosidl_typesupport_introspection_c
[0.468s] -- Using all available rosidl_typesupport_cpp: rosidl_typesupport_fastrtps_cpp;rosidl_typesupport_introspection_cpp
[0.477s] -- Found geometry_msgs: 4.9.1 (/opt/ros/humble/share/geometry_msgs/cmake)
[0.495s] -- Found rosidl_default_generators: 1.2.1 (/opt/ros/humble/share/rosidl_default_generators/cmake)
[0.741s] -- Found ament_cmake_cppcheck: 0.12.15 (/opt/ros/humble/share/ament_cmake_cppcheck/cmake)
[0.742s] -- Found ament_cmake_cpplint: 0.12.15 (/opt/ros/humble/share/ament_cmake_cpplint/cmake)
[0.743s] -- Found ament_cmake_uncrustify: 0.12.15 (/opt/ros/humble/share/ament_cmake_uncrustify/cmake)
[0.745s] -- Found ament_cmake_ros: 0.10.0 (/opt/ros/humble/share/ament_cmake_ros/cmake)
[0.964s] -- Using all available rosidl_typesupport_c: rosidl_typesupport_fastrtps_c;rosidl_typesupport_introspection_c
[1.056s] -- Using all available rosidl_typesupport_cpp: rosidl_typesupport_fastrtps_cpp;rosidl_typesupport_introspection_cpp
[1.070s] -- Found PythonInterp: /usr/bin/python3 (found suitable version "3.10.12", minimum required is "3.6") 
[1.071s] -- Found python_cmake_module: 0.10.0 (/opt/ros/humble/share/python_cmake_module/cmake)
[1.088s] -- Found PythonLibs: /usr/lib/x86_64-linux-gnu/libpython3.10.so (found suitable version "3.10.12", minimum required is "3.5") 
[1.088s] -- Using PYTHON_EXECUTABLE: /usr/bin/python3
[1.088s] -- Using PYTHON_INCLUDE_DIRS: /usr/include/python3.10
[1.088s] -- Using PYTHON_LIBRARIES: /usr/lib/x86_64-linux-gnu/libpython3.10.so
[1.099s] -- Found PythonExtra: .so  
[1.136s] -- Found ament_cmake_flake8: 0.12.15 (/opt/ros/humble/share/ament_cmake_flake8/cmake)
[1.137s] -- Found ament_cmake_pep257: 0.12.15 (/opt/ros/humble/share/ament_cmake_pep257/cmake)
[1.189s] -- Configuring done
[1.221s] -- Generating done
[1.227s] -- Build files have been written to: /home/iiitd/cf_ws/build/crazyflie_interfaces
[1.234s] Invoked command in '/home/iiitd/cf_ws/build/crazyflie_interfaces' returned '0': CMAKE_PREFIX_PATH=${CMAKE_PREFIX_PATH}:/home/iiitd/cf_ws/install/my_crazyflie:/home/iiitd/cf_ws/install/crazyflie_server_py:/home/iiitd/cf_ws/install/crazyflie_py:/opt/ros/humble /usr/bin/cmake /home/iiitd/cf_ws/src/crazyswarm2/crazyflie_interfaces -DAMENT_CMAKE_SYMLINK_INSTALL=1 -DCMAKE_INSTALL_PREFIX=/home/iiitd/cf_ws/install/crazyflie_interfaces
[1.234s] Invoking command in '/home/iiitd/cf_ws/build/crazyflie_interfaces': CMAKE_PREFIX_PATH=${CMAKE_PREFIX_PATH}:/home/iiitd/cf_ws/install/my_crazyflie:/home/iiitd/cf_ws/install/crazyflie_server_py:/home/iiitd/cf_ws/install/crazyflie_py:/opt/ros/humble /usr/bin/cmake --build /home/iiitd/cf_ws/build/crazyflie_interfaces -- -j28 -l28
[1.267s] [  0%] [34m[1mGenerating C code for ROS interfaces[0m
[1.273s] [  1%] [34m[1mGenerating Rust code for ROS interfaces[0m
[1.275s] [  1%] [34m[1mGenerating C++ code for ROS interfaces[0m
[1.277s] [  1%] Built target ament_cmake_python_symlink_crazyflie_interfaces
[1.395s] running egg_info
[1.395s] creating crazyflie_interfaces.egg-info
[1.395s] writing crazyflie_interfaces.egg-info/PKG-INFO
[1.395s] writing dependency_links to crazyflie_interfaces.egg-info/dependency_links.txt
[1.395s] writing top-level names to crazyflie_interfaces.egg-info/top_level.txt
[1.395s] writing manifest file 'crazyflie_interfaces.egg-info/SOURCES.txt'
[1.396s] reading manifest file 'crazyflie_interfaces.egg-info/SOURCES.txt'
[1.396s] writing manifest file 'crazyflie_interfaces.egg-info/SOURCES.txt'
[1.410s] [  1%] Built target ament_cmake_python_build_crazyflie_interfaces_egg
[1.614s] [  1%] Built target crazyflie_interfaces__rs
[2.009s] [  1%] Built target crazyflie_interfaces__cpp
[2.017s] [  2%] [34m[1mGenerating C++ type support dispatch for ROS interfaces[0m
[2.017s] [  4%] [34m[1mGenerating C++ type support for eProsima Fast-RTPS[0m
[2.017s] [  4%] [34m[1mGenerating C++ introspection for ROS interfaces[0m
[2.063s] [  5%] [32mBuilding C object CMakeFiles/crazyflie_interfaces__rosidl_generator_c.dir/rosidl_generator_c/crazyflie_interfaces/msg/detail/status__functions.c.o[0m
[2.064s] [  5%] [32mBuilding C object CMakeFiles/crazyflie_interfaces__rosidl_generator_c.dir/rosidl_generator_c/crazyflie_interfaces/msg/detail/connection_statistics__functions.c.o[0m
[2.064s] [  6%] [32mBuilding C object CMakeFiles/crazyflie_interfaces__rosidl_generator_c.dir/rosidl_generator_c/crazyflie_interfaces/msg/detail/log_block__functions.c.o[0m
[2.064s] [  6%] [32mBuilding C object CMakeFiles/crazyflie_interfaces__rosidl_generator_c.dir/rosidl_generator_c/crazyflie_interfaces/msg/detail/full_state__functions.c.o[0m
[2.064s] [  6%] [32mBuilding C object CMakeFiles/crazyflie_interfaces__rosidl_generator_c.dir/rosidl_generator_c/crazyflie_interfaces/msg/detail/connection_statistics_array__functions.c.o[0m
[2.064s] [  7%] [32mBuilding C object CMakeFiles/crazyflie_interfaces__rosidl_generator_c.dir/rosidl_generator_c/crazyflie_interfaces/msg/detail/position__functions.c.o[0m
[2.064s] [  8%] [32mBuilding C object CMakeFiles/crazyflie_interfaces__rosidl_generator_c.dir/rosidl_generator_c/crazyflie_interfaces/msg/detail/hover__functions.c.o[0m
[2.064s] [  8%] [32mBuilding C object CMakeFiles/crazyflie_interfaces__rosidl_generator_c.dir/rosidl_generator_c/crazyflie_interfaces/msg/detail/log_data_generic__functions.c.o[0m
[2.064s] [  8%] [32mBuilding C object CMakeFiles/crazyflie_interfaces__rosidl_generator_c.dir/rosidl_generator_c/crazyflie_interfaces/srv/detail/land__functions.c.o[0m
[2.064s] [  8%] [32mBuilding C object CMakeFiles/crazyflie_interfaces__rosidl_generator_c.dir/rosidl_generator_c/crazyflie_interfaces/srv/detail/set_group_mask__functions.c.o[0m
[2.065s] [  9%] [32mBuilding C object CMakeFiles/crazyflie_interfaces__rosidl_generator_c.dir/rosidl_generator_c/crazyflie_interfaces/srv/detail/notify_setpoints_stop__functions.c.o[0m
[2.065s] [ 10%] [32mBuilding C object CMakeFiles/crazyflie_interfaces__rosidl_generator_c.dir/rosidl_generator_c/crazyflie_interfaces/msg/detail/trajectory_polynomial_piece__functions.c.o[0m
[2.065s] [ 10%] [32mBuilding C object CMakeFiles/crazyflie_interfaces__rosidl_generator_c.dir/rosidl_generator_c/crazyflie_interfaces/msg/detail/velocity_world__functions.c.o[0m
[2.065s] [ 11%] [32mBuilding C object CMakeFiles/crazyflie_interfaces__rosidl_generator_c.dir/rosidl_generator_c/crazyflie_interfaces/srv/detail/takeoff__functions.c.o[0m
[2.065s] [ 13%] [32mBuilding C object CMakeFiles/crazyflie_interfaces__rosidl_generator_c.dir/rosidl_generator_c/crazyflie_interfaces/srv/detail/go_to__functions.c.o[0m
[2.065s] [ 13%] [32mBuilding C object CMakeFiles/crazyflie_interfaces__rosidl_generator_c.dir/rosidl_generator_c/crazyflie_interfaces/srv/detail/start_trajectory__functions.c.o[0m
[2.065s] [ 13%] [32mBuilding C object CMakeFiles/crazyflie_interfaces__rosidl_generator_c.dir/rosidl_generator_c/crazyflie_interfaces/srv/detail/stop__functions.c.o[0m
[2.065s] [ 14%] [32mBuilding C object CMakeFiles/crazyflie_interfaces__rosidl_generator_c.dir/rosidl_generator_c/crazyflie_interfaces/srv/detail/upload_trajectory__functions.c.o[0m
[2.066s] [ 15%] [32mBuilding C object CMakeFiles/crazyflie_interfaces__rosidl_generator_c.dir/rosidl_generator_c/crazyflie_interfaces/srv/detail/add_logging__functions.c.o[0m
[2.066s] [ 15%] [32mBuilding C object CMakeFiles/crazyflie_interfaces__rosidl_generator_c.dir/rosidl_generator_c/crazyflie_interfaces/srv/detail/remove_logging__functions.c.o[0m
[2.066s] [ 15%] [32mBuilding C object CMakeFiles/crazyflie_interfaces__rosidl_generator_c.dir/rosidl_generator_c/crazyflie_interfaces/srv/detail/arm__functions.c.o[0m
[2.066s] [ 15%] [32mBuilding C object CMakeFiles/crazyflie_interfaces__rosidl_generator_c.dir/rosidl_generator_c/crazyflie_interfaces/srv/detail/update_params__functions.c.o[0m
[2.118s] [ 16%] [32m[1mLinking C shared library libcrazyflie_interfaces__rosidl_generator_c.so[0m
[2.150s] [ 16%] Built target crazyflie_interfaces__rosidl_generator_c
[2.159s] [ 19%] [34m[1mGenerating C introspection for ROS interfaces[0m
[2.159s] [ 19%] [34m[1mGenerating C type support for eProsima Fast-RTPS[0m
[2.159s] [ 19%] [34m[1mGenerating C type support dispatch for ROS interfaces[0m
[2.551s] [ 20%] [32mBuilding CXX object CMakeFiles/crazyflie_interfaces__rosidl_typesupport_cpp.dir/rosidl_typesupport_cpp/crazyflie_interfaces/msg/hover__type_support.cpp.o[0m
[2.551s] [ 20%] [32mBuilding CXX object CMakeFiles/crazyflie_interfaces__rosidl_typesupport_cpp.dir/rosidl_typesupport_cpp/crazyflie_interfaces/msg/log_block__type_support.cpp.o[0m
[2.551s] [ 20%] [32mBuilding CXX object CMakeFiles/crazyflie_interfaces__rosidl_typesupport_cpp.dir/rosidl_typesupport_cpp/crazyflie_interfaces/msg/connection_statistics__type_support.cpp.o[0m
[2.551s] [ 23%] [32mBuilding CXX object CMakeFiles/crazyflie_interfaces__rosidl_typesupport_cpp.dir/rosidl_typesupport_cpp/crazyflie_interfaces/msg/log_data_generic__type_support.cpp.o[0m
[2.551s] [ 23%] [32mBuilding CXX object CMakeFiles/crazyflie_interfaces__rosidl_typesupport_cpp.dir/rosidl_typesupport_cpp/crazyflie_interfaces/msg/connection_statistics_array__type_support.cpp.o[0m
[2.551s] [ 23%] [32mBuilding CXX object CMakeFiles/crazyflie_interfaces__rosidl_typesupport_cpp.dir/rosidl_typesupport_cpp/crazyflie_interfaces/msg/velocity_world__type_support.cpp.o[0m
[2.551s] [ 23%] [32mBuilding CXX object CMakeFiles/crazyflie_interfaces__rosidl_typesupport_cpp.dir/rosidl_typesupport_cpp/crazyflie_interfaces/msg/trajectory_polynomial_piece__type_support.cpp.o[0m
[2.551s] [ 23%] [32mBuilding CXX object CMakeFiles/crazyflie_interfaces__rosidl_typesupport_cpp.dir/rosidl_typesupport_cpp/crazyflie_interfaces/msg/full_state__type_support.cpp.o[0m
[2.551s] [ 23%] [32mBuilding CXX object CMakeFiles/crazyflie_interfaces__rosidl_typesupport_cpp.dir/rosidl_typesupport_cpp/crazyflie_interfaces/srv/go_to__type_support.cpp.o[0m
[2.551s] [ 23%] [32mBuilding CXX object CMakeFiles/crazyflie_interfaces__rosidl_typesupport_cpp.dir/rosidl_typesupport_cpp/crazyflie_interfaces/msg/position__type_support.cpp.o[0m
[2.551s] [ 24%] [32mBuilding CXX object CMakeFiles/crazyflie_interfaces__rosidl_typesupport_cpp.dir/rosidl_typesupport_cpp/crazyflie_interfaces/msg/status__type_support.cpp.o[0m
[2.551s] [ 25%] [32mBuilding CXX object CMakeFiles/crazyflie_interfaces__rosidl_typesupport_cpp.dir/rosidl_typesupport_cpp/crazyflie_interfaces/srv/land__type_support.cpp.o[0m
[2.551s] [ 25%] [32mBuilding CXX object CMakeFiles/crazyflie_interfaces__rosidl_typesupport_cpp.dir/rosidl_typesupport_cpp/crazyflie_interfaces/srv/start_trajectory__type_support.cpp.o[0m
[2.551s] [ 26%] [32mBuilding CXX object CMakeFiles/crazyflie_interfaces__rosidl_typesupport_cpp.dir/rosidl_typesupport_cpp/crazyflie_interfaces/srv/set_group_mask__type_support.cpp.o[0m
[2.552s] [ 27%] [32mBuilding CXX object CMakeFiles/crazyflie_interfaces__rosidl_typesupport_cpp.dir/rosidl_typesupport_cpp/crazyflie_interfaces/srv/update_params__type_support.cpp.o[0m
[2.552s] [ 27%] [32mBuilding CXX object CMakeFiles/crazyflie_interfaces__rosidl_typesupport_cpp.dir/rosidl_typesupport_cpp/crazyflie_interfaces/srv/upload_trajectory__type_support.cpp.o[0m
[2.552s] [ 27%] [32mBuilding CXX object CMakeFiles/crazyflie_interfaces__rosidl_typesupport_cpp.dir/rosidl_typesupport_cpp/crazyflie_interfaces/srv/notify_setpoints_stop__type_support.cpp.o[0m
[2.552s] [ 27%] [32mBuilding CXX object CMakeFiles/crazyflie_interfaces__rosidl_typesupport_cpp.dir/rosidl_typesupport_cpp/crazyflie_interfaces/srv/takeoff__type_support.cpp.o[0m
[2.552s] [ 28%] [32mBuilding CXX object CMakeFiles/crazyflie_interfaces__rosidl_typesupport_cpp.dir/rosidl_typesupport_cpp/crazyflie_interfaces/srv/stop__type_support.cpp.o[0m
[2.552s] [ 29%] [32mBuilding CXX object CMakeFiles/crazyflie_interfaces__rosidl_typesupport_cpp.dir/rosidl_typesupport_cpp/crazyflie_interfaces/srv/remove_logging__type_support.cpp.o[0m
[2.552s] [ 29%] [32mBuilding CXX object CMakeFiles/crazyflie_interfaces__rosidl_typesupport_cpp.dir/rosidl_typesupport_cpp/crazyflie_interfaces/srv/add_logging__type_support.cpp.o[0m
[2.552s] [ 30%] [32mBuilding CXX object CMakeFiles/crazyflie_interfaces__rosidl_typesupport_cpp.dir/rosidl_typesupport_cpp/crazyflie_interfaces/srv/arm__type_support.cpp.o[0m
[2.767s] [ 30%] [32mBuilding CXX object CMakeFiles/crazyflie_interfaces__rosidl_typesupport_c.dir/rosidl_typesupport_c/crazyflie_interfaces/msg/connection_statistics__type_support.cpp.o[0m
[2.770s] [ 31%] [32mBuilding CXX object CMakeFiles/crazyflie_interfaces__rosidl_typesupport_c.dir/rosidl_typesupport_c/crazyflie_interfaces/msg/connection_statistics_array__type_support.cpp.o[0m
[2.784s] [ 32%] [32mBuilding CXX object CMakeFiles/crazyflie_interfaces__rosidl_typesupport_c.dir/rosidl_typesupport_c/crazyflie_interfaces/msg/log_block__type_support.cpp.o[0m
[2.784s] [ 33%] [32mBuilding CXX object CMakeFiles/crazyflie_interfaces__rosidl_typesupport_c.dir/rosidl_typesupport_c/crazyflie_interfaces/msg/full_state__type_support.cpp.o[0m
[2.785s] [ 33%] [32mBuilding CXX object CMakeFiles/crazyflie_interfaces__rosidl_typesupport_c.dir/rosidl_typesupport_c/crazyflie_interfaces/msg/log_data_generic__type_support.cpp.o[0m
[2.785s] [ 33%] [32mBuilding CXX object CMakeFiles/crazyflie_interfaces__rosidl_typesupport_c.dir/rosidl_typesupport_c/crazyflie_interfaces/msg/position__type_support.cpp.o[0m
[2.785s] [ 33%] [32mBuilding CXX object CMakeFiles/crazyflie_interfaces__rosidl_typesupport_c.dir/rosidl_typesupport_c/crazyflie_interfaces/msg/hover__type_support.cpp.o[0m
[2.786s] [ 34%] [32mBuilding CXX object CMakeFiles/crazyflie_interfaces__rosidl_typesupport_c.dir/rosidl_typesupport_c/crazyflie_interfaces/msg/status__type_support.cpp.o[0m
[2.786s] [ 34%] [32mBuilding CXX object CMakeFiles/crazyflie_interfaces__rosidl_typesupport_c.dir/rosidl_typesupport_c/crazyflie_interfaces/msg/trajectory_polynomial_piece__type_support.cpp.o[0m
[2.793s] [ 35%] [32mBuilding CXX object CMakeFiles/crazyflie_interfaces__rosidl_typesupport_c.dir/rosidl_typesupport_c/crazyflie_interfaces/srv/go_to__type_support.cpp.o[0m
[2.793s] [ 35%] [32mBuilding CXX object CMakeFiles/crazyflie_interfaces__rosidl_typesupport_c.dir/rosidl_typesupport_c/crazyflie_interfaces/msg/velocity_world__type_support.cpp.o[0m
[2.794s] [ 36%] [32mBuilding CXX object CMakeFiles/crazyflie_interfaces__rosidl_typesupport_c.dir/rosidl_typesupport_c/crazyflie_interfaces/srv/land__type_support.cpp.o[0m
[2.798s] [ 36%] [32mBuilding CXX object CMakeFiles/crazyflie_interfaces__rosidl_typesupport_c.dir/rosidl_typesupport_c/crazyflie_interfaces/srv/notify_setpoints_stop__type_support.cpp.o[0m
[2.801s] [ 37%] [32mBuilding CXX object CMakeFiles/crazyflie_interfaces__rosidl_typesupport_c.dir/rosidl_typesupport_c/crazyflie_interfaces/srv/set_group_mask__type_support.cpp.o[0m
[2.804s] [ 38%] [32mBuilding CXX object CMakeFiles/crazyflie_interfaces__rosidl_typesupport_c.dir/rosidl_typesupport_c/crazyflie_interfaces/srv/stop__type_support.cpp.o[0m
[2.804s] [ 38%] [32mBuilding CXX object CMakeFiles/crazyflie_interfaces__rosidl_typesupport_c.dir/rosidl_typesupport_c/crazyflie_interfaces/srv/takeoff__type_support.cpp.o[0m
[2.804s] [ 38%] [32mBuilding CXX object CMakeFiles/crazyflie_interfaces__rosidl_typesupport_c.dir/rosidl_typesupport_c/crazyflie_interfaces/srv/start_trajectory__type_support.cpp.o[0m
[2.807s] [ 39%] [32mBuilding CXX object CMakeFiles/crazyflie_interfaces__rosidl_typesupport_c.dir/rosidl_typesupport_c/crazyflie_interfaces/srv/update_params__type_support.cpp.o[0m
[2.807s] [ 39%] [32mBuilding CXX object CMakeFiles/crazyflie_interfaces__rosidl_typesupport_c.dir/rosidl_typesupport_c/crazyflie_interfaces/srv/upload_trajectory__type_support.cpp.o[0m
[2.807s] [ 39%] [32mBuilding CXX object CMakeFiles/crazyflie_interfaces__rosidl_typesupport_c.dir/rosidl_typesupport_c/crazyflie_interfaces/srv/add_logging__type_support.cpp.o[0m
[2.808s] [ 40%] [32mBuilding CXX object CMakeFiles/crazyflie_interfaces__rosidl_typesupport_c.dir/rosidl_typesupport_c/crazyflie_interfaces/srv/remove_logging__type_support.cpp.o[0m
[2.809s] [ 41%] [32mBuilding CXX object CMakeFiles/crazyflie_interfaces__rosidl_typesupport_c.dir/rosidl_typesupport_c/crazyflie_interfaces/srv/arm__type_support.cpp.o[0m
[2.813s] [ 41%] [32m[1mLinking CXX shared library libcrazyflie_interfaces__rosidl_typesupport_cpp.so[0m
[2.833s] [ 42%] [32mBuilding CXX object CMakeFiles/crazyflie_interfaces__rosidl_typesupport_introspection_cpp.dir/rosidl_typesupport_introspection_cpp/crazyflie_interfaces/msg/detail/connection_statistics_array__type_support.cpp.o[0m
[2.833s] [ 44%] [32mBuilding CXX object CMakeFiles/crazyflie_interfaces__rosidl_typesupport_introspection_cpp.dir/rosidl_typesupport_introspection_cpp/crazyflie_interfaces/msg/detail/log_block__type_support.cpp.o[0m
[2.833s] [ 44%] [32mBuilding CXX object CMakeFiles/crazyflie_interfaces__rosidl_typesupport_introspection_cpp.dir/rosidl_typesupport_introspection_cpp/crazyflie_interfaces/msg/detail/log_data_generic__type_support.cpp.o[0m
[2.833s] [ 44%] [32mBuilding CXX object CMakeFiles/crazyflie_interfaces__rosidl_typesupport_introspection_cpp.dir/rosidl_typesupport_introspection_cpp/crazyflie_interfaces/msg/detail/position__type_support.cpp.o[0m
[2.833s] [ 44%] [32mBuilding CXX object CMakeFiles/crazyflie_interfaces__rosidl_typesupport_introspection_cpp.dir/rosidl_typesupport_introspection_cpp/crazyflie_interfaces/msg/detail/connection_statistics__type_support.cpp.o[0m
[2.833s] [ 44%] [32mBuilding CXX object CMakeFiles/crazyflie_interfaces__rosidl_typesupport_introspection_cpp.dir/rosidl_typesupport_introspection_cpp/crazyflie_interfaces/msg/detail/full_state__type_support.cpp.o[0m
[2.833s] [ 44%] [32m[1mLinking CXX shared library libcrazyflie_interfaces__rosidl_typesupport_c.so[0m
[2.833s] [ 45%] [32mBuilding CXX object CMakeFiles/crazyflie_interfaces__rosidl_typesupport_introspection_cpp.dir/rosidl_typesupport_introspection_cpp/crazyflie_interfaces/msg/detail/status__type_support.cpp.o[0m
[2.833s] [ 46%] [32mBuilding CXX object CMakeFiles/crazyflie_interfaces__rosidl_typesupport_introspection_cpp.dir/rosidl_typesupport_introspection_cpp/crazyflie_interfaces/msg/detail/velocity_world__type_support.cpp.o[0m
[2.833s] [ 46%] [32mBuilding CXX object CMakeFiles/crazyflie_interfaces__rosidl_typesupport_introspection_cpp.dir/rosidl_typesupport_introspection_cpp/crazyflie_interfaces/msg/detail/hover__type_support.cpp.o[0m
[2.834s] [ 46%] [32mBuilding CXX object CMakeFiles/crazyflie_interfaces__rosidl_typesupport_introspection_cpp.dir/rosidl_typesupport_introspection_cpp/crazyflie_interfaces/srv/detail/notify_setpoints_stop__type_support.cpp.o[0m
[2.834s] [ 47%] [32mBuilding CXX object CMakeFiles/crazyflie_interfaces__rosidl_typesupport_introspection_cpp.dir/rosidl_typesupport_introspection_cpp/crazyflie_interfaces/srv/detail/set_group_mask__type_support.cpp.o[0m
[2.834s] [ 47%] [32mBuilding CXX object CMakeFiles/crazyflie_interfaces__rosidl_typesupport_introspection_cpp.dir/rosidl_typesupport_introspection_cpp/crazyflie_interfaces/msg/detail/trajectory_polynomial_piece__type_support.cpp.o[0m
[2.834s] [ 47%] [32mBuilding CXX object CMakeFiles/crazyflie_interfaces__rosidl_typesupport_introspection_cpp.dir/rosidl_typesupport_introspection_cpp/crazyflie_interfaces/srv/detail/start_trajectory__type_support.cpp.o[0m
[2.834s] [ 47%] [32mBuilding CXX object CMakeFiles/crazyflie_interfaces__rosidl_typesupport_introspection_cpp.dir/rosidl_typesupport_introspection_cpp/crazyflie_interfaces/srv/detail/go_to__type_support.cpp.o[0m
[2.834s] [ 47%] [32mBuilding CXX object CMakeFiles/crazyflie_interfaces__rosidl_typesupport_introspection_cpp.dir/rosidl_typesupport_introspection_cpp/crazyflie_interfaces/srv/detail/takeoff__type_support.cpp.o[0m
[2.835s] [ 48%] [32mBuilding CXX object CMakeFiles/crazyflie_interfaces__rosidl_typesupport_introspection_cpp.dir/rosidl_typesupport_introspection_cpp/crazyflie_interfaces/srv/detail/stop__type_support.cpp.o[0m
[2.835s] [ 50%] [32mBuilding CXX object CMakeFiles/crazyflie_interfaces__rosidl_typesupport_introspection_cpp.dir/rosidl_typesupport_introspection_cpp/crazyflie_interfaces/srv/detail/remove_logging__type_support.cpp.o[0m
[2.835s] [ 50%] [32mBuilding CXX object CMakeFiles/crazyflie_interfaces__rosidl_typesupport_introspection_cpp.dir/rosidl_typesupport_introspection_cpp/crazyflie_interfaces/srv/detail/land__type_support.cpp.o[0m
[2.835s] [ 50%] [32mBuilding CXX object CMakeFiles/crazyflie_interfaces__rosidl_typesupport_introspection_cpp.dir/rosidl_typesupport_introspection_cpp/crazyflie_interfaces/srv/detail/add_logging__type_support.cpp.o[0m
[2.836s] [ 51%] [32mBuilding CXX object CMakeFiles/crazyflie_interfaces__rosidl_typesupport_introspection_cpp.dir/rosidl_typesupport_introspection_cpp/crazyflie_interfaces/srv/detail/update_params__type_support.cpp.o[0m
[2.836s] [ 51%] [32mBuilding CXX object CMakeFiles/crazyflie_interfaces__rosidl_typesupport_introspection_cpp.dir/rosidl_typesupport_introspection_cpp/crazyflie_interfaces/srv/detail/upload_trajectory__type_support.cpp.o[0m
[2.836s] [ 52%] [32mBuilding CXX object CMakeFiles/crazyflie_interfaces__rosidl_typesupport_introspection_cpp.dir/rosidl_typesupport_introspection_cpp/crazyflie_interfaces/srv/detail/arm__type_support.cpp.o[0m
[2.850s] [ 52%] Built target crazyflie_interfaces__rosidl_typesupport_cpp
[2.872s] [ 52%] Built target crazyflie_interfaces__rosidl_typesupport_c
[3.095s] [ 52%] [32mBuilding CXX object CMakeFiles/crazyflie_interfaces__rosidl_typesupport_fastrtps_cpp.dir/rosidl_typesupport_fastrtps_cpp/crazyflie_interfaces/msg/detail/dds_fastrtps/connection_statistics__type_support.cpp.o[0m
[3.101s] [ 53%] [32mBuilding CXX object CMakeFiles/crazyflie_interfaces__rosidl_typesupport_fastrtps_cpp.dir/rosidl_typesupport_fastrtps_cpp/crazyflie_interfaces/msg/detail/dds_fastrtps/connection_statistics_array__type_support.cpp.o[0m
[3.113s] [ 53%] [32mBuilding CXX object CMakeFiles/crazyflie_interfaces__rosidl_typesupport_fastrtps_cpp.dir/rosidl_typesupport_fastrtps_cpp/crazyflie_interfaces/msg/detail/dds_fastrtps/full_state__type_support.cpp.o[0m
[3.113s] [ 54%] [32mBuilding CXX object CMakeFiles/crazyflie_interfaces__rosidl_typesupport_fastrtps_cpp.dir/rosidl_typesupport_fastrtps_cpp/crazyflie_interfaces/msg/detail/dds_fastrtps/log_data_generic__type_support.cpp.o[0m
[3.114s] [ 54%] [32mBuilding CXX object CMakeFiles/crazyflie_interfaces__rosidl_typesupport_fastrtps_cpp.dir/rosidl_typesupport_fastrtps_cpp/crazyflie_interfaces/msg/detail/dds_fastrtps/hover__type_support.cpp.o[0m
[3.135s] [ 55%] [32mBuilding CXX object CMakeFiles/crazyflie_interfaces__rosidl_typesupport_fastrtps_cpp.dir/rosidl_typesupport_fastrtps_cpp/crazyflie_interfaces/msg/detail/dds_fastrtps/log_block__type_support.cpp.o[0m
[3.151s] [ 55%] [32mBuilding CXX object CMakeFiles/crazyflie_interfaces__rosidl_typesupport_fastrtps_cpp.dir/rosidl_typesupport_fastrtps_cpp/crazyflie_interfaces/msg/detail/dds_fastrtps/position__type_support.cpp.o[0m
[3.163s] [ 56%] [32mBuilding CXX object CMakeFiles/crazyflie_interfaces__rosidl_typesupport_fastrtps_cpp.dir/rosidl_typesupport_fastrtps_cpp/crazyflie_interfaces/msg/detail/dds_fastrtps/status__type_support.cpp.o[0m
[3.164s] [ 57%] [32mBuilding CXX object CMakeFiles/crazyflie_interfaces__rosidl_typesupport_fastrtps_cpp.dir/rosidl_typesupport_fastrtps_cpp/crazyflie_interfaces/msg/detail/dds_fastrtps/velocity_world__type_support.cpp.o[0m
[3.164s] [ 57%] [32mBuilding CXX object CMakeFiles/crazyflie_interfaces__rosidl_typesupport_fastrtps_cpp.dir/rosidl_typesupport_fastrtps_cpp/crazyflie_interfaces/msg/detail/dds_fastrtps/trajectory_polynomial_piece__type_support.cpp.o[0m
[3.164s] [ 57%] [32mBuilding CXX object CMakeFiles/crazyflie_interfaces__rosidl_typesupport_fastrtps_cpp.dir/rosidl_typesupport_fastrtps_cpp/crazyflie_interfaces/srv/detail/dds_fastrtps/go_to__type_support.cpp.o[0m
[3.173s] [ 58%] [32mBuilding CXX object CMakeFiles/crazyflie_interfaces__rosidl_typesupport_fastrtps_cpp.dir/rosidl_typesupport_fastrtps_cpp/crazyflie_interfaces/srv/detail/dds_fastrtps/land__type_support.cpp.o[0m
[3.178s] [ 58%] [32mBuilding C object CMakeFiles/crazyflie_interfaces__rosidl_typesupport_introspection_c.dir/rosidl_typesupport_introspection_c/crazyflie_interfaces/msg/detail/connection_statistics__type_support.c.o[0m
[3.186s] [ 58%] [32mBuilding CXX object CMakeFiles/crazyflie_interfaces__rosidl_typesupport_fastrtps_cpp.dir/rosidl_typesupport_fastrtps_cpp/crazyflie_interfaces/srv/detail/dds_fastrtps/notify_setpoints_stop__type_support.cpp.o[0m
[3.192s] [ 59%] [32mBuilding CXX object CMakeFiles/crazyflie_interfaces__rosidl_typesupport_fastrtps_cpp.dir/rosidl_typesupport_fastrtps_cpp/crazyflie_interfaces/srv/detail/dds_fastrtps/set_group_mask__type_support.cpp.o[0m
[3.195s] [ 60%] [32mBuilding CXX object CMakeFiles/crazyflie_interfaces__rosidl_typesupport_fastrtps_cpp.dir/rosidl_typesupport_fastrtps_cpp/crazyflie_interfaces/srv/detail/dds_fastrtps/start_trajectory__type_support.cpp.o[0m
[3.195s] [ 60%] [32mBuilding C object CMakeFiles/crazyflie_interfaces__rosidl_typesupport_introspection_c.dir/rosidl_typesupport_introspection_c/crazyflie_interfaces/msg/detail/connection_statistics_array__type_support.c.o[0m
[3.195s] [ 60%] [32mBuilding C object CMakeFiles/crazyflie_interfaces__rosidl_typesupport_introspection_c.dir/rosidl_typesupport_introspection_c/crazyflie_interfaces/msg/detail/full_state__type_support.c.o[0m
[3.197s] [ 62%] [32mBuilding CXX object CMakeFiles/crazyflie_interfaces__rosidl_typesupport_fastrtps_cpp.dir/rosidl_typesupport_fastrtps_cpp/crazyflie_interfaces/srv/detail/dds_fastrtps/stop__type_support.cpp.o[0m
[3.197s] [ 62%] [32mBuilding C object CMakeFiles/crazyflie_interfaces__rosidl_typesupport_introspection_c.dir/rosidl_typesupport_introspection_c/crazyflie_interfaces/msg/detail/log_data_generic__type_support.c.o[0m
[3.197s] [ 63%] [32mBuilding CXX object CMakeFiles/crazyflie_interfaces__rosidl_typesupport_fastrtps_cpp.dir/rosidl_typesupport_fastrtps_cpp/crazyflie_interfaces/srv/detail/dds_fastrtps/update_params__type_support.cpp.o[0m
[3.198s] [ 63%] [32mBuilding CXX object CMakeFiles/crazyflie_interfaces__rosidl_typesupport_fastrtps_cpp.dir/rosidl_typesupport_fastrtps_cpp/crazyflie_interfaces/srv/detail/dds_fastrtps/takeoff__type_support.cpp.o[0m
[3.200s] [ 63%] [32mBuilding C object CMakeFiles/crazyflie_interfaces__rosidl_typesupport_introspection_c.dir/rosidl_typesupport_introspection_c/crazyflie_interfaces/msg/detail/hover__type_support.c.o[0m
[3.214s] [ 64%] [32mBuilding C object CMakeFiles/crazyflie_interfaces__rosidl_typesupport_introspection_c.dir/rosidl_typesupport_introspection_c/crazyflie_interfaces/msg/detail/log_block__type_support.c.o[0m
[3.224s] [ 64%] [32mBuilding CXX object CMakeFiles/crazyflie_interfaces__rosidl_typesupport_fastrtps_cpp.dir/rosidl_typesupport_fastrtps_cpp/crazyflie_interfaces/srv/detail/dds_fastrtps/upload_trajectory__type_support.cpp.o[0m
[3.226s] [ 65%] [32mBuilding CXX object CMakeFiles/crazyflie_interfaces__rosidl_typesupport_fastrtps_cpp.dir/rosidl_typesupport_fastrtps_cpp/crazyflie_interfaces/srv/detail/dds_fastrtps/remove_logging__type_support.cpp.o[0m
[3.234s] [ 65%] [32mBuilding CXX object CMakeFiles/crazyflie_interfaces__rosidl_typesupport_fastrtps_cpp.dir/rosidl_typesupport_fastrtps_cpp/crazyflie_interfaces/srv/detail/dds_fastrtps/add_logging__type_support.cpp.o[0m
[3.234s] [ 65%] [32mBuilding C object CMakeFiles/crazyflie_interfaces__rosidl_typesupport_introspection_c.dir/rosidl_typesupport_introspection_c/crazyflie_interfaces/msg/detail/position__type_support.c.o[0m
[3.238s] [ 66%] [32mBuilding CXX object CMakeFiles/crazyflie_interfaces__rosidl_typesupport_fastrtps_cpp.dir/rosidl_typesupport_fastrtps_cpp/crazyflie_interfaces/srv/detail/dds_fastrtps/arm__type_support.cpp.o[0m
[3.238s] [ 67%] [32m[1mLinking CXX shared library libcrazyflie_interfaces__rosidl_typesupport_introspection_cpp.so[0m
[3.239s] [ 67%] [32mBuilding C object CMakeFiles/crazyflie_interfaces__rosidl_typesupport_introspection_c.dir/rosidl_typesupport_introspection_c/crazyflie_interfaces/msg/detail/status__type_support.c.o[0m
[3.251s] [ 67%] [32mBuilding C object CMakeFiles/crazyflie_interfaces__rosidl_typesupport_introspection_c.dir/rosidl_typesupport_introspection_c/crazyflie_interfaces/msg/detail/trajectory_polynomial_piece__type_support.c.o[0m
[3.251s] [ 68%] [32mBuilding C object CMakeFiles/crazyflie_interfaces__rosidl_typesupport_introspection_c.dir/rosidl_typesupport_introspection_c/crazyflie_interfaces/msg/detail/velocity_world__type_support.c.o[0m
[3.273s] [ 69%] [32mBuilding C object CMakeFiles/crazyflie_interfaces__rosidl_typesupport_introspection_c.dir/rosidl_typesupport_introspection_c/crazyflie_interfaces/srv/detail/land__type_support.c.o[0m
[3.274s] [ 69%] [32mBuilding C object CMakeFiles/crazyflie_interfaces__rosidl_typesupport_introspection_c.dir/rosidl_typesupport_introspection_c/crazyflie_interfaces/srv/detail/go_to__type_support.c.o[0m
[3.292s] [ 69%] [32mBuilding C object CMakeFiles/crazyflie_interfaces__rosidl_typesupport_introspection_c.dir/rosidl_typesupport_introspection_c/crazyflie_interfaces/srv/detail/notify_setpoints_stop__type_support.c.o[0m
[3.293s] [ 70%] [32mBuilding C object CMakeFiles/crazyflie_interfaces__rosidl_typesupport_introspection_c.dir/rosidl_typesupport_introspection_c/crazyflie_interfaces/srv/detail/set_group_mask__type_support.c.o[0m
[3.309s] [ 71%] [32mBuilding C object CMakeFiles/crazyflie_interfaces__rosidl_typesupport_introspection_c.dir/rosidl_typesupport_introspection_c/crazyflie_interfaces/srv/detail/start_trajectory__type_support.c.o[0m
[3.309s] [ 71%] [32mBuilding C object CMakeFiles/crazyflie_interfaces__rosidl_typesupport_introspection_c.dir/rosidl_typesupport_introspection_c/crazyflie_interfaces/srv/detail/stop__type_support.c.o[0m
[3.319s] [ 71%] [32mBuilding CXX object CMakeFiles/crazyflie_interfaces__rosidl_typesupport_fastrtps_c.dir/rosidl_typesupport_fastrtps_c/crazyflie_interfaces/msg/detail/connection_statistics__type_support_c.cpp.o[0m
[3.327s] [ 71%] [32mBuilding C object CMakeFiles/crazyflie_interfaces__rosidl_typesupport_introspection_c.dir/rosidl_typesupport_introspection_c/crazyflie_interfaces/srv/detail/takeoff__type_support.c.o[0m
[3.327s] [ 72%] [32mBuilding CXX object CMakeFiles/crazyflie_interfaces__rosidl_typesupport_fastrtps_c.dir/rosidl_typesupport_fastrtps_c/crazyflie_interfaces/msg/detail/connection_statistics_array__type_support_c.cpp.o[0m
[3.328s] [ 72%] Built target crazyflie_interfaces__rosidl_typesupport_introspection_cpp
[3.337s] [ 73%] [32mBuilding C object CMakeFiles/crazyflie_interfaces__rosidl_typesupport_introspection_c.dir/rosidl_typesupport_introspection_c/crazyflie_interfaces/srv/detail/update_params__type_support.c.o[0m
[3.339s] [ 73%] [32mBuilding C object CMakeFiles/crazyflie_interfaces__rosidl_typesupport_introspection_c.dir/rosidl_typesupport_introspection_c/crazyflie_interfaces/srv/detail/upload_trajectory__type_support.c.o[0m
[3.339s] [ 73%] [32mBuilding CXX object CMakeFiles/crazyflie_interfaces__rosidl_typesupport_fastrtps_c.dir/rosidl_typesupport_fastrtps_c/crazyflie_interfaces/msg/detail/full_state__type_support_c.cpp.o[0m
[3.365s] [ 74%] [32mBuilding CXX object CMakeFiles/crazyflie_interfaces__rosidl_typesupport_fastrtps_c.dir/rosidl_typesupport_fastrtps_c/crazyflie_interfaces/msg/detail/log_data_generic__type_support_c.cpp.o[0m
[3.373s] [ 74%] [32mBuilding CXX object CMakeFiles/crazyflie_interfaces__rosidl_typesupport_fastrtps_c.dir/rosidl_typesupport_fastrtps_c/crazyflie_interfaces/msg/detail/hover__type_support_c.cpp.o[0m
[3.373s] [ 75%] [32mBuilding C object CMakeFiles/crazyflie_interfaces__rosidl_typesupport_introspection_c.dir/rosidl_typesupport_introspection_c/crazyflie_interfaces/srv/detail/remove_logging__type_support.c.o[0m
[3.413s] [ 75%] [32mBuilding C object CMakeFiles/crazyflie_interfaces__rosidl_typesupport_introspection_c.dir/rosidl_typesupport_introspection_c/crazyflie_interfaces/srv/detail/add_logging__type_support.c.o[0m
[3.433s] [ 76%] [32mBuilding CXX object CMakeFiles/crazyflie_interfaces__rosidl_typesupport_fastrtps_c.dir/rosidl_typesupport_fastrtps_c/crazyflie_interfaces/msg/detail/log_block__type_support_c.cpp.o[0m
[3.450s] [ 77%] [32mBuilding C object CMakeFiles/crazyflie_interfaces__rosidl_typesupport_introspection_c.dir/rosidl_typesupport_introspection_c/crazyflie_interfaces/srv/detail/arm__type_support.c.o[0m
[3.479s] [ 77%] [32mBuilding CXX object CMakeFiles/crazyflie_interfaces__rosidl_typesupport_fastrtps_c.dir/rosidl_typesupport_fastrtps_c/crazyflie_interfaces/msg/detail/position__type_support_c.cpp.o[0m
[3.484s] [ 78%] [32mBuilding CXX object CMakeFiles/crazyflie_interfaces__rosidl_typesupport_fastrtps_c.dir/rosidl_typesupport_fastrtps_c/crazyflie_interfaces/msg/detail/status__type_support_c.cpp.o[0m
[3.488s] [ 78%] [32mBuilding CXX object CMakeFiles/crazyflie_interfaces__rosidl_typesupport_fastrtps_c.dir/rosidl_typesupport_fastrtps_c/crazyflie_interfaces/msg/detail/trajectory_polynomial_piece__type_support_c.cpp.o[0m
[3.496s] [ 79%] [32mBuilding CXX object CMakeFiles/crazyflie_interfaces__rosidl_typesupport_fastrtps_c.dir/rosidl_typesupport_fastrtps_c/crazyflie_interfaces/msg/detail/velocity_world__type_support_c.cpp.o[0m
[3.505s] [ 79%] [32m[1mLinking C shared library libcrazyflie_interfaces__rosidl_typesupport_introspection_c.so[0m
[3.516s] [ 79%] [32mBuilding CXX object CMakeFiles/crazyflie_interfaces__rosidl_typesupport_fastrtps_c.dir/rosidl_typesupport_fastrtps_c/crazyflie_interfaces/srv/detail/go_to__type_support_c.cpp.o[0m
[3.518s] [ 79%] [32mBuilding CXX object CMakeFiles/crazyflie_interfaces__rosidl_typesupport_fastrtps_c.dir/rosidl_typesupport_fastrtps_c/crazyflie_interfaces/srv/detail/notify_setpoints_stop__type_support_c.cpp.o[0m
[3.518s] [ 80%] [32mBuilding CXX object CMakeFiles/crazyflie_interfaces__rosidl_typesupport_fastrtps_c.dir/rosidl_typesupport_fastrtps_c/crazyflie_interfaces/srv/detail/land__type_support_c.cpp.o[0m
[3.529s] [ 81%] [32mBuilding CXX object CMakeFiles/crazyflie_interfaces__rosidl_typesupport_fastrtps_c.dir/rosidl_typesupport_fastrtps_c/crazyflie_interfaces/srv/detail/set_group_mask__type_support_c.cpp.o[0m
[3.537s] [ 81%] [32mBuilding CXX object CMakeFiles/crazyflie_interfaces__rosidl_typesupport_fastrtps_c.dir/rosidl_typesupport_fastrtps_c/crazyflie_interfaces/srv/detail/start_trajectory__type_support_c.cpp.o[0m
[3.539s] [ 82%] [32mBuilding CXX object CMakeFiles/crazyflie_interfaces__rosidl_typesupport_fastrtps_c.dir/rosidl_typesupport_fastrtps_c/crazyflie_interfaces/srv/detail/stop__type_support_c.cpp.o[0m
[3.544s] [ 82%] Built target crazyflie_interfaces__rosidl_typesupport_introspection_c
[3.546s] [ 82%] [32mBuilding CXX object CMakeFiles/crazyflie_interfaces__rosidl_typesupport_fastrtps_c.dir/rosidl_typesupport_fastrtps_c/crazyflie_interfaces/srv/detail/takeoff__type_support_c.cpp.o[0m
[3.548s] [ 83%] [32mBuilding CXX object CMakeFiles/crazyflie_interfaces__rosidl_typesupport_fastrtps_c.dir/rosidl_typesupport_fastrtps_c/crazyflie_interfaces/srv/detail/update_params__type_support_c.cpp.o[0m
[3.556s] [ 83%] [32mBuilding CXX object CMakeFiles/crazyflie_interfaces__rosidl_typesupport_fastrtps_c.dir/rosidl_typesupport_fastrtps_c/crazyflie_interfaces/srv/detail/upload_trajectory__type_support_c.cpp.o[0m
[3.569s] [ 84%] [32mBuilding CXX object CMakeFiles/crazyflie_interfaces__rosidl_typesupport_fastrtps_c.dir/rosidl_typesupport_fastrtps_c/crazyflie_interfaces/srv/detail/remove_logging__type_support_c.cpp.o[0m
[3.581s] [ 84%] [32mBuilding CXX object CMakeFiles/crazyflie_interfaces__rosidl_typesupport_fastrtps_c.dir/rosidl_typesupport_fastrtps_c/crazyflie_interfaces/srv/detail/add_logging__type_support_c.cpp.o[0m
[3.587s] [ 85%] [32mBuilding CXX object CMakeFiles/crazyflie_interfaces__rosidl_typesupport_fastrtps_c.dir/rosidl_typesupport_fastrtps_c/crazyflie_interfaces/srv/detail/arm__type_support_c.cpp.o[0m
[3.684s] [ 85%] [32m[1mLinking CXX shared library libcrazyflie_interfaces__rosidl_typesupport_fastrtps_cpp.so[0m
[3.743s] [ 85%] Built target crazyflie_interfaces__rosidl_typesupport_fastrtps_cpp
[3.867s] [ 85%] [32m[1mLinking CXX shared library libcrazyflie_interfaces__rosidl_typesupport_fastrtps_c.so[0m
[3.916s] [ 85%] Built target crazyflie_interfaces__rosidl_typesupport_fastrtps_c
[3.929s] [ 85%] Built target crazyflie_interfaces
[3.943s] [ 86%] [34m[1mGenerating Python code for ROS interfaces[0m
[5.275s] [ 86%] Built target crazyflie_interfaces__py
[5.290s] [ 87%] [32mBuilding C object CMakeFiles/crazyflie_interfaces__rosidl_generator_py.dir/rosidl_generator_py/crazyflie_interfaces/msg/_velocity_world_s.c.o[0m
[5.290s] [ 88%] [32mBuilding C object CMakeFiles/crazyflie_interfaces__rosidl_generator_py.dir/rosidl_generator_py/crazyflie_interfaces/msg/_status_s.c.o[0m
[5.290s] [ 90%] [32mBuilding C object CMakeFiles/crazyflie_interfaces__rosidl_generator_py.dir/rosidl_generator_py/crazyflie_interfaces/msg/_position_s.c.o[0m
[5.290s] [ 90%] [32mBuilding C object CMakeFiles/crazyflie_interfaces__rosidl_generator_py.dir/rosidl_generator_py/crazyflie_interfaces/srv/_set_group_mask_s.c.o[0m
[5.290s] [ 90%] [32mBuilding C object CMakeFiles/crazyflie_interfaces__rosidl_generator_py.dir/rosidl_generator_py/crazyflie_interfaces/msg/_connection_statistics_s.c.o[0m
[5.290s] [ 91%] [32mBuilding C object CMakeFiles/crazyflie_interfaces__rosidl_generator_py.dir/rosidl_generator_py/crazyflie_interfaces/srv/_start_trajectory_s.c.o[0m
[5.290s] [ 91%] [32mBuilding C object CMakeFiles/crazyflie_interfaces__rosidl_generator_py.dir/rosidl_generator_py/crazyflie_interfaces/msg/_connection_statistics_array_s.c.o[0m
[5.291s] [ 92%] [32mBuilding C object CMakeFiles/crazyflie_interfaces__rosidl_generator_py.dir/rosidl_generator_py/crazyflie_interfaces/msg/_full_state_s.c.o[0m
[5.291s] [ 92%] [32mBuilding C object CMakeFiles/crazyflie_interfaces__rosidl_generator_py.dir/rosidl_generator_py/crazyflie_interfaces/msg/_log_block_s.c.o[0m
[5.291s] [ 92%] [32mBuilding C object CMakeFiles/crazyflie_interfaces__rosidl_generator_py.dir/rosidl_generator_py/crazyflie_interfaces/msg/_log_data_generic_s.c.o[0m
[5.291s] [ 92%] [32mBuilding C object CMakeFiles/crazyflie_interfaces__rosidl_generator_py.dir/rosidl_generator_py/crazyflie_interfaces/msg/_trajectory_polynomial_piece_s.c.o[0m
[5.291s] [ 92%] [32mBuilding C object CMakeFiles/crazyflie_interfaces__rosidl_generator_py.dir/rosidl_generator_py/crazyflie_interfaces/msg/_hover_s.c.o[0m
[5.291s] [ 92%] [32mBuilding C object CMakeFiles/crazyflie_interfaces__rosidl_generator_py.dir/rosidl_generator_py/crazyflie_interfaces/srv/_notify_setpoints_stop_s.c.o[0m
[5.291s] [ 92%] [32mBuilding C object CMakeFiles/crazyflie_interfaces__rosidl_generator_py.dir/rosidl_generator_py/crazyflie_interfaces/srv/_takeoff_s.c.o[0m
[5.291s] [ 92%] [32mBuilding C object CMakeFiles/crazyflie_interfaces__rosidl_generator_py.dir/rosidl_generator_py/crazyflie_interfaces/srv/_go_to_s.c.o[0m
[5.292s] [ 93%] [32mBuilding C object CMakeFiles/crazyflie_interfaces__rosidl_generator_py.dir/rosidl_generator_py/crazyflie_interfaces/srv/_stop_s.c.o[0m
[5.292s] [ 94%] [32mBuilding C object CMakeFiles/crazyflie_interfaces__rosidl_generator_py.dir/rosidl_generator_py/crazyflie_interfaces/srv/_land_s.c.o[0m
[5.292s] [ 94%] [32mBuilding C object CMakeFiles/crazyflie_interfaces__rosidl_generator_py.dir/rosidl_generator_py/crazyflie_interfaces/srv/_upload_trajectory_s.c.o[0m
[5.292s] [ 95%] [32mBuilding C object CMakeFiles/crazyflie_interfaces__rosidl_generator_py.dir/rosidl_generator_py/crazyflie_interfaces/srv/_arm_s.c.o[0m
[5.292s] [ 96%] [32mBuilding C object CMakeFiles/crazyflie_interfaces__rosidl_generator_py.dir/rosidl_generator_py/crazyflie_interfaces/srv/_update_params_s.c.o[0m
[5.293s] [ 96%] [32mBuilding C object CMakeFiles/crazyflie_interfaces__rosidl_generator_py.dir/rosidl_generator_py/crazyflie_interfaces/srv/_add_logging_s.c.o[0m
[5.293s] [ 97%] [32mBuilding C object CMakeFiles/crazyflie_interfaces__rosidl_generator_py.dir/rosidl_generator_py/crazyflie_interfaces/srv/_remove_logging_s.c.o[0m
[5.406s] [ 97%] [32m[1mLinking C shared library rosidl_generator_py/crazyflie_interfaces/libcrazyflie_interfaces__rosidl_generator_py.so[0m
[5.435s] [ 97%] Built target crazyflie_interfaces__rosidl_generator_py
[5.451s] [100%] [32mBuilding C object CMakeFiles/crazyflie_interfaces__rosidl_typesupport_fastrtps_c__pyext.dir/rosidl_generator_py/crazyflie_interfaces/_crazyflie_interfaces_s.ep.rosidl_typesupport_fastrtps_c.c.o[0m
[5.451s] [100%] [32mBuilding C object CMakeFiles/crazyflie_interfaces__rosidl_typesupport_introspection_c__pyext.dir/rosidl_generator_py/crazyflie_interfaces/_crazyflie_interfaces_s.ep.rosidl_typesupport_introspection_c.c.o[0m
[5.451s] [100%] [32mBuilding C object CMakeFiles/crazyflie_interfaces__rosidl_typesupport_c__pyext.dir/rosidl_generator_py/crazyflie_interfaces/_crazyflie_interfaces_s.ep.rosidl_typesupport_c.c.o[0m
[5.552s] [100%] [32m[1mLinking C shared library rosidl_generator_py/crazyflie_interfaces/crazyflie_interfaces_s__rosidl_typesupport_c.cpython-310-x86_64-linux-gnu.so[0m
[5.558s] [100%] [32m[1mLinking C shared library rosidl_generator_py/crazyflie_interfaces/crazyflie_interfaces_s__rosidl_typesupport_introspection_c.cpython-310-x86_64-linux-gnu.so[0m
[5.558s] [100%] [32m[1mLinking C shared library rosidl_generator_py/crazyflie_interfaces/crazyflie_interfaces_s__rosidl_typesupport_fastrtps_c.cpython-310-x86_64-linux-gnu.so[0m
[5.580s] [100%] Built target crazyflie_interfaces__rosidl_typesupport_c__pyext
[5.584s] [100%] Built target crazyflie_interfaces__rosidl_typesupport_introspection_c__pyext
[5.587s] [100%] Built target crazyflie_interfaces__rosidl_typesupport_fastrtps_c__pyext
[5.596s] Invoked command in '/home/iiitd/cf_ws/build/crazyflie_interfaces' returned '0': CMAKE_PREFIX_PATH=${CMAKE_PREFIX_PATH}:/home/iiitd/cf_ws/install/my_crazyflie:/home/iiitd/cf_ws/install/crazyflie_server_py:/home/iiitd/cf_ws/install/crazyflie_py:/opt/ros/humble /usr/bin/cmake --build /home/iiitd/cf_ws/build/crazyflie_interfaces -- -j28 -l28
[5.597s] Invoking command in '/home/iiitd/cf_ws/build/crazyflie_interfaces': CMAKE_PREFIX_PATH=${CMAKE_PREFIX_PATH}:/home/iiitd/cf_ws/install/my_crazyflie:/home/iiitd/cf_ws/install/crazyflie_server_py:/home/iiitd/cf_ws/install/crazyflie_py:/opt/ros/humble /usr/bin/cmake --install /home/iiitd/cf_ws/build/crazyflie_interfaces
[5.602s] -- Install configuration: ""
[5.603s] -- Execute custom install script
[5.603s] -- Symlinking: /home/iiitd/cf_ws/install/crazyflie_interfaces/share/ament_index/resource_index/rosidl_interfaces/crazyflie_interfaces
[5.608s] -- Symlinking: /home/iiitd/cf_ws/install/crazyflie_interfaces/include/crazyflie_interfaces/crazyflie_interfaces/msg/connection_statistics.h
[5.613s] -- Symlinking: /home/iiitd/cf_ws/install/crazyflie_interfaces/include/crazyflie_interfaces/crazyflie_interfaces/msg/connection_statistics_array.h
[5.619s] -- Symlinking: /home/iiitd/cf_ws/install/crazyflie_interfaces/include/crazyflie_interfaces/crazyflie_interfaces/msg/detail/connection_statistics__functions.h
[5.625s] -- Symlinking: /home/iiitd/cf_ws/install/crazyflie_interfaces/include/crazyflie_interfaces/crazyflie_interfaces/msg/detail/connection_statistics__struct.h
[5.630s] -- Symlinking: /home/iiitd/cf_ws/install/crazyflie_interfaces/include/crazyflie_interfaces/crazyflie_interfaces/msg/detail/connection_statistics__type_support.h
[5.635s] -- Symlinking: /home/iiitd/cf_ws/install/crazyflie_interfaces/include/crazyflie_interfaces/crazyflie_interfaces/msg/detail/connection_statistics_array__functions.h
[5.640s] -- Symlinking: /home/iiitd/cf_ws/install/crazyflie_interfaces/include/crazyflie_interfaces/crazyflie_interfaces/msg/detail/connection_statistics_array__struct.h
[5.645s] -- Symlinking: /home/iiitd/cf_ws/install/crazyflie_interfaces/include/crazyflie_interfaces/crazyflie_interfaces/msg/detail/connection_statistics_array__type_support.h
[5.650s] -- Symlinking: /home/iiitd/cf_ws/install/crazyflie_interfaces/include/crazyflie_interfaces/crazyflie_interfaces/msg/detail/full_state__functions.h
[5.655s] -- Symlinking: /home/iiitd/cf_ws/install/crazyflie_interfaces/include/crazyflie_interfaces/crazyflie_interfaces/msg/detail/full_state__struct.h
[5.660s] -- Symlinking: /home/iiitd/cf_ws/install/crazyflie_interfaces/include/crazyflie_interfaces/crazyflie_interfaces/msg/detail/full_state__type_support.h
[5.664s] -- Symlinking: /home/iiitd/cf_ws/install/crazyflie_interfaces/include/crazyflie_interfaces/crazyflie_interfaces/msg/detail/hover__functions.h
[5.668s] -- Symlinking: /home/iiitd/cf_ws/install/crazyflie_interfaces/include/crazyflie_interfaces/crazyflie_interfaces/msg/detail/hover__struct.h
[5.674s] -- Symlinking: /home/iiitd/cf_ws/install/crazyflie_interfaces/include/crazyflie_interfaces/crazyflie_interfaces/msg/detail/hover__type_support.h
[5.679s] -- Symlinking: /home/iiitd/cf_ws/install/crazyflie_interfaces/include/crazyflie_interfaces/crazyflie_interfaces/msg/detail/log_block__functions.h
[5.683s] -- Symlinking: /home/iiitd/cf_ws/install/crazyflie_interfaces/include/crazyflie_interfaces/crazyflie_interfaces/msg/detail/log_block__struct.h
[5.688s] -- Symlinking: /home/iiitd/cf_ws/install/crazyflie_interfaces/include/crazyflie_interfaces/crazyflie_interfaces/msg/detail/log_block__type_support.h
[5.691s] -- Symlinking: /home/iiitd/cf_ws/install/crazyflie_interfaces/include/crazyflie_interfaces/crazyflie_interfaces/msg/detail/log_data_generic__functions.h
[5.696s] -- Symlinking: /home/iiitd/cf_ws/install/crazyflie_interfaces/include/crazyflie_interfaces/crazyflie_interfaces/msg/detail/log_data_generic__struct.h
[5.701s] -- Symlinking: /home/iiitd/cf_ws/install/crazyflie_interfaces/include/crazyflie_interfaces/crazyflie_interfaces/msg/detail/log_data_generic__type_support.h
[5.707s] -- Symlinking: /home/iiitd/cf_ws/install/crazyflie_interfaces/include/crazyflie_interfaces/crazyflie_interfaces/msg/detail/position__functions.h
[5.712s] -- Symlinking: /home/iiitd/cf_ws/install/crazyflie_interfaces/include/crazyflie_interfaces/crazyflie_interfaces/msg/detail/position__struct.h
[5.717s] -- Symlinking: /home/iiitd/cf_ws/install/crazyflie_interfaces/include/crazyflie_interfaces/crazyflie_interfaces/msg/detail/position__type_support.h
[5.722s] -- Symlinking: /home/iiitd/cf_ws/install/crazyflie_interfaces/include/crazyflie_interfaces/crazyflie_interfaces/msg/detail/status__functions.h
[5.726s] -- Symlinking: /home/iiitd/cf_ws/install/crazyflie_interfaces/include/crazyflie_interfaces/crazyflie_interfaces/msg/detail/status__struct.h
[5.732s] -- Symlinking: /home/iiitd/cf_ws/install/crazyflie_interfaces/include/crazyflie_interfaces/crazyflie_interfaces/msg/detail/status__type_support.h
[5.737s] -- Symlinking: /home/iiitd/cf_ws/install/crazyflie_interfaces/include/crazyflie_interfaces/crazyflie_interfaces/msg/detail/trajectory_polynomial_piece__functions.h
[5.742s] -- Symlinking: /home/iiitd/cf_ws/install/crazyflie_interfaces/include/crazyflie_interfaces/crazyflie_interfaces/msg/detail/trajectory_polynomial_piece__struct.h
[5.747s] -- Symlinking: /home/iiitd/cf_ws/install/crazyflie_interfaces/include/crazyflie_interfaces/crazyflie_interfaces/msg/detail/trajectory_polynomial_piece__type_support.h
[5.752s] -- Symlinking: /home/iiitd/cf_ws/install/crazyflie_interfaces/include/crazyflie_interfaces/crazyflie_interfaces/msg/detail/velocity_world__functions.h
[5.757s] -- Symlinking: /home/iiitd/cf_ws/install/crazyflie_interfaces/include/crazyflie_interfaces/crazyflie_interfaces/msg/detail/velocity_world__struct.h
[5.762s] -- Symlinking: /home/iiitd/cf_ws/install/crazyflie_interfaces/include/crazyflie_interfaces/crazyflie_interfaces/msg/detail/velocity_world__type_support.h
[5.767s] -- Symlinking: /home/iiitd/cf_ws/install/crazyflie_interfaces/include/crazyflie_interfaces/crazyflie_interfaces/msg/full_state.h
[5.772s] -- Symlinking: /home/iiitd/cf_ws/install/crazyflie_interfaces/include/crazyflie_interfaces/crazyflie_interfaces/msg/hover.h
[5.776s] -- Symlinking: /home/iiitd/cf_ws/install/crazyflie_interfaces/include/crazyflie_interfaces/crazyflie_interfaces/msg/log_block.h
[5.780s] -- Symlinking: /home/iiitd/cf_ws/install/crazyflie_interfaces/include/crazyflie_interfaces/crazyflie_interfaces/msg/log_data_generic.h
[5.786s] -- Symlinking: /home/iiitd/cf_ws/install/crazyflie_interfaces/include/crazyflie_interfaces/crazyflie_interfaces/msg/position.h
[5.791s] -- Symlinking: /home/iiitd/cf_ws/install/crazyflie_interfaces/include/crazyflie_interfaces/crazyflie_interfaces/msg/rosidl_generator_c__visibility_control.h
[5.795s] -- Symlinking: /home/iiitd/cf_ws/install/crazyflie_interfaces/include/crazyflie_interfaces/crazyflie_interfaces/msg/status.h
[5.800s] -- Symlinking: /home/iiitd/cf_ws/install/crazyflie_interfaces/include/crazyflie_interfaces/crazyflie_interfaces/msg/trajectory_polynomial_piece.h
[5.804s] -- Symlinking: /home/iiitd/cf_ws/install/crazyflie_interfaces/include/crazyflie_interfaces/crazyflie_interfaces/msg/velocity_world.h
[5.809s] -- Symlinking: /home/iiitd/cf_ws/install/crazyflie_interfaces/include/crazyflie_interfaces/crazyflie_interfaces/srv/add_logging.h
[5.814s] -- Symlinking: /home/iiitd/cf_ws/install/crazyflie_interfaces/include/crazyflie_interfaces/crazyflie_interfaces/srv/arm.h
[5.819s] -- Symlinking: /home/iiitd/cf_ws/install/crazyflie_interfaces/include/crazyflie_interfaces/crazyflie_interfaces/srv/detail/add_logging__functions.h
[5.823s] -- Symlinking: /home/iiitd/cf_ws/install/crazyflie_interfaces/include/crazyflie_interfaces/crazyflie_interfaces/srv/detail/add_logging__struct.h
[5.828s] -- Symlinking: /home/iiitd/cf_ws/install/crazyflie_interfaces/include/crazyflie_interfaces/crazyflie_interfaces/srv/detail/add_logging__type_support.h
[5.832s] -- Symlinking: /home/iiitd/cf_ws/install/crazyflie_interfaces/include/crazyflie_interfaces/crazyflie_interfaces/srv/detail/arm__functions.h
[5.837s] -- Symlinking: /home/iiitd/cf_ws/install/crazyflie_interfaces/include/crazyflie_interfaces/crazyflie_interfaces/srv/detail/arm__struct.h
[5.843s] -- Symlinking: /home/iiitd/cf_ws/install/crazyflie_interfaces/include/crazyflie_interfaces/crazyflie_interfaces/srv/detail/arm__type_support.h
[5.848s] -- Symlinking: /home/iiitd/cf_ws/install/crazyflie_interfaces/include/crazyflie_interfaces/crazyflie_interfaces/srv/detail/go_to__functions.h
[5.852s] -- Symlinking: /home/iiitd/cf_ws/install/crazyflie_interfaces/include/crazyflie_interfaces/crazyflie_interfaces/srv/detail/go_to__struct.h
[5.857s] -- Symlinking: /home/iiitd/cf_ws/install/crazyflie_interfaces/include/crazyflie_interfaces/crazyflie_interfaces/srv/detail/go_to__type_support.h
[5.860s] -- Symlinking: /home/iiitd/cf_ws/install/crazyflie_interfaces/include/crazyflie_interfaces/crazyflie_interfaces/srv/detail/land__functions.h
[5.865s] -- Symlinking: /home/iiitd/cf_ws/install/crazyflie_interfaces/include/crazyflie_interfaces/crazyflie_interfaces/srv/detail/land__struct.h
[5.871s] -- Symlinking: /home/iiitd/cf_ws/install/crazyflie_interfaces/include/crazyflie_interfaces/crazyflie_interfaces/srv/detail/land__type_support.h
[5.876s] -- Symlinking: /home/iiitd/cf_ws/install/crazyflie_interfaces/include/crazyflie_interfaces/crazyflie_interfaces/srv/detail/notify_setpoints_stop__functions.h
[5.880s] -- Symlinking: /home/iiitd/cf_ws/install/crazyflie_interfaces/include/crazyflie_interfaces/crazyflie_interfaces/srv/detail/notify_setpoints_stop__struct.h
[5.885s] -- Symlinking: /home/iiitd/cf_ws/install/crazyflie_interfaces/include/crazyflie_interfaces/crazyflie_interfaces/srv/detail/notify_setpoints_stop__type_support.h
[5.889s] -- Symlinking: /home/iiitd/cf_ws/install/crazyflie_interfaces/include/crazyflie_interfaces/crazyflie_interfaces/srv/detail/remove_logging__functions.h
[5.893s] -- Symlinking: /home/iiitd/cf_ws/install/crazyflie_interfaces/include/crazyflie_interfaces/crazyflie_interfaces/srv/detail/remove_logging__struct.h
[5.899s] -- Symlinking: /home/iiitd/cf_ws/install/crazyflie_interfaces/include/crazyflie_interfaces/crazyflie_interfaces/srv/detail/remove_logging__type_support.h
[5.904s] -- Symlinking: /home/iiitd/cf_ws/install/crazyflie_interfaces/include/crazyflie_interfaces/crazyflie_interfaces/srv/detail/set_group_mask__functions.h
[5.908s] -- Symlinking: /home/iiitd/cf_ws/install/crazyflie_interfaces/include/crazyflie_interfaces/crazyflie_interfaces/srv/detail/set_group_mask__struct.h
[5.913s] -- Symlinking: /home/iiitd/cf_ws/install/crazyflie_interfaces/include/crazyflie_interfaces/crazyflie_interfaces/srv/detail/set_group_mask__type_support.h
[5.917s] -- Symlinking: /home/iiitd/cf_ws/install/crazyflie_interfaces/include/crazyflie_interfaces/crazyflie_interfaces/srv/detail/start_trajectory__functions.h
[5.922s] -- Symlinking: /home/iiitd/cf_ws/install/crazyflie_interfaces/include/crazyflie_interfaces/crazyflie_interfaces/srv/detail/start_trajectory__struct.h
[5.928s] -- Symlinking: /home/iiitd/cf_ws/install/crazyflie_interfaces/include/crazyflie_interfaces/crazyflie_interfaces/srv/detail/start_trajectory__type_support.h
[5.933s] -- Symlinking: /home/iiitd/cf_ws/install/crazyflie_interfaces/include/crazyflie_interfaces/crazyflie_interfaces/srv/detail/stop__functions.h
[5.937s] -- Symlinking: /home/iiitd/cf_ws/install/crazyflie_interfaces/include/crazyflie_interfaces/crazyflie_interfaces/srv/detail/stop__struct.h
[5.942s] -- Symlinking: /home/iiitd/cf_ws/install/crazyflie_interfaces/include/crazyflie_interfaces/crazyflie_interfaces/srv/detail/stop__type_support.h
[5.948s] -- Symlinking: /home/iiitd/cf_ws/install/crazyflie_interfaces/include/crazyflie_interfaces/crazyflie_interfaces/srv/detail/takeoff__functions.h
[5.954s] -- Symlinking: /home/iiitd/cf_ws/install/crazyflie_interfaces/include/crazyflie_interfaces/crazyflie_interfaces/srv/detail/takeoff__struct.h
[5.959s] -- Symlinking: /home/iiitd/cf_ws/install/crazyflie_interfaces/include/crazyflie_interfaces/crazyflie_interfaces/srv/detail/takeoff__type_support.h
[5.965s] -- Symlinking: /home/iiitd/cf_ws/install/crazyflie_interfaces/include/crazyflie_interfaces/crazyflie_interfaces/srv/detail/update_params__functions.h
[5.970s] -- Symlinking: /home/iiitd/cf_ws/install/crazyflie_interfaces/include/crazyflie_interfaces/crazyflie_interfaces/srv/detail/update_params__struct.h
[5.975s] -- Symlinking: /home/iiitd/cf_ws/install/crazyflie_interfaces/include/crazyflie_interfaces/crazyflie_interfaces/srv/detail/update_params__type_support.h
[5.978s] -- Symlinking: /home/iiitd/cf_ws/install/crazyflie_interfaces/include/crazyflie_interfaces/crazyflie_interfaces/srv/detail/upload_trajectory__functions.h
[5.984s] -- Symlinking: /home/iiitd/cf_ws/install/crazyflie_interfaces/include/crazyflie_interfaces/crazyflie_interfaces/srv/detail/upload_trajectory__struct.h
[5.988s] -- Symlinking: /home/iiitd/cf_ws/install/crazyflie_interfaces/include/crazyflie_interfaces/crazyflie_interfaces/srv/detail/upload_trajectory__type_support.h
[5.993s] -- Symlinking: /home/iiitd/cf_ws/install/crazyflie_interfaces/include/crazyflie_interfaces/crazyflie_interfaces/srv/go_to.h
[5.998s] -- Symlinking: /home/iiitd/cf_ws/install/crazyflie_interfaces/include/crazyflie_interfaces/crazyflie_interfaces/srv/land.h
[6.003s] -- Symlinking: /home/iiitd/cf_ws/install/crazyflie_interfaces/include/crazyflie_interfaces/crazyflie_interfaces/srv/notify_setpoints_stop.h
[6.008s] -- Symlinking: /home/iiitd/cf_ws/install/crazyflie_interfaces/include/crazyflie_interfaces/crazyflie_interfaces/srv/remove_logging.h
[6.013s] -- Symlinking: /home/iiitd/cf_ws/install/crazyflie_interfaces/include/crazyflie_interfaces/crazyflie_interfaces/srv/set_group_mask.h
[6.018s] -- Symlinking: /home/iiitd/cf_ws/install/crazyflie_interfaces/include/crazyflie_interfaces/crazyflie_interfaces/srv/start_trajectory.h
[6.024s] -- Symlinking: /home/iiitd/cf_ws/install/crazyflie_interfaces/include/crazyflie_interfaces/crazyflie_interfaces/srv/stop.h
[6.028s] -- Symlinking: /home/iiitd/cf_ws/install/crazyflie_interfaces/include/crazyflie_interfaces/crazyflie_interfaces/srv/takeoff.h
[6.034s] -- Symlinking: /home/iiitd/cf_ws/install/crazyflie_interfaces/include/crazyflie_interfaces/crazyflie_interfaces/srv/update_params.h
[6.040s] -- Symlinking: /home/iiitd/cf_ws/install/crazyflie_interfaces/include/crazyflie_interfaces/crazyflie_interfaces/srv/upload_trajectory.h
[6.045s] -- Symlinking: /home/iiitd/cf_ws/install/crazyflie_interfaces/share/crazyflie_interfaces/environment/library_path.sh
[6.050s] -- Symlinking: /home/iiitd/cf_ws/install/crazyflie_interfaces/share/crazyflie_interfaces/environment/library_path.dsv
[6.055s] -- Symlinking: /home/iiitd/cf_ws/install/crazyflie_interfaces/include/crazyflie_interfaces/crazyflie_interfaces/msg/detail/connection_statistics__rosidl_typesupport_fastrtps_c.h
[6.060s] -- Symlinking: /home/iiitd/cf_ws/install/crazyflie_interfaces/include/crazyflie_interfaces/crazyflie_interfaces/msg/detail/connection_statistics_array__rosidl_typesupport_fastrtps_c.h
[6.064s] -- Symlinking: /home/iiitd/cf_ws/install/crazyflie_interfaces/include/crazyflie_interfaces/crazyflie_interfaces/msg/detail/full_state__rosidl_typesupport_fastrtps_c.h
[6.069s] -- Symlinking: /home/iiitd/cf_ws/install/crazyflie_interfaces/include/crazyflie_interfaces/crazyflie_interfaces/msg/detail/hover__rosidl_typesupport_fastrtps_c.h
[6.074s] -- Symlinking: /home/iiitd/cf_ws/install/crazyflie_interfaces/include/crazyflie_interfaces/crazyflie_interfaces/msg/detail/log_block__rosidl_typesupport_fastrtps_c.h
[6.080s] -- Symlinking: /home/iiitd/cf_ws/install/crazyflie_interfaces/include/crazyflie_interfaces/crazyflie_interfaces/msg/detail/log_data_generic__rosidl_typesupport_fastrtps_c.h
[6.085s] -- Symlinking: /home/iiitd/cf_ws/install/crazyflie_interfaces/include/crazyflie_interfaces/crazyflie_interfaces/msg/detail/position__rosidl_typesupport_fastrtps_c.h
[6.090s] -- Symlinking: /home/iiitd/cf_ws/install/crazyflie_interfaces/include/crazyflie_interfaces/crazyflie_interfaces/msg/detail/status__rosidl_typesupport_fastrtps_c.h
[6.095s] -- Symlinking: /home/iiitd/cf_ws/install/crazyflie_interfaces/include/crazyflie_interfaces/crazyflie_interfaces/msg/detail/trajectory_polynomial_piece__rosidl_typesupport_fastrtps_c.h
[6.100s] -- Symlinking: /home/iiitd/cf_ws/install/crazyflie_interfaces/include/crazyflie_interfaces/crazyflie_interfaces/msg/detail/velocity_world__rosidl_typesupport_fastrtps_c.h
[6.105s] -- Symlinking: /home/iiitd/cf_ws/install/crazyflie_interfaces/include/crazyflie_interfaces/crazyflie_interfaces/msg/rosidl_typesupport_fastrtps_c__visibility_control.h
[6.109s] -- Symlinking: /home/iiitd/cf_ws/install/crazyflie_interfaces/include/crazyflie_interfaces/crazyflie_interfaces/srv/detail/add_logging__rosidl_typesupport_fastrtps_c.h
[6.113s] -- Symlinking: /home/iiitd/cf_ws/install/crazyflie_interfaces/include/crazyflie_interfaces/crazyflie_interfaces/srv/detail/arm__rosidl_typesupport_fastrtps_c.h
[6.116s] -- Symlinking: /home/iiitd/cf_ws/install/crazyflie_interfaces/include/crazyflie_interfaces/crazyflie_interfaces/srv/detail/go_to__rosidl_typesupport_fastrtps_c.h
[6.122s] -- Symlinking: /home/iiitd/cf_ws/install/crazyflie_interfaces/include/crazyflie_interfaces/crazyflie_interfaces/srv/detail/land__rosidl_typesupport_fastrtps_c.h
[6.127s] -- Symlinking: /home/iiitd/cf_ws/install/crazyflie_interfaces/include/crazyflie_interfaces/crazyflie_interfaces/srv/detail/notify_setpoints_stop__rosidl_typesupport_fastrtps_c.h
[6.132s] -- Symlinking: /home/iiitd/cf_ws/install/crazyflie_interfaces/include/crazyflie_interfaces/crazyflie_interfaces/srv/detail/remove_logging__rosidl_typesupport_fastrtps_c.h
[6.137s] -- Symlinking: /home/iiitd/cf_ws/install/crazyflie_interfaces/include/crazyflie_interfaces/crazyflie_interfaces/srv/detail/set_group_mask__rosidl_typesupport_fastrtps_c.h
[6.141s] -- Symlinking: /home/iiitd/cf_ws/install/crazyflie_interfaces/include/crazyflie_interfaces/crazyflie_interfaces/srv/detail/start_trajectory__rosidl_typesupport_fastrtps_c.h
[6.146s] -- Symlinking: /home/iiitd/cf_ws/install/crazyflie_interfaces/include/crazyflie_interfaces/crazyflie_interfaces/srv/detail/stop__rosidl_typesupport_fastrtps_c.h
[6.152s] -- Symlinking: /home/iiitd/cf_ws/install/crazyflie_interfaces/include/crazyflie_interfaces/crazyflie_interfaces/srv/detail/takeoff__rosidl_typesupport_fastrtps_c.h
[6.157s] -- Symlinking: /home/iiitd/cf_ws/install/crazyflie_interfaces/include/crazyflie_interfaces/crazyflie_interfaces/srv/detail/update_params__rosidl_typesupport_fastrtps_c.h
[6.161s] -- Symlinking: /home/iiitd/cf_ws/install/crazyflie_interfaces/include/crazyflie_interfaces/crazyflie_interfaces/srv/detail/upload_trajectory__rosidl_typesupport_fastrtps_c.h
[6.167s] -- Symlinking: /home/iiitd/cf_ws/install/crazyflie_interfaces/include/crazyflie_interfaces/crazyflie_interfaces/msg/connection_statistics.hpp
[6.172s] -- Symlinking: /home/iiitd/cf_ws/install/crazyflie_interfaces/include/crazyflie_interfaces/crazyflie_interfaces/msg/connection_statistics_array.hpp
[6.177s] -- Symlinking: /home/iiitd/cf_ws/install/crazyflie_interfaces/include/crazyflie_interfaces/crazyflie_interfaces/msg/detail/connection_statistics__builder.hpp
[6.182s] -- Symlinking: /home/iiitd/cf_ws/install/crazyflie_interfaces/include/crazyflie_interfaces/crazyflie_interfaces/msg/detail/connection_statistics__struct.hpp
[6.187s] -- Symlinking: /home/iiitd/cf_ws/install/crazyflie_interfaces/include/crazyflie_interfaces/crazyflie_interfaces/msg/detail/connection_statistics__traits.hpp
[6.193s] -- Symlinking: /home/iiitd/cf_ws/install/crazyflie_interfaces/include/crazyflie_interfaces/crazyflie_interfaces/msg/detail/connection_statistics__type_support.hpp
[6.197s] -- Symlinking: /home/iiitd/cf_ws/install/crazyflie_interfaces/include/crazyflie_interfaces/crazyflie_interfaces/msg/detail/connection_statistics_array__builder.hpp
[6.201s] -- Symlinking: /home/iiitd/cf_ws/install/crazyflie_interfaces/include/crazyflie_interfaces/crazyflie_interfaces/msg/detail/connection_statistics_array__struct.hpp
[6.205s] -- Symlinking: /home/iiitd/cf_ws/install/crazyflie_interfaces/include/crazyflie_interfaces/crazyflie_interfaces/msg/detail/connection_statistics_array__traits.hpp
[6.210s] -- Symlinking: /home/iiitd/cf_ws/install/crazyflie_interfaces/include/crazyflie_interfaces/crazyflie_interfaces/msg/detail/connection_statistics_array__type_support.hpp
[6.215s] -- Symlinking: /home/iiitd/cf_ws/install/crazyflie_interfaces/include/crazyflie_interfaces/crazyflie_interfaces/msg/detail/full_state__builder.hpp
[6.221s] -- Symlinking: /home/iiitd/cf_ws/install/crazyflie_interfaces/include/crazyflie_interfaces/crazyflie_interfaces/msg/detail/full_state__struct.hpp
[6.225s] -- Symlinking: /home/iiitd/cf_ws/install/crazyflie_interfaces/include/crazyflie_interfaces/crazyflie_interfaces/msg/detail/full_state__traits.hpp
[6.229s] -- Symlinking: /home/iiitd/cf_ws/install/crazyflie_interfaces/include/crazyflie_interfaces/crazyflie_interfaces/msg/detail/full_state__type_support.hpp
[6.233s] -- Symlinking: /home/iiitd/cf_ws/install/crazyflie_interfaces/include/crazyflie_interfaces/crazyflie_interfaces/msg/detail/hover__builder.hpp
[6.238s] -- Symlinking: /home/iiitd/cf_ws/install/crazyflie_interfaces/include/crazyflie_interfaces/crazyflie_interfaces/msg/detail/hover__struct.hpp
[6.243s] -- Symlinking: /home/iiitd/cf_ws/install/crazyflie_interfaces/include/crazyflie_interfaces/crazyflie_interfaces/msg/detail/hover__traits.hpp
[6.249s] -- Symlinking: /home/iiitd/cf_ws/install/crazyflie_interfaces/include/crazyflie_interfaces/crazyflie_interfaces/msg/detail/hover__type_support.hpp
[6.253s] -- Symlinking: /home/iiitd/cf_ws/install/crazyflie_interfaces/include/crazyflie_interfaces/crazyflie_interfaces/msg/detail/log_block__builder.hpp
[6.257s] -- Symlinking: /home/iiitd/cf_ws/install/crazyflie_interfaces/include/crazyflie_interfaces/crazyflie_interfaces/msg/detail/log_block__struct.hpp
[6.261s] -- Symlinking: /home/iiitd/cf_ws/install/crazyflie_interfaces/include/crazyflie_interfaces/crazyflie_interfaces/msg/detail/log_block__traits.hpp
[6.267s] -- Symlinking: /home/iiitd/cf_ws/install/crazyflie_interfaces/include/crazyflie_interfaces/crazyflie_interfaces/msg/detail/log_block__type_support.hpp
[6.272s] -- Symlinking: /home/iiitd/cf_ws/install/crazyflie_interfaces/include/crazyflie_interfaces/crazyflie_interfaces/msg/detail/log_data_generic__builder.hpp
[6.277s] -- Symlinking: /home/iiitd/cf_ws/install/crazyflie_interfaces/include/crazyflie_interfaces/crazyflie_interfaces/msg/detail/log_data_generic__struct.hpp
[6.282s] -- Symlinking: /home/iiitd/cf_ws/install/crazyflie_interfaces/include/crazyflie_interfaces/crazyflie_interfaces/msg/detail/log_data_generic__traits.hpp
[6.285s] -- Symlinking: /home/iiitd/cf_ws/install/crazyflie_interfaces/include/crazyflie_interfaces/crazyflie_interfaces/msg/detail/log_data_generic__type_support.hpp
[6.290s] -- Symlinking: /home/iiitd/cf_ws/install/crazyflie_interfaces/include/crazyflie_interfaces/crazyflie_interfaces/msg/detail/position__builder.hpp
[6.295s] -- Symlinking: /home/iiitd/cf_ws/install/crazyflie_interfaces/include/crazyflie_interfaces/crazyflie_interfaces/msg/detail/position__struct.hpp
[6.301s] -- Symlinking: /home/iiitd/cf_ws/install/crazyflie_interfaces/include/crazyflie_interfaces/crazyflie_interfaces/msg/detail/position__traits.hpp
[6.305s] -- Symlinking: /home/iiitd/cf_ws/install/crazyflie_interfaces/include/crazyflie_interfaces/crazyflie_interfaces/msg/detail/position__type_support.hpp
[6.310s] -- Symlinking: /home/iiitd/cf_ws/install/crazyflie_interfaces/include/crazyflie_interfaces/crazyflie_interfaces/msg/detail/status__builder.hpp
[6.315s] -- Symlinking: /home/iiitd/cf_ws/install/crazyflie_interfaces/include/crazyflie_interfaces/crazyflie_interfaces/msg/detail/status__struct.hpp
[6.320s] -- Symlinking: /home/iiitd/cf_ws/install/crazyflie_interfaces/include/crazyflie_interfaces/crazyflie_interfaces/msg/detail/status__traits.hpp
[6.325s] -- Symlinking: /home/iiitd/cf_ws/install/crazyflie_interfaces/include/crazyflie_interfaces/crazyflie_interfaces/msg/detail/status__type_support.hpp
[6.331s] -- Symlinking: /home/iiitd/cf_ws/install/crazyflie_interfaces/include/crazyflie_interfaces/crazyflie_interfaces/msg/detail/trajectory_polynomial_piece__builder.hpp
[6.335s] -- Symlinking: /home/iiitd/cf_ws/install/crazyflie_interfaces/include/crazyflie_interfaces/crazyflie_interfaces/msg/detail/trajectory_polynomial_piece__struct.hpp
[6.339s] -- Symlinking: /home/iiitd/cf_ws/install/crazyflie_interfaces/include/crazyflie_interfaces/crazyflie_interfaces/msg/detail/trajectory_polynomial_piece__traits.hpp
[6.344s] -- Symlinking: /home/iiitd/cf_ws/install/crazyflie_interfaces/include/crazyflie_interfaces/crazyflie_interfaces/msg/detail/trajectory_polynomial_piece__type_support.hpp
[6.349s] -- Symlinking: /home/iiitd/cf_ws/install/crazyflie_interfaces/include/crazyflie_interfaces/crazyflie_interfaces/msg/detail/velocity_world__builder.hpp
[6.355s] -- Symlinking: /home/iiitd/cf_ws/install/crazyflie_interfaces/include/crazyflie_interfaces/crazyflie_interfaces/msg/detail/velocity_world__struct.hpp
[6.360s] -- Symlinking: /home/iiitd/cf_ws/install/crazyflie_interfaces/include/crazyflie_interfaces/crazyflie_interfaces/msg/detail/velocity_world__traits.hpp
[6.365s] -- Symlinking: /home/iiitd/cf_ws/install/crazyflie_interfaces/include/crazyflie_interfaces/crazyflie_interfaces/msg/detail/velocity_world__type_support.hpp
[6.369s] -- Symlinking: /home/iiitd/cf_ws/install/crazyflie_interfaces/include/crazyflie_interfaces/crazyflie_interfaces/msg/full_state.hpp
[6.373s] -- Symlinking: /home/iiitd/cf_ws/install/crazyflie_interfaces/include/crazyflie_interfaces/crazyflie_interfaces/msg/hover.hpp
[6.378s] -- Symlinking: /home/iiitd/cf_ws/install/crazyflie_interfaces/include/crazyflie_interfaces/crazyflie_interfaces/msg/log_block.hpp
[6.383s] -- Symlinking: /home/iiitd/cf_ws/install/crazyflie_interfaces/include/crazyflie_interfaces/crazyflie_interfaces/msg/log_data_generic.hpp
[6.389s] -- Symlinking: /home/iiitd/cf_ws/install/crazyflie_interfaces/include/crazyflie_interfaces/crazyflie_interfaces/msg/position.hpp
[6.393s] -- Symlinking: /home/iiitd/cf_ws/install/crazyflie_interfaces/include/crazyflie_interfaces/crazyflie_interfaces/msg/rosidl_generator_cpp__visibility_control.hpp
[6.397s] -- Symlinking: /home/iiitd/cf_ws/install/crazyflie_interfaces/include/crazyflie_interfaces/crazyflie_interfaces/msg/status.hpp
[6.401s] -- Symlinking: /home/iiitd/cf_ws/install/crazyflie_interfaces/include/crazyflie_interfaces/crazyflie_interfaces/msg/trajectory_polynomial_piece.hpp
[6.406s] -- Symlinking: /home/iiitd/cf_ws/install/crazyflie_interfaces/include/crazyflie_interfaces/crazyflie_interfaces/msg/velocity_world.hpp
[6.411s] -- Symlinking: /home/iiitd/cf_ws/install/crazyflie_interfaces/include/crazyflie_interfaces/crazyflie_interfaces/srv/add_logging.hpp
[6.416s] -- Symlinking: /home/iiitd/cf_ws/install/crazyflie_interfaces/include/crazyflie_interfaces/crazyflie_interfaces/srv/arm.hpp
[6.420s] -- Symlinking: /home/iiitd/cf_ws/install/crazyflie_interfaces/include/crazyflie_interfaces/crazyflie_interfaces/srv/detail/add_logging__builder.hpp
[6.426s] -- Symlinking: /home/iiitd/cf_ws/install/crazyflie_interfaces/include/crazyflie_interfaces/crazyflie_interfaces/srv/detail/add_logging__struct.hpp
[6.431s] -- Symlinking: /home/iiitd/cf_ws/install/crazyflie_interfaces/include/crazyflie_interfaces/crazyflie_interfaces/srv/detail/add_logging__traits.hpp
[6.436s] -- Symlinking: /home/iiitd/cf_ws/install/crazyflie_interfaces/include/crazyflie_interfaces/crazyflie_interfaces/srv/detail/add_logging__type_support.hpp
[6.441s] -- Symlinking: /home/iiitd/cf_ws/install/crazyflie_interfaces/include/crazyflie_interfaces/crazyflie_interfaces/srv/detail/arm__builder.hpp
[6.447s] -- Symlinking: /home/iiitd/cf_ws/install/crazyflie_interfaces/include/crazyflie_interfaces/crazyflie_interfaces/srv/detail/arm__struct.hpp
[6.450s] -- Symlinking: /home/iiitd/cf_ws/install/crazyflie_interfaces/include/crazyflie_interfaces/crazyflie_interfaces/srv/detail/arm__traits.hpp
[6.455s] -- Symlinking: /home/iiitd/cf_ws/install/crazyflie_interfaces/include/crazyflie_interfaces/crazyflie_interfaces/srv/detail/arm__type_support.hpp
[6.460s] -- Symlinking: /home/iiitd/cf_ws/install/crazyflie_interfaces/include/crazyflie_interfaces/crazyflie_interfaces/srv/detail/go_to__builder.hpp
[6.465s] -- Symlinking: /home/iiitd/cf_ws/install/crazyflie_interfaces/include/crazyflie_interfaces/crazyflie_interfaces/srv/detail/go_to__struct.hpp
[6.470s] -- Symlinking: /home/iiitd/cf_ws/install/crazyflie_interfaces/include/crazyflie_interfaces/crazyflie_interfaces/srv/detail/go_to__traits.hpp
[6.475s] -- Symlinking: /home/iiitd/cf_ws/install/crazyflie_interfaces/include/crazyflie_interfaces/crazyflie_interfaces/srv/detail/go_to__type_support.hpp
[6.479s] -- Symlinking: /home/iiitd/cf_ws/install/crazyflie_interfaces/include/crazyflie_interfaces/crazyflie_interfaces/srv/detail/land__builder.hpp
[6.483s] -- Symlinking: /home/iiitd/cf_ws/install/crazyflie_interfaces/include/crazyflie_interfaces/crazyflie_interfaces/srv/detail/land__struct.hpp
[6.488s] -- Symlinking: /home/iiitd/cf_ws/install/crazyflie_interfaces/include/crazyflie_interfaces/crazyflie_interfaces/srv/detail/land__traits.hpp
[6.494s] -- Symlinking: /home/iiitd/cf_ws/install/crazyflie_interfaces/include/crazyflie_interfaces/crazyflie_interfaces/srv/detail/land__type_support.hpp
[6.499s] -- Symlinking: /home/iiitd/cf_ws/install/crazyflie_interfaces/include/crazyflie_interfaces/crazyflie_interfaces/srv/detail/notify_setpoints_stop__builder.hpp
[6.503s] -- Symlinking: /home/iiitd/cf_ws/install/crazyflie_interfaces/include/crazyflie_interfaces/crazyflie_interfaces/srv/detail/notify_setpoints_stop__struct.hpp
[6.507s] -- Symlinking: /home/iiitd/cf_ws/install/crazyflie_interfaces/include/crazyflie_interfaces/crazyflie_interfaces/srv/detail/notify_setpoints_stop__traits.hpp
[6.512s] -- Symlinking: /home/iiitd/cf_ws/install/crazyflie_interfaces/include/crazyflie_interfaces/crazyflie_interfaces/srv/detail/notify_setpoints_stop__type_support.hpp
[6.517s] -- Symlinking: /home/iiitd/cf_ws/install/crazyflie_interfaces/include/crazyflie_interfaces/crazyflie_interfaces/srv/detail/remove_logging__builder.hpp
[6.522s] -- Symlinking: /home/iiitd/cf_ws/install/crazyflie_interfaces/include/crazyflie_interfaces/crazyflie_interfaces/srv/detail/remove_logging__struct.hpp
[6.527s] -- Symlinking: /home/iiitd/cf_ws/install/crazyflie_interfaces/include/crazyflie_interfaces/crazyflie_interfaces/srv/detail/remove_logging__traits.hpp
[6.532s] -- Symlinking: /home/iiitd/cf_ws/install/crazyflie_interfaces/include/crazyflie_interfaces/crazyflie_interfaces/srv/detail/remove_logging__type_support.hpp
[6.536s] -- Symlinking: /home/iiitd/cf_ws/install/crazyflie_interfaces/include/crazyflie_interfaces/crazyflie_interfaces/srv/detail/set_group_mask__builder.hpp
[6.540s] -- Symlinking: /home/iiitd/cf_ws/install/crazyflie_interfaces/include/crazyflie_interfaces/crazyflie_interfaces/srv/detail/set_group_mask__struct.hpp
[6.545s] -- Symlinking: /home/iiitd/cf_ws/install/crazyflie_interfaces/include/crazyflie_interfaces/crazyflie_interfaces/srv/detail/set_group_mask__traits.hpp
[6.550s] -- Symlinking: /home/iiitd/cf_ws/install/crazyflie_interfaces/include/crazyflie_interfaces/crazyflie_interfaces/srv/detail/set_group_mask__type_support.hpp
[6.555s] -- Symlinking: /home/iiitd/cf_ws/install/crazyflie_interfaces/include/crazyflie_interfaces/crazyflie_interfaces/srv/detail/start_trajectory__builder.hpp
[6.559s] -- Symlinking: /home/iiitd/cf_ws/install/crazyflie_interfaces/include/crazyflie_interfaces/crazyflie_interfaces/srv/detail/start_trajectory__struct.hpp
[6.564s] -- Symlinking: /home/iiitd/cf_ws/install/crazyflie_interfaces/include/crazyflie_interfaces/crazyflie_interfaces/srv/detail/start_trajectory__traits.hpp
[6.569s] -- Symlinking: /home/iiitd/cf_ws/install/crazyflie_interfaces/include/crazyflie_interfaces/crazyflie_interfaces/srv/detail/start_trajectory__type_support.hpp
[6.574s] -- Symlinking: /home/iiitd/cf_ws/install/crazyflie_interfaces/include/crazyflie_interfaces/crazyflie_interfaces/srv/detail/stop__builder.hpp
[6.579s] -- Symlinking: /home/iiitd/cf_ws/install/crazyflie_interfaces/include/crazyflie_interfaces/crazyflie_interfaces/srv/detail/stop__struct.hpp
[6.585s] -- Symlinking: /home/iiitd/cf_ws/install/crazyflie_interfaces/include/crazyflie_interfaces/crazyflie_interfaces/srv/detail/stop__traits.hpp
[6.589s] -- Symlinking: /home/iiitd/cf_ws/install/crazyflie_interfaces/include/crazyflie_interfaces/crazyflie_interfaces/srv/detail/stop__type_support.hpp
[6.593s] -- Symlinking: /home/iiitd/cf_ws/install/crazyflie_interfaces/include/crazyflie_interfaces/crazyflie_interfaces/srv/detail/takeoff__builder.hpp
[6.597s] -- Symlinking: /home/iiitd/cf_ws/install/crazyflie_interfaces/include/crazyflie_interfaces/crazyflie_interfaces/srv/detail/takeoff__struct.hpp
[6.603s] -- Symlinking: /home/iiitd/cf_ws/install/crazyflie_interfaces/include/crazyflie_interfaces/crazyflie_interfaces/srv/detail/takeoff__traits.hpp
[6.608s] -- Symlinking: /home/iiitd/cf_ws/install/crazyflie_interfaces/include/crazyflie_interfaces/crazyflie_interfaces/srv/detail/takeoff__type_support.hpp
[6.614s] -- Symlinking: /home/iiitd/cf_ws/install/crazyflie_interfaces/include/crazyflie_interfaces/crazyflie_interfaces/srv/detail/update_params__builder.hpp
[6.618s] -- Symlinking: /home/iiitd/cf_ws/install/crazyflie_interfaces/include/crazyflie_interfaces/crazyflie_interfaces/srv/detail/update_params__struct.hpp
[6.623s] -- Symlinking: /home/iiitd/cf_ws/install/crazyflie_interfaces/include/crazyflie_interfaces/crazyflie_interfaces/srv/detail/update_params__traits.hpp
[6.627s] -- Symlinking: /home/iiitd/cf_ws/install/crazyflie_interfaces/include/crazyflie_interfaces/crazyflie_interfaces/srv/detail/update_params__type_support.hpp
[6.633s] -- Symlinking: /home/iiitd/cf_ws/install/crazyflie_interfaces/include/crazyflie_interfaces/crazyflie_interfaces/srv/detail/upload_trajectory__builder.hpp
[6.638s] -- Symlinking: /home/iiitd/cf_ws/install/crazyflie_interfaces/include/crazyflie_interfaces/crazyflie_interfaces/srv/detail/upload_trajectory__struct.hpp
[6.643s] -- Symlinking: /home/iiitd/cf_ws/install/crazyflie_interfaces/include/crazyflie_interfaces/crazyflie_interfaces/srv/detail/upload_trajectory__traits.hpp
[6.647s] -- Symlinking: /home/iiitd/cf_ws/install/crazyflie_interfaces/include/crazyflie_interfaces/crazyflie_interfaces/srv/detail/upload_trajectory__type_support.hpp
[6.651s] -- Symlinking: /home/iiitd/cf_ws/install/crazyflie_interfaces/include/crazyflie_interfaces/crazyflie_interfaces/srv/go_to.hpp
[6.655s] -- Symlinking: /home/iiitd/cf_ws/install/crazyflie_interfaces/include/crazyflie_interfaces/crazyflie_interfaces/srv/land.hpp
[6.659s] -- Symlinking: /home/iiitd/cf_ws/install/crazyflie_interfaces/include/crazyflie_interfaces/crazyflie_interfaces/srv/notify_setpoints_stop.hpp
[6.664s] -- Symlinking: /home/iiitd/cf_ws/install/crazyflie_interfaces/include/crazyflie_interfaces/crazyflie_interfaces/srv/remove_logging.hpp
[6.669s] -- Symlinking: /home/iiitd/cf_ws/install/crazyflie_interfaces/include/crazyflie_interfaces/crazyflie_interfaces/srv/set_group_mask.hpp
[6.673s] -- Symlinking: /home/iiitd/cf_ws/install/crazyflie_interfaces/include/crazyflie_interfaces/crazyflie_interfaces/srv/start_trajectory.hpp
[6.678s] -- Symlinking: /home/iiitd/cf_ws/install/crazyflie_interfaces/include/crazyflie_interfaces/crazyflie_interfaces/srv/stop.hpp
[6.682s] -- Symlinking: /home/iiitd/cf_ws/install/crazyflie_interfaces/include/crazyflie_interfaces/crazyflie_interfaces/srv/takeoff.hpp
[6.687s] -- Symlinking: /home/iiitd/cf_ws/install/crazyflie_interfaces/include/crazyflie_interfaces/crazyflie_interfaces/srv/update_params.hpp
[6.692s] -- Symlinking: /home/iiitd/cf_ws/install/crazyflie_interfaces/include/crazyflie_interfaces/crazyflie_interfaces/srv/upload_trajectory.hpp
[6.698s] -- Symlinking: /home/iiitd/cf_ws/install/crazyflie_interfaces/include/crazyflie_interfaces/crazyflie_interfaces/msg/detail/connection_statistics__rosidl_typesupport_fastrtps_cpp.hpp
[6.702s] -- Symlinking: /home/iiitd/cf_ws/install/crazyflie_interfaces/include/crazyflie_interfaces/crazyflie_interfaces/msg/detail/connection_statistics_array__rosidl_typesupport_fastrtps_cpp.hpp
[6.705s] -- Symlinking: /home/iiitd/cf_ws/install/crazyflie_interfaces/include/crazyflie_interfaces/crazyflie_interfaces/msg/detail/full_state__rosidl_typesupport_fastrtps_cpp.hpp
[6.710s] -- Symlinking: /home/iiitd/cf_ws/install/crazyflie_interfaces/include/crazyflie_interfaces/crazyflie_interfaces/msg/detail/hover__rosidl_typesupport_fastrtps_cpp.hpp
[6.714s] -- Symlinking: /home/iiitd/cf_ws/install/crazyflie_interfaces/include/crazyflie_interfaces/crazyflie_interfaces/msg/detail/log_block__rosidl_typesupport_fastrtps_cpp.hpp
[6.720s] -- Symlinking: /home/iiitd/cf_ws/install/crazyflie_interfaces/include/crazyflie_interfaces/crazyflie_interfaces/msg/detail/log_data_generic__rosidl_typesupport_fastrtps_cpp.hpp
[6.725s] -- Symlinking: /home/iiitd/cf_ws/install/crazyflie_interfaces/include/crazyflie_interfaces/crazyflie_interfaces/msg/detail/position__rosidl_typesupport_fastrtps_cpp.hpp
[6.729s] -- Symlinking: /home/iiitd/cf_ws/install/crazyflie_interfaces/include/crazyflie_interfaces/crazyflie_interfaces/msg/detail/status__rosidl_typesupport_fastrtps_cpp.hpp
[6.733s] -- Symlinking: /home/iiitd/cf_ws/install/crazyflie_interfaces/include/crazyflie_interfaces/crazyflie_interfaces/msg/detail/trajectory_polynomial_piece__rosidl_typesupport_fastrtps_cpp.hpp
[6.738s] -- Symlinking: /home/iiitd/cf_ws/install/crazyflie_interfaces/include/crazyflie_interfaces/crazyflie_interfaces/msg/detail/velocity_world__rosidl_typesupport_fastrtps_cpp.hpp
[6.744s] -- Symlinking: /home/iiitd/cf_ws/install/crazyflie_interfaces/include/crazyflie_interfaces/crazyflie_interfaces/msg/rosidl_typesupport_fastrtps_cpp__visibility_control.h
[6.749s] -- Symlinking: /home/iiitd/cf_ws/install/crazyflie_interfaces/include/crazyflie_interfaces/crazyflie_interfaces/srv/detail/add_logging__rosidl_typesupport_fastrtps_cpp.hpp
[6.754s] -- Symlinking: /home/iiitd/cf_ws/install/crazyflie_interfaces/include/crazyflie_interfaces/crazyflie_interfaces/srv/detail/arm__rosidl_typesupport_fastrtps_cpp.hpp
[6.758s] -- Symlinking: /home/iiitd/cf_ws/install/crazyflie_interfaces/include/crazyflie_interfaces/crazyflie_interfaces/srv/detail/go_to__rosidl_typesupport_fastrtps_cpp.hpp
[6.763s] -- Symlinking: /home/iiitd/cf_ws/install/crazyflie_interfaces/include/crazyflie_interfaces/crazyflie_interfaces/srv/detail/land__rosidl_typesupport_fastrtps_cpp.hpp
[6.767s] -- Symlinking: /home/iiitd/cf_ws/install/crazyflie_interfaces/include/crazyflie_interfaces/crazyflie_interfaces/srv/detail/notify_setpoints_stop__rosidl_typesupport_fastrtps_cpp.hpp
[6.773s] -- Symlinking: /home/iiitd/cf_ws/install/crazyflie_interfaces/include/crazyflie_interfaces/crazyflie_interfaces/srv/detail/remove_logging__rosidl_typesupport_fastrtps_cpp.hpp
[6.778s] -- Symlinking: /home/iiitd/cf_ws/install/crazyflie_interfaces/include/crazyflie_interfaces/crazyflie_interfaces/srv/detail/set_group_mask__rosidl_typesupport_fastrtps_cpp.hpp
[6.782s] -- Symlinking: /home/iiitd/cf_ws/install/crazyflie_interfaces/include/crazyflie_interfaces/crazyflie_interfaces/srv/detail/start_trajectory__rosidl_typesupport_fastrtps_cpp.hpp
[6.786s] -- Symlinking: /home/iiitd/cf_ws/install/crazyflie_interfaces/include/crazyflie_interfaces/crazyflie_interfaces/srv/detail/stop__rosidl_typesupport_fastrtps_cpp.hpp
[6.790s] -- Symlinking: /home/iiitd/cf_ws/install/crazyflie_interfaces/include/crazyflie_interfaces/crazyflie_interfaces/srv/detail/takeoff__rosidl_typesupport_fastrtps_cpp.hpp
[6.795s] -- Symlinking: /home/iiitd/cf_ws/install/crazyflie_interfaces/include/crazyflie_interfaces/crazyflie_interfaces/srv/detail/update_params__rosidl_typesupport_fastrtps_cpp.hpp
[6.799s] -- Symlinking: /home/iiitd/cf_ws/install/crazyflie_interfaces/include/crazyflie_interfaces/crazyflie_interfaces/srv/detail/upload_trajectory__rosidl_typesupport_fastrtps_cpp.hpp
[6.804s] -- Symlinking: /home/iiitd/cf_ws/install/crazyflie_interfaces/include/crazyflie_interfaces/crazyflie_interfaces/msg/detail/connection_statistics__rosidl_typesupport_introspection_c.h
[6.809s] -- Symlinking: /home/iiitd/cf_ws/install/crazyflie_interfaces/include/crazyflie_interfaces/crazyflie_interfaces/msg/detail/connection_statistics_array__rosidl_typesupport_introspection_c.h
[6.814s] -- Symlinking: /home/iiitd/cf_ws/install/crazyflie_interfaces/include/crazyflie_interfaces/crazyflie_interfaces/msg/detail/full_state__rosidl_typesupport_introspection_c.h
[6.818s] -- Symlinking: /home/iiitd/cf_ws/install/crazyflie_interfaces/include/crazyflie_interfaces/crazyflie_interfaces/msg/detail/hover__rosidl_typesupport_introspection_c.h
[6.823s] -- Symlinking: /home/iiitd/cf_ws/install/crazyflie_interfaces/include/crazyflie_interfaces/crazyflie_interfaces/msg/detail/log_block__rosidl_typesupport_introspection_c.h
[6.827s] -- Symlinking: /home/iiitd/cf_ws/install/crazyflie_interfaces/include/crazyflie_interfaces/crazyflie_interfaces/msg/detail/log_data_generic__rosidl_typesupport_introspection_c.h
[6.833s] -- Symlinking: /home/iiitd/cf_ws/install/crazyflie_interfaces/include/crazyflie_interfaces/crazyflie_interfaces/msg/detail/position__rosidl_typesupport_introspection_c.h
[6.838s] -- Symlinking: /home/iiitd/cf_ws/install/crazyflie_interfaces/include/crazyflie_interfaces/crazyflie_interfaces/msg/detail/status__rosidl_typesupport_introspection_c.h
[6.842s] -- Symlinking: /home/iiitd/cf_ws/install/crazyflie_interfaces/include/crazyflie_interfaces/crazyflie_interfaces/msg/detail/trajectory_polynomial_piece__rosidl_typesupport_introspection_c.h
[6.847s] -- Symlinking: /home/iiitd/cf_ws/install/crazyflie_interfaces/include/crazyflie_interfaces/crazyflie_interfaces/msg/detail/velocity_world__rosidl_typesupport_introspection_c.h
[6.852s] -- Symlinking: /home/iiitd/cf_ws/install/crazyflie_interfaces/include/crazyflie_interfaces/crazyflie_interfaces/msg/rosidl_typesupport_introspection_c__visibility_control.h
[6.855s] -- Symlinking: /home/iiitd/cf_ws/install/crazyflie_interfaces/include/crazyflie_interfaces/crazyflie_interfaces/srv/detail/add_logging__rosidl_typesupport_introspection_c.h
[6.861s] -- Symlinking: /home/iiitd/cf_ws/install/crazyflie_interfaces/include/crazyflie_interfaces/crazyflie_interfaces/srv/detail/arm__rosidl_typesupport_introspection_c.h
[6.866s] -- Symlinking: /home/iiitd/cf_ws/install/crazyflie_interfaces/include/crazyflie_interfaces/crazyflie_interfaces/srv/detail/go_to__rosidl_typesupport_introspection_c.h
[6.872s] -- Symlinking: /home/iiitd/cf_ws/install/crazyflie_interfaces/include/crazyflie_interfaces/crazyflie_interfaces/srv/detail/land__rosidl_typesupport_introspection_c.h
[6.875s] -- Symlinking: /home/iiitd/cf_ws/install/crazyflie_interfaces/include/crazyflie_interfaces/crazyflie_interfaces/srv/detail/notify_setpoints_stop__rosidl_typesupport_introspection_c.h
[6.881s] -- Symlinking: /home/iiitd/cf_ws/install/crazyflie_interfaces/include/crazyflie_interfaces/crazyflie_interfaces/srv/detail/remove_logging__rosidl_typesupport_introspection_c.h
[6.885s] -- Symlinking: /home/iiitd/cf_ws/install/crazyflie_interfaces/include/crazyflie_interfaces/crazyflie_interfaces/srv/detail/set_group_mask__rosidl_typesupport_introspection_c.h
[6.889s] -- Symlinking: /home/iiitd/cf_ws/install/crazyflie_interfaces/include/crazyflie_interfaces/crazyflie_interfaces/srv/detail/start_trajectory__rosidl_typesupport_introspection_c.h
[6.895s] -- Symlinking: /home/iiitd/cf_ws/install/crazyflie_interfaces/include/crazyflie_interfaces/crazyflie_interfaces/srv/detail/stop__rosidl_typesupport_introspection_c.h
[6.899s] -- Symlinking: /home/iiitd/cf_ws/install/crazyflie_interfaces/include/crazyflie_interfaces/crazyflie_interfaces/srv/detail/takeoff__rosidl_typesupport_introspection_c.h
[6.903s] -- Symlinking: /home/iiitd/cf_ws/install/crazyflie_interfaces/include/crazyflie_interfaces/crazyflie_interfaces/srv/detail/update_params__rosidl_typesupport_introspection_c.h
[6.908s] -- Symlinking: /home/iiitd/cf_ws/install/crazyflie_interfaces/include/crazyflie_interfaces/crazyflie_interfaces/srv/detail/upload_trajectory__rosidl_typesupport_introspection_c.h
[6.912s] -- Symlinking: /home/iiitd/cf_ws/install/crazyflie_interfaces/include/crazyflie_interfaces/crazyflie_interfaces/msg/detail/connection_statistics__rosidl_typesupport_introspection_cpp.hpp
[6.917s] -- Symlinking: /home/iiitd/cf_ws/install/crazyflie_interfaces/include/crazyflie_interfaces/crazyflie_interfaces/msg/detail/connection_statistics_array__rosidl_typesupport_introspection_cpp.hpp
[6.923s] -- Symlinking: /home/iiitd/cf_ws/install/crazyflie_interfaces/include/crazyflie_interfaces/crazyflie_interfaces/msg/detail/full_state__rosidl_typesupport_introspection_cpp.hpp
[6.927s] -- Symlinking: /home/iiitd/cf_ws/install/crazyflie_interfaces/include/crazyflie_interfaces/crazyflie_interfaces/msg/detail/hover__rosidl_typesupport_introspection_cpp.hpp
[6.932s] -- Symlinking: /home/iiitd/cf_ws/install/crazyflie_interfaces/include/crazyflie_interfaces/crazyflie_interfaces/msg/detail/log_block__rosidl_typesupport_introspection_cpp.hpp
[6.937s] -- Symlinking: /home/iiitd/cf_ws/install/crazyflie_interfaces/include/crazyflie_interfaces/crazyflie_interfaces/msg/detail/log_data_generic__rosidl_typesupport_introspection_cpp.hpp
[6.942s] -- Symlinking: /home/iiitd/cf_ws/install/crazyflie_interfaces/include/crazyflie_interfaces/crazyflie_interfaces/msg/detail/position__rosidl_typesupport_introspection_cpp.hpp
[6.949s] -- Symlinking: /home/iiitd/cf_ws/install/crazyflie_interfaces/include/crazyflie_interfaces/crazyflie_interfaces/msg/detail/status__rosidl_typesupport_introspection_cpp.hpp
[6.954s] -- Symlinking: /home/iiitd/cf_ws/install/crazyflie_interfaces/include/crazyflie_interfaces/crazyflie_interfaces/msg/detail/trajectory_polynomial_piece__rosidl_typesupport_introspection_cpp.hpp
[6.960s] -- Symlinking: /home/iiitd/cf_ws/install/crazyflie_interfaces/include/crazyflie_interfaces/crazyflie_interfaces/msg/detail/velocity_world__rosidl_typesupport_introspection_cpp.hpp
[6.965s] -- Symlinking: /home/iiitd/cf_ws/install/crazyflie_interfaces/include/crazyflie_interfaces/crazyflie_interfaces/srv/detail/add_logging__rosidl_typesupport_introspection_cpp.hpp
[6.969s] -- Symlinking: /home/iiitd/cf_ws/install/crazyflie_interfaces/include/crazyflie_interfaces/crazyflie_interfaces/srv/detail/arm__rosidl_typesupport_introspection_cpp.hpp
[6.974s] -- Symlinking: /home/iiitd/cf_ws/install/crazyflie_interfaces/include/crazyflie_interfaces/crazyflie_interfaces/srv/detail/go_to__rosidl_typesupport_introspection_cpp.hpp
[6.980s] -- Symlinking: /home/iiitd/cf_ws/install/crazyflie_interfaces/include/crazyflie_interfaces/crazyflie_interfaces/srv/detail/land__rosidl_typesupport_introspection_cpp.hpp
[6.983s] -- Symlinking: /home/iiitd/cf_ws/install/crazyflie_interfaces/include/crazyflie_interfaces/crazyflie_interfaces/srv/detail/notify_setpoints_stop__rosidl_typesupport_introspection_cpp.hpp
[6.987s] -- Symlinking: /home/iiitd/cf_ws/install/crazyflie_interfaces/include/crazyflie_interfaces/crazyflie_interfaces/srv/detail/remove_logging__rosidl_typesupport_introspection_cpp.hpp
[6.992s] -- Symlinking: /home/iiitd/cf_ws/install/crazyflie_interfaces/include/crazyflie_interfaces/crazyflie_interfaces/srv/detail/set_group_mask__rosidl_typesupport_introspection_cpp.hpp
[6.997s] -- Symlinking: /home/iiitd/cf_ws/install/crazyflie_interfaces/include/crazyflie_interfaces/crazyflie_interfaces/srv/detail/start_trajectory__rosidl_typesupport_introspection_cpp.hpp
[7.003s] -- Symlinking: /home/iiitd/cf_ws/install/crazyflie_interfaces/include/crazyflie_interfaces/crazyflie_interfaces/srv/detail/stop__rosidl_typesupport_introspection_cpp.hpp
[7.008s] -- Symlinking: /home/iiitd/cf_ws/install/crazyflie_interfaces/include/crazyflie_interfaces/crazyflie_interfaces/srv/detail/takeoff__rosidl_typesupport_introspection_cpp.hpp
[7.011s] -- Symlinking: /home/iiitd/cf_ws/install/crazyflie_interfaces/include/crazyflie_interfaces/crazyflie_interfaces/srv/detail/update_params__rosidl_typesupport_introspection_cpp.hpp
[7.015s] -- Symlinking: /home/iiitd/cf_ws/install/crazyflie_interfaces/include/crazyflie_interfaces/crazyflie_interfaces/srv/detail/upload_trajectory__rosidl_typesupport_introspection_cpp.hpp
[7.020s] -- Symlinking: /home/iiitd/cf_ws/install/crazyflie_interfaces/share/crazyflie_interfaces/environment/pythonpath.sh
[7.025s] -- Symlinking: /home/iiitd/cf_ws/install/crazyflie_interfaces/share/crazyflie_interfaces/environment/pythonpath.dsv
[7.030s] -- Symlinking: /home/iiitd/cf_ws/install/crazyflie_interfaces/local/lib/python3.10/dist-packages/crazyflie_interfaces-1.0.5-py3.10.egg-info/PKG-INFO
[7.036s] -- Symlinking: /home/iiitd/cf_ws/install/crazyflie_interfaces/local/lib/python3.10/dist-packages/crazyflie_interfaces-1.0.5-py3.10.egg-info/SOURCES.txt
[7.040s] -- Symlinking: /home/iiitd/cf_ws/install/crazyflie_interfaces/local/lib/python3.10/dist-packages/crazyflie_interfaces-1.0.5-py3.10.egg-info/dependency_links.txt
[7.047s] -- Symlinking: /home/iiitd/cf_ws/install/crazyflie_interfaces/local/lib/python3.10/dist-packages/crazyflie_interfaces-1.0.5-py3.10.egg-info/top_level.txt
[7.054s] -- Symlinking: /home/iiitd/cf_ws/install/crazyflie_interfaces/local/lib/python3.10/dist-packages/crazyflie_interfaces/__init__.py
[7.059s] -- Symlinking: /home/iiitd/cf_ws/install/crazyflie_interfaces/local/lib/python3.10/dist-packages/crazyflie_interfaces/_crazyflie_interfaces_s.ep.rosidl_typesupport_c.c
[7.065s] -- Symlinking: /home/iiitd/cf_ws/install/crazyflie_interfaces/local/lib/python3.10/dist-packages/crazyflie_interfaces/_crazyflie_interfaces_s.ep.rosidl_typesupport_fastrtps_c.c
[7.071s] -- Symlinking: /home/iiitd/cf_ws/install/crazyflie_interfaces/local/lib/python3.10/dist-packages/crazyflie_interfaces/_crazyflie_interfaces_s.ep.rosidl_typesupport_introspection_c.c
[7.075s] -- Symlinking: /home/iiitd/cf_ws/install/crazyflie_interfaces/local/lib/python3.10/dist-packages/crazyflie_interfaces/crazyflie_interfaces_s__rosidl_typesupport_c.cpython-310-x86_64-linux-gnu.so
[7.080s] -- Symlinking: /home/iiitd/cf_ws/install/crazyflie_interfaces/local/lib/python3.10/dist-packages/crazyflie_interfaces/crazyflie_interfaces_s__rosidl_typesupport_fastrtps_c.cpython-310-x86_64-linux-gnu.so
[7.085s] -- Symlinking: /home/iiitd/cf_ws/install/crazyflie_interfaces/local/lib/python3.10/dist-packages/crazyflie_interfaces/crazyflie_interfaces_s__rosidl_typesupport_introspection_c.cpython-310-x86_64-linux-gnu.so
[7.091s] -- Symlinking: /home/iiitd/cf_ws/install/crazyflie_interfaces/local/lib/python3.10/dist-packages/crazyflie_interfaces/libcrazyflie_interfaces__rosidl_generator_py.so
[7.095s] -- Symlinking: /home/iiitd/cf_ws/install/crazyflie_interfaces/local/lib/python3.10/dist-packages/crazyflie_interfaces/msg/__init__.py
[7.100s] -- Symlinking: /home/iiitd/cf_ws/install/crazyflie_interfaces/local/lib/python3.10/dist-packages/crazyflie_interfaces/msg/_connection_statistics.py
[7.106s] -- Symlinking: /home/iiitd/cf_ws/install/crazyflie_interfaces/local/lib/python3.10/dist-packages/crazyflie_interfaces/msg/_connection_statistics_array.py
[7.110s] -- Symlinking: /home/iiitd/cf_ws/install/crazyflie_interfaces/local/lib/python3.10/dist-packages/crazyflie_interfaces/msg/_connection_statistics_array_s.c
[7.116s] -- Symlinking: /home/iiitd/cf_ws/install/crazyflie_interfaces/local/lib/python3.10/dist-packages/crazyflie_interfaces/msg/_connection_statistics_s.c
[7.121s] -- Symlinking: /home/iiitd/cf_ws/install/crazyflie_interfaces/local/lib/python3.10/dist-packages/crazyflie_interfaces/msg/_full_state.py
[7.125s] -- Symlinking: /home/iiitd/cf_ws/install/crazyflie_interfaces/local/lib/python3.10/dist-packages/crazyflie_interfaces/msg/_full_state_s.c
[7.129s] -- Symlinking: /home/iiitd/cf_ws/install/crazyflie_interfaces/local/lib/python3.10/dist-packages/crazyflie_interfaces/msg/_hover.py
[7.135s] -- Symlinking: /home/iiitd/cf_ws/install/crazyflie_interfaces/local/lib/python3.10/dist-packages/crazyflie_interfaces/msg/_hover_s.c
[7.139s] -- Symlinking: /home/iiitd/cf_ws/install/crazyflie_interfaces/local/lib/python3.10/dist-packages/crazyflie_interfaces/msg/_log_block.py
[7.144s] -- Symlinking: /home/iiitd/cf_ws/install/crazyflie_interfaces/local/lib/python3.10/dist-packages/crazyflie_interfaces/msg/_log_block_s.c
[7.150s] -- Symlinking: /home/iiitd/cf_ws/install/crazyflie_interfaces/local/lib/python3.10/dist-packages/crazyflie_interfaces/msg/_log_data_generic.py
[7.154s] -- Symlinking: /home/iiitd/cf_ws/install/crazyflie_interfaces/local/lib/python3.10/dist-packages/crazyflie_interfaces/msg/_log_data_generic_s.c
[7.158s] -- Symlinking: /home/iiitd/cf_ws/install/crazyflie_interfaces/local/lib/python3.10/dist-packages/crazyflie_interfaces/msg/_position.py
[7.163s] -- Symlinking: /home/iiitd/cf_ws/install/crazyflie_interfaces/local/lib/python3.10/dist-packages/crazyflie_interfaces/msg/_position_s.c
[7.168s] -- Symlinking: /home/iiitd/cf_ws/install/crazyflie_interfaces/local/lib/python3.10/dist-packages/crazyflie_interfaces/msg/_status.py
[7.173s] -- Symlinking: /home/iiitd/cf_ws/install/crazyflie_interfaces/local/lib/python3.10/dist-packages/crazyflie_interfaces/msg/_status_s.c
[7.178s] -- Symlinking: /home/iiitd/cf_ws/install/crazyflie_interfaces/local/lib/python3.10/dist-packages/crazyflie_interfaces/msg/_trajectory_polynomial_piece.py
[7.182s] -- Symlinking: /home/iiitd/cf_ws/install/crazyflie_interfaces/local/lib/python3.10/dist-packages/crazyflie_interfaces/msg/_trajectory_polynomial_piece_s.c
[7.186s] -- Symlinking: /home/iiitd/cf_ws/install/crazyflie_interfaces/local/lib/python3.10/dist-packages/crazyflie_interfaces/msg/_velocity_world.py
[7.191s] -- Symlinking: /home/iiitd/cf_ws/install/crazyflie_interfaces/local/lib/python3.10/dist-packages/crazyflie_interfaces/msg/_velocity_world_s.c
[7.197s] -- Symlinking: /home/iiitd/cf_ws/install/crazyflie_interfaces/local/lib/python3.10/dist-packages/crazyflie_interfaces/srv/__init__.py
[7.202s] -- Symlinking: /home/iiitd/cf_ws/install/crazyflie_interfaces/local/lib/python3.10/dist-packages/crazyflie_interfaces/srv/_add_logging.py
[7.207s] -- Symlinking: /home/iiitd/cf_ws/install/crazyflie_interfaces/local/lib/python3.10/dist-packages/crazyflie_interfaces/srv/_add_logging_s.c
[7.211s] -- Symlinking: /home/iiitd/cf_ws/install/crazyflie_interfaces/local/lib/python3.10/dist-packages/crazyflie_interfaces/srv/_arm.py
[7.215s] -- Symlinking: /home/iiitd/cf_ws/install/crazyflie_interfaces/local/lib/python3.10/dist-packages/crazyflie_interfaces/srv/_arm_s.c
[7.220s] -- Symlinking: /home/iiitd/cf_ws/install/crazyflie_interfaces/local/lib/python3.10/dist-packages/crazyflie_interfaces/srv/_go_to.py
[7.225s] -- Symlinking: /home/iiitd/cf_ws/install/crazyflie_interfaces/local/lib/python3.10/dist-packages/crazyflie_interfaces/srv/_go_to_s.c
[7.230s] -- Symlinking: /home/iiitd/cf_ws/install/crazyflie_interfaces/local/lib/python3.10/dist-packages/crazyflie_interfaces/srv/_land.py
[7.235s] -- Symlinking: /home/iiitd/cf_ws/install/crazyflie_interfaces/local/lib/python3.10/dist-packages/crazyflie_interfaces/srv/_land_s.c
[7.239s] -- Symlinking: /home/iiitd/cf_ws/install/crazyflie_interfaces/local/lib/python3.10/dist-packages/crazyflie_interfaces/srv/_notify_setpoints_stop.py
[7.244s] -- Symlinking: /home/iiitd/cf_ws/install/crazyflie_interfaces/local/lib/python3.10/dist-packages/crazyflie_interfaces/srv/_notify_setpoints_stop_s.c
[7.249s] -- Symlinking: /home/iiitd/cf_ws/install/crazyflie_interfaces/local/lib/python3.10/dist-packages/crazyflie_interfaces/srv/_remove_logging.py
[7.253s] -- Symlinking: /home/iiitd/cf_ws/install/crazyflie_interfaces/local/lib/python3.10/dist-packages/crazyflie_interfaces/srv/_remove_logging_s.c
[7.258s] -- Symlinking: /home/iiitd/cf_ws/install/crazyflie_interfaces/local/lib/python3.10/dist-packages/crazyflie_interfaces/srv/_set_group_mask.py
[7.263s] -- Symlinking: /home/iiitd/cf_ws/install/crazyflie_interfaces/local/lib/python3.10/dist-packages/crazyflie_interfaces/srv/_set_group_mask_s.c
[7.267s] -- Symlinking: /home/iiitd/cf_ws/install/crazyflie_interfaces/local/lib/python3.10/dist-packages/crazyflie_interfaces/srv/_start_trajectory.py
[7.271s] -- Symlinking: /home/iiitd/cf_ws/install/crazyflie_interfaces/local/lib/python3.10/dist-packages/crazyflie_interfaces/srv/_start_trajectory_s.c
[7.276s] -- Symlinking: /home/iiitd/cf_ws/install/crazyflie_interfaces/local/lib/python3.10/dist-packages/crazyflie_interfaces/srv/_stop.py
[7.281s] -- Symlinking: /home/iiitd/cf_ws/install/crazyflie_interfaces/local/lib/python3.10/dist-packages/crazyflie_interfaces/srv/_stop_s.c
[7.286s] -- Symlinking: /home/iiitd/cf_ws/install/crazyflie_interfaces/local/lib/python3.10/dist-packages/crazyflie_interfaces/srv/_takeoff.py
[7.291s] -- Symlinking: /home/iiitd/cf_ws/install/crazyflie_interfaces/local/lib/python3.10/dist-packages/crazyflie_interfaces/srv/_takeoff_s.c
[7.294s] -- Symlinking: /home/iiitd/cf_ws/install/crazyflie_interfaces/local/lib/python3.10/dist-packages/crazyflie_interfaces/srv/_update_params.py
[7.299s] -- Symlinking: /home/iiitd/cf_ws/install/crazyflie_interfaces/local/lib/python3.10/dist-packages/crazyflie_interfaces/srv/_update_params_s.c
[7.304s] -- Symlinking: /home/iiitd/cf_ws/install/crazyflie_interfaces/local/lib/python3.10/dist-packages/crazyflie_interfaces/srv/_upload_trajectory.py
[7.309s] -- Symlinking: /home/iiitd/cf_ws/install/crazyflie_interfaces/local/lib/python3.10/dist-packages/crazyflie_interfaces/srv/_upload_trajectory_s.c
[7.313s] -- Up-to-date symlink: /home/iiitd/cf_ws/install/crazyflie_interfaces/local/lib/python3.10/dist-packages/crazyflie_interfaces/crazyflie_interfaces_s__rosidl_typesupport_fastrtps_c.cpython-310-x86_64-linux-gnu.so
[7.314s] -- Up-to-date symlink: /home/iiitd/cf_ws/install/crazyflie_interfaces/local/lib/python3.10/dist-packages/crazyflie_interfaces/crazyflie_interfaces_s__rosidl_typesupport_introspection_c.cpython-310-x86_64-linux-gnu.so
[7.314s] -- Up-to-date symlink: /home/iiitd/cf_ws/install/crazyflie_interfaces/local/lib/python3.10/dist-packages/crazyflie_interfaces/crazyflie_interfaces_s__rosidl_typesupport_c.cpython-310-x86_64-linux-gnu.so
[7.314s] -- Symlinking: /home/iiitd/cf_ws/install/crazyflie_interfaces/share/ament_index/resource_index/rust_packages/crazyflie_interfaces
[7.319s] -- Symlinking: /home/iiitd/cf_ws/install/crazyflie_interfaces/share/crazyflie_interfaces/rust/Cargo.toml
[7.324s] -- Symlinking: /home/iiitd/cf_ws/install/crazyflie_interfaces/share/crazyflie_interfaces/rust/build.rs
[7.328s] -- Symlinking: /home/iiitd/cf_ws/install/crazyflie_interfaces/share/crazyflie_interfaces/rust/src/lib.rs
[7.332s] -- Symlinking: /home/iiitd/cf_ws/install/crazyflie_interfaces/share/crazyflie_interfaces/rust/src/msg.rs
[7.338s] -- Symlinking: /home/iiitd/cf_ws/install/crazyflie_interfaces/share/crazyflie_interfaces/rust/src/msg/rmw.rs
[7.343s] -- Symlinking: /home/iiitd/cf_ws/install/crazyflie_interfaces/share/crazyflie_interfaces/rust/src/srv.rs
[7.349s] -- Symlinking: /home/iiitd/cf_ws/install/crazyflie_interfaces/share/crazyflie_interfaces/rust/src/srv/rmw.rs
[7.353s] -- Symlinking: /home/iiitd/cf_ws/install/crazyflie_interfaces/share/crazyflie_interfaces/msg/ConnectionStatistics.idl
[7.359s] -- Symlinking: /home/iiitd/cf_ws/install/crazyflie_interfaces/share/crazyflie_interfaces/msg/ConnectionStatisticsArray.idl
[7.363s] -- Symlinking: /home/iiitd/cf_ws/install/crazyflie_interfaces/share/crazyflie_interfaces/msg/FullState.idl
[7.368s] -- Symlinking: /home/iiitd/cf_ws/install/crazyflie_interfaces/share/crazyflie_interfaces/msg/LogDataGeneric.idl
[7.373s] -- Symlinking: /home/iiitd/cf_ws/install/crazyflie_interfaces/share/crazyflie_interfaces/msg/Hover.idl
[7.378s] -- Symlinking: /home/iiitd/cf_ws/install/crazyflie_interfaces/share/crazyflie_interfaces/msg/LogBlock.idl
[7.383s] -- Symlinking: /home/iiitd/cf_ws/install/crazyflie_interfaces/share/crazyflie_interfaces/msg/Position.idl
[7.388s] -- Symlinking: /home/iiitd/cf_ws/install/crazyflie_interfaces/share/crazyflie_interfaces/msg/Status.idl
[7.393s] -- Symlinking: /home/iiitd/cf_ws/install/crazyflie_interfaces/share/crazyflie_interfaces/msg/TrajectoryPolynomialPiece.idl
[7.398s] -- Symlinking: /home/iiitd/cf_ws/install/crazyflie_interfaces/share/crazyflie_interfaces/msg/VelocityWorld.idl
[7.404s] -- Symlinking: /home/iiitd/cf_ws/install/crazyflie_interfaces/share/crazyflie_interfaces/srv/GoTo.idl
[7.408s] -- Symlinking: /home/iiitd/cf_ws/install/crazyflie_interfaces/share/crazyflie_interfaces/srv/Land.idl
[7.412s] -- Symlinking: /home/iiitd/cf_ws/install/crazyflie_interfaces/share/crazyflie_interfaces/srv/NotifySetpointsStop.idl
[7.417s] -- Symlinking: /home/iiitd/cf_ws/install/crazyflie_interfaces/share/crazyflie_interfaces/srv/SetGroupMask.idl
[7.422s] -- Symlinking: /home/iiitd/cf_ws/install/crazyflie_interfaces/share/crazyflie_interfaces/srv/StartTrajectory.idl
[7.427s] -- Symlinking: /home/iiitd/cf_ws/install/crazyflie_interfaces/share/crazyflie_interfaces/srv/Stop.idl
[7.432s] -- Symlinking: /home/iiitd/cf_ws/install/crazyflie_interfaces/share/crazyflie_interfaces/srv/Takeoff.idl
[7.436s] -- Symlinking: /home/iiitd/cf_ws/install/crazyflie_interfaces/share/crazyflie_interfaces/srv/UpdateParams.idl
[7.441s] -- Symlinking: /home/iiitd/cf_ws/install/crazyflie_interfaces/share/crazyflie_interfaces/srv/UploadTrajectory.idl
[7.446s] -- Symlinking: /home/iiitd/cf_ws/install/crazyflie_interfaces/share/crazyflie_interfaces/srv/RemoveLogging.idl
[7.452s] -- Symlinking: /home/iiitd/cf_ws/install/crazyflie_interfaces/share/crazyflie_interfaces/srv/AddLogging.idl
[7.456s] -- Symlinking: /home/iiitd/cf_ws/install/crazyflie_interfaces/share/crazyflie_interfaces/srv/Arm.idl
[7.461s] -- Symlinking: /home/iiitd/cf_ws/install/crazyflie_interfaces/share/crazyflie_interfaces/msg/ConnectionStatistics.msg
[7.466s] -- Symlinking: /home/iiitd/cf_ws/install/crazyflie_interfaces/share/crazyflie_interfaces/msg/ConnectionStatisticsArray.msg
[7.471s] -- Symlinking: /home/iiitd/cf_ws/install/crazyflie_interfaces/share/crazyflie_interfaces/msg/FullState.msg
[7.475s] -- Symlinking: /home/iiitd/cf_ws/install/crazyflie_interfaces/share/crazyflie_interfaces/msg/LogDataGeneric.msg
[7.481s] -- Symlinking: /home/iiitd/cf_ws/install/crazyflie_interfaces/share/crazyflie_interfaces/msg/Hover.msg
[7.486s] -- Symlinking: /home/iiitd/cf_ws/install/crazyflie_interfaces/share/crazyflie_interfaces/msg/LogBlock.msg
[7.490s] -- Symlinking: /home/iiitd/cf_ws/install/crazyflie_interfaces/share/crazyflie_interfaces/msg/Position.msg
[7.495s] -- Symlinking: /home/iiitd/cf_ws/install/crazyflie_interfaces/share/crazyflie_interfaces/msg/Status.msg
[7.500s] -- Symlinking: /home/iiitd/cf_ws/install/crazyflie_interfaces/share/crazyflie_interfaces/msg/TrajectoryPolynomialPiece.msg
[7.503s] -- Symlinking: /home/iiitd/cf_ws/install/crazyflie_interfaces/share/crazyflie_interfaces/msg/VelocityWorld.msg
[7.509s] -- Symlinking: /home/iiitd/cf_ws/install/crazyflie_interfaces/share/crazyflie_interfaces/srv/GoTo.srv
[7.514s] -- Symlinking: /home/iiitd/cf_ws/install/crazyflie_interfaces/share/crazyflie_interfaces/srv/GoTo_Request.msg
[7.519s] -- Symlinking: /home/iiitd/cf_ws/install/crazyflie_interfaces/share/crazyflie_interfaces/srv/GoTo_Response.msg
[7.523s] -- Symlinking: /home/iiitd/cf_ws/install/crazyflie_interfaces/share/crazyflie_interfaces/srv/Land.srv
[7.528s] -- Symlinking: /home/iiitd/cf_ws/install/crazyflie_interfaces/share/crazyflie_interfaces/srv/Land_Request.msg
[7.532s] -- Symlinking: /home/iiitd/cf_ws/install/crazyflie_interfaces/share/crazyflie_interfaces/srv/Land_Response.msg
[7.537s] -- Symlinking: /home/iiitd/cf_ws/install/crazyflie_interfaces/share/crazyflie_interfaces/srv/NotifySetpointsStop.srv
[7.541s] -- Symlinking: /home/iiitd/cf_ws/install/crazyflie_interfaces/share/crazyflie_interfaces/srv/NotifySetpointsStop_Request.msg
[7.546s] -- Symlinking: /home/iiitd/cf_ws/install/crazyflie_interfaces/share/crazyflie_interfaces/srv/NotifySetpointsStop_Response.msg
[7.550s] -- Symlinking: /home/iiitd/cf_ws/install/crazyflie_interfaces/share/crazyflie_interfaces/srv/SetGroupMask.srv
[7.555s] -- Symlinking: /home/iiitd/cf_ws/install/crazyflie_interfaces/share/crazyflie_interfaces/srv/SetGroupMask_Request.msg
[7.559s] -- Symlinking: /home/iiitd/cf_ws/install/crazyflie_interfaces/share/crazyflie_interfaces/srv/SetGroupMask_Response.msg
[7.564s] -- Symlinking: /home/iiitd/cf_ws/install/crazyflie_interfaces/share/crazyflie_interfaces/srv/StartTrajectory.srv
[7.569s] -- Symlinking: /home/iiitd/cf_ws/install/crazyflie_interfaces/share/crazyflie_interfaces/srv/StartTrajectory_Request.msg
[7.574s] -- Symlinking: /home/iiitd/cf_ws/install/crazyflie_interfaces/share/crazyflie_interfaces/srv/StartTrajectory_Response.msg
[7.578s] -- Symlinking: /home/iiitd/cf_ws/install/crazyflie_interfaces/share/crazyflie_interfaces/srv/Stop.srv
[7.582s] -- Symlinking: /home/iiitd/cf_ws/install/crazyflie_interfaces/share/crazyflie_interfaces/srv/Stop_Request.msg
[7.587s] -- Symlinking: /home/iiitd/cf_ws/install/crazyflie_interfaces/share/crazyflie_interfaces/srv/Stop_Response.msg
[7.592s] -- Symlinking: /home/iiitd/cf_ws/install/crazyflie_interfaces/share/crazyflie_interfaces/srv/Takeoff.srv
[7.597s] -- Symlinking: /home/iiitd/cf_ws/install/crazyflie_interfaces/share/crazyflie_interfaces/srv/Takeoff_Request.msg
[7.602s] -- Symlinking: /home/iiitd/cf_ws/install/crazyflie_interfaces/share/crazyflie_interfaces/srv/Takeoff_Response.msg
[7.606s] -- Symlinking: /home/iiitd/cf_ws/install/crazyflie_interfaces/share/crazyflie_interfaces/srv/UpdateParams.srv
[7.611s] -- Symlinking: /home/iiitd/cf_ws/install/crazyflie_interfaces/share/crazyflie_interfaces/srv/UpdateParams_Request.msg
[7.615s] -- Symlinking: /home/iiitd/cf_ws/install/crazyflie_interfaces/share/crazyflie_interfaces/srv/UpdateParams_Response.msg
[7.621s] -- Symlinking: /home/iiitd/cf_ws/install/crazyflie_interfaces/share/crazyflie_interfaces/srv/UploadTrajectory.srv
[7.625s] -- Symlinking: /home/iiitd/cf_ws/install/crazyflie_interfaces/share/crazyflie_interfaces/srv/UploadTrajectory_Request.msg
[7.630s] -- Symlinking: /home/iiitd/cf_ws/install/crazyflie_interfaces/share/crazyflie_interfaces/srv/UploadTrajectory_Response.msg
[7.635s] -- Symlinking: /home/iiitd/cf_ws/install/crazyflie_interfaces/share/crazyflie_interfaces/srv/RemoveLogging.srv
[7.639s] -- Symlinking: /home/iiitd/cf_ws/install/crazyflie_interfaces/share/crazyflie_interfaces/srv/RemoveLogging_Request.msg
[7.643s] -- Symlinking: /home/iiitd/cf_ws/install/crazyflie_interfaces/share/crazyflie_interfaces/srv/RemoveLogging_Response.msg
[7.649s] -- Symlinking: /home/iiitd/cf_ws/install/crazyflie_interfaces/share/crazyflie_interfaces/srv/AddLogging.srv
[7.654s] -- Symlinking: /home/iiitd/cf_ws/install/crazyflie_interfaces/share/crazyflie_interfaces/srv/AddLogging_Request.msg
[7.659s] -- Symlinking: /home/iiitd/cf_ws/install/crazyflie_interfaces/share/crazyflie_interfaces/srv/AddLogging_Response.msg
[7.663s] -- Symlinking: /home/iiitd/cf_ws/install/crazyflie_interfaces/share/crazyflie_interfaces/srv/Arm.srv
[7.667s] -- Symlinking: /home/iiitd/cf_ws/install/crazyflie_interfaces/share/crazyflie_interfaces/srv/Arm_Request.msg
[7.671s] -- Symlinking: /home/iiitd/cf_ws/install/crazyflie_interfaces/share/crazyflie_interfaces/srv/Arm_Response.msg
[7.677s] -- Symlinking: /home/iiitd/cf_ws/install/crazyflie_interfaces/share/ament_index/resource_index/package_run_dependencies/crazyflie_interfaces
[7.682s] -- Symlinking: /home/iiitd/cf_ws/install/crazyflie_interfaces/share/ament_index/resource_index/parent_prefix_path/crazyflie_interfaces
[7.687s] -- Symlinking: /home/iiitd/cf_ws/install/crazyflie_interfaces/share/crazyflie_interfaces/environment/ament_prefix_path.sh
[7.691s] -- Symlinking: /home/iiitd/cf_ws/install/crazyflie_interfaces/share/crazyflie_interfaces/environment/ament_prefix_path.dsv
[7.695s] -- Symlinking: /home/iiitd/cf_ws/install/crazyflie_interfaces/share/crazyflie_interfaces/environment/path.sh
[7.699s] -- Symlinking: /home/iiitd/cf_ws/install/crazyflie_interfaces/share/crazyflie_interfaces/environment/path.dsv
[7.705s] -- Symlinking: /home/iiitd/cf_ws/install/crazyflie_interfaces/share/crazyflie_interfaces/local_setup.bash
[7.710s] -- Symlinking: /home/iiitd/cf_ws/install/crazyflie_interfaces/share/crazyflie_interfaces/local_setup.sh
[7.715s] -- Symlinking: /home/iiitd/cf_ws/install/crazyflie_interfaces/share/crazyflie_interfaces/local_setup.zsh
[7.719s] -- Symlinking: /home/iiitd/cf_ws/install/crazyflie_interfaces/share/crazyflie_interfaces/local_setup.dsv
[7.723s] -- Symlinking: /home/iiitd/cf_ws/install/crazyflie_interfaces/share/crazyflie_interfaces/package.dsv
[7.727s] -- Symlinking: /home/iiitd/cf_ws/install/crazyflie_interfaces/share/ament_index/resource_index/packages/crazyflie_interfaces
[7.732s] -- Symlinking: /home/iiitd/cf_ws/install/crazyflie_interfaces/share/crazyflie_interfaces/cmake/rosidl_cmake-extras.cmake
[7.737s] -- Symlinking: /home/iiitd/cf_ws/install/crazyflie_interfaces/share/crazyflie_interfaces/cmake/ament_cmake_export_dependencies-extras.cmake
[7.742s] -- Symlinking: /home/iiitd/cf_ws/install/crazyflie_interfaces/share/crazyflie_interfaces/cmake/ament_cmake_export_include_directories-extras.cmake
[7.747s] -- Symlinking: /home/iiitd/cf_ws/install/crazyflie_interfaces/share/crazyflie_interfaces/cmake/ament_cmake_export_libraries-extras.cmake
[7.751s] -- Symlinking: /home/iiitd/cf_ws/install/crazyflie_interfaces/share/crazyflie_interfaces/cmake/ament_cmake_export_targets-extras.cmake
[7.755s] -- Symlinking: /home/iiitd/cf_ws/install/crazyflie_interfaces/share/crazyflie_interfaces/cmake/rosidl_cmake_export_typesupport_targets-extras.cmake
[7.760s] -- Symlinking: /home/iiitd/cf_ws/install/crazyflie_interfaces/share/crazyflie_interfaces/cmake/rosidl_cmake_export_typesupport_libraries-extras.cmake
[7.765s] -- Symlinking: /home/iiitd/cf_ws/install/crazyflie_interfaces/share/crazyflie_interfaces/cmake/rosidl_cmake_aggregate_target-extras.cmake
[7.770s] -- Symlinking: /home/iiitd/cf_ws/install/crazyflie_interfaces/share/crazyflie_interfaces/cmake/crazyflie_interfacesConfig.cmake
[7.775s] -- Symlinking: /home/iiitd/cf_ws/install/crazyflie_interfaces/share/crazyflie_interfaces/cmake/crazyflie_interfacesConfig-version.cmake
[7.779s] -- Symlinking: /home/iiitd/cf_ws/install/crazyflie_interfaces/share/crazyflie_interfaces/package.xml
[7.783s] -- Installing: /home/iiitd/cf_ws/install/crazyflie_interfaces/lib/libcrazyflie_interfaces__rosidl_generator_c.so
[7.783s] -- Set runtime path of "/home/iiitd/cf_ws/install/crazyflie_interfaces/lib/libcrazyflie_interfaces__rosidl_generator_c.so" to ""
[7.783s] -- Installing: /home/iiitd/cf_ws/install/crazyflie_interfaces/lib/libcrazyflie_interfaces__rosidl_typesupport_fastrtps_c.so
[7.784s] -- Set runtime path of "/home/iiitd/cf_ws/install/crazyflie_interfaces/lib/libcrazyflie_interfaces__rosidl_typesupport_fastrtps_c.so" to ""
[7.784s] -- Installing: /home/iiitd/cf_ws/install/crazyflie_interfaces/lib/libcrazyflie_interfaces__rosidl_typesupport_fastrtps_cpp.so
[7.784s] -- Set runtime path of "/home/iiitd/cf_ws/install/crazyflie_interfaces/lib/libcrazyflie_interfaces__rosidl_typesupport_fastrtps_cpp.so" to ""
[7.784s] -- Installing: /home/iiitd/cf_ws/install/crazyflie_interfaces/lib/libcrazyflie_interfaces__rosidl_typesupport_introspection_c.so
[7.784s] -- Set runtime path of "/home/iiitd/cf_ws/install/crazyflie_interfaces/lib/libcrazyflie_interfaces__rosidl_typesupport_introspection_c.so" to ""
[7.784s] -- Installing: /home/iiitd/cf_ws/install/crazyflie_interfaces/lib/libcrazyflie_interfaces__rosidl_typesupport_c.so
[7.784s] -- Set runtime path of "/home/iiitd/cf_ws/install/crazyflie_interfaces/lib/libcrazyflie_interfaces__rosidl_typesupport_c.so" to ""
[7.784s] -- Installing: /home/iiitd/cf_ws/install/crazyflie_interfaces/lib/libcrazyflie_interfaces__rosidl_typesupport_introspection_cpp.so
[7.784s] -- Set runtime path of "/home/iiitd/cf_ws/install/crazyflie_interfaces/lib/libcrazyflie_interfaces__rosidl_typesupport_introspection_cpp.so" to ""
[7.784s] -- Installing: /home/iiitd/cf_ws/install/crazyflie_interfaces/lib/libcrazyflie_interfaces__rosidl_typesupport_cpp.so
[7.785s] -- Set runtime path of "/home/iiitd/cf_ws/install/crazyflie_interfaces/lib/libcrazyflie_interfaces__rosidl_typesupport_cpp.so" to ""
[7.818s] Listing '/home/iiitd/cf_ws/install/crazyflie_interfaces/local/lib/python3.10/dist-packages/crazyflie_interfaces'...
[7.818s] Compiling '/home/iiitd/cf_ws/install/crazyflie_interfaces/local/lib/python3.10/dist-packages/crazyflie_interfaces/__init__.py'...
[7.818s] Listing '/home/iiitd/cf_ws/install/crazyflie_interfaces/local/lib/python3.10/dist-packages/crazyflie_interfaces/msg'...
[7.818s] Compiling '/home/iiitd/cf_ws/install/crazyflie_interfaces/local/lib/python3.10/dist-packages/crazyflie_interfaces/msg/__init__.py'...
[7.818s] Compiling '/home/iiitd/cf_ws/install/crazyflie_interfaces/local/lib/python3.10/dist-packages/crazyflie_interfaces/msg/_connection_statistics.py'...
[7.818s] Compiling '/home/iiitd/cf_ws/install/crazyflie_interfaces/local/lib/python3.10/dist-packages/crazyflie_interfaces/msg/_connection_statistics_array.py'...
[7.818s] Compiling '/home/iiitd/cf_ws/install/crazyflie_interfaces/local/lib/python3.10/dist-packages/crazyflie_interfaces/msg/_full_state.py'...
[7.818s] Compiling '/home/iiitd/cf_ws/install/crazyflie_interfaces/local/lib/python3.10/dist-packages/crazyflie_interfaces/msg/_hover.py'...
[7.818s] Compiling '/home/iiitd/cf_ws/install/crazyflie_interfaces/local/lib/python3.10/dist-packages/crazyflie_interfaces/msg/_log_block.py'...
[7.818s] Compiling '/home/iiitd/cf_ws/install/crazyflie_interfaces/local/lib/python3.10/dist-packages/crazyflie_interfaces/msg/_log_data_generic.py'...
[7.818s] Compiling '/home/iiitd/cf_ws/install/crazyflie_interfaces/local/lib/python3.10/dist-packages/crazyflie_interfaces/msg/_position.py'...
[7.819s] Compiling '/home/iiitd/cf_ws/install/crazyflie_interfaces/local/lib/python3.10/dist-packages/crazyflie_interfaces/msg/_status.py'...
[7.819s] Compiling '/home/iiitd/cf_ws/install/crazyflie_interfaces/local/lib/python3.10/dist-packages/crazyflie_interfaces/msg/_trajectory_polynomial_piece.py'...
[7.819s] Compiling '/home/iiitd/cf_ws/install/crazyflie_interfaces/local/lib/python3.10/dist-packages/crazyflie_interfaces/msg/_velocity_world.py'...
[7.819s] Listing '/home/iiitd/cf_ws/install/crazyflie_interfaces/local/lib/python3.10/dist-packages/crazyflie_interfaces/srv'...
[7.819s] Compiling '/home/iiitd/cf_ws/install/crazyflie_interfaces/local/lib/python3.10/dist-packages/crazyflie_interfaces/srv/__init__.py'...
[7.819s] Compiling '/home/iiitd/cf_ws/install/crazyflie_interfaces/local/lib/python3.10/dist-packages/crazyflie_interfaces/srv/_add_logging.py'...
[7.819s] Compiling '/home/iiitd/cf_ws/install/crazyflie_interfaces/local/lib/python3.10/dist-packages/crazyflie_interfaces/srv/_arm.py'...
[7.819s] Compiling '/home/iiitd/cf_ws/install/crazyflie_interfaces/local/lib/python3.10/dist-packages/crazyflie_interfaces/srv/_go_to.py'...
[7.819s] Compiling '/home/iiitd/cf_ws/install/crazyflie_interfaces/local/lib/python3.10/dist-packages/crazyflie_interfaces/srv/_land.py'...
[7.819s] Compiling '/home/iiitd/cf_ws/install/crazyflie_interfaces/local/lib/python3.10/dist-packages/crazyflie_interfaces/srv/_notify_setpoints_stop.py'...
[7.819s] Compiling '/home/iiitd/cf_ws/install/crazyflie_interfaces/local/lib/python3.10/dist-packages/crazyflie_interfaces/srv/_remove_logging.py'...
[7.819s] Compiling '/home/iiitd/cf_ws/install/crazyflie_interfaces/local/lib/python3.10/dist-packages/crazyflie_interfaces/srv/_set_group_mask.py'...
[7.819s] Compiling '/home/iiitd/cf_ws/install/crazyflie_interfaces/local/lib/python3.10/dist-packages/crazyflie_interfaces/srv/_start_trajectory.py'...
[7.819s] Compiling '/home/iiitd/cf_ws/install/crazyflie_interfaces/local/lib/python3.10/dist-packages/crazyflie_interfaces/srv/_stop.py'...
[7.819s] Compiling '/home/iiitd/cf_ws/install/crazyflie_interfaces/local/lib/python3.10/dist-packages/crazyflie_interfaces/srv/_takeoff.py'...
[7.819s] Compiling '/home/iiitd/cf_ws/install/crazyflie_interfaces/local/lib/python3.10/dist-packages/crazyflie_interfaces/srv/_update_params.py'...
[7.819s] Compiling '/home/iiitd/cf_ws/install/crazyflie_interfaces/local/lib/python3.10/dist-packages/crazyflie_interfaces/srv/_upload_trajectory.py'...
[7.821s] -- Installing: /home/iiitd/cf_ws/install/crazyflie_interfaces/lib/libcrazyflie_interfaces__rosidl_generator_py.so
[7.821s] -- Set runtime path of "/home/iiitd/cf_ws/install/crazyflie_interfaces/lib/libcrazyflie_interfaces__rosidl_generator_py.so" to ""
[7.821s] -- Installing: /home/iiitd/cf_ws/install/crazyflie_interfaces/share/crazyflie_interfaces/cmake/export_crazyflie_interfaces__rosidl_generator_cExport.cmake
[7.821s] -- Installing: /home/iiitd/cf_ws/install/crazyflie_interfaces/share/crazyflie_interfaces/cmake/export_crazyflie_interfaces__rosidl_generator_cExport-noconfig.cmake
[7.821s] -- Installing: /home/iiitd/cf_ws/install/crazyflie_interfaces/share/crazyflie_interfaces/cmake/export_crazyflie_interfaces__rosidl_typesupport_fastrtps_cExport.cmake
[7.821s] -- Installing: /home/iiitd/cf_ws/install/crazyflie_interfaces/share/crazyflie_interfaces/cmake/export_crazyflie_interfaces__rosidl_typesupport_fastrtps_cExport-noconfig.cmake
[7.821s] -- Installing: /home/iiitd/cf_ws/install/crazyflie_interfaces/share/crazyflie_interfaces/cmake/export_crazyflie_interfaces__rosidl_generator_cppExport.cmake
[7.821s] -- Installing: /home/iiitd/cf_ws/install/crazyflie_interfaces/share/crazyflie_interfaces/cmake/export_crazyflie_interfaces__rosidl_typesupport_fastrtps_cppExport.cmake
[7.821s] -- Installing: /home/iiitd/cf_ws/install/crazyflie_interfaces/share/crazyflie_interfaces/cmake/export_crazyflie_interfaces__rosidl_typesupport_fastrtps_cppExport-noconfig.cmake
[7.821s] -- Installing: /home/iiitd/cf_ws/install/crazyflie_interfaces/share/crazyflie_interfaces/cmake/crazyflie_interfaces__rosidl_typesupport_introspection_cExport.cmake
[7.821s] -- Installing: /home/iiitd/cf_ws/install/crazyflie_interfaces/share/crazyflie_interfaces/cmake/crazyflie_interfaces__rosidl_typesupport_introspection_cExport-noconfig.cmake
[7.821s] -- Installing: /home/iiitd/cf_ws/install/crazyflie_interfaces/share/crazyflie_interfaces/cmake/crazyflie_interfaces__rosidl_typesupport_cExport.cmake
[7.821s] -- Installing: /home/iiitd/cf_ws/install/crazyflie_interfaces/share/crazyflie_interfaces/cmake/crazyflie_interfaces__rosidl_typesupport_cExport-noconfig.cmake
[7.821s] -- Installing: /home/iiitd/cf_ws/install/crazyflie_interfaces/share/crazyflie_interfaces/cmake/crazyflie_interfaces__rosidl_typesupport_introspection_cppExport.cmake
[7.821s] -- Installing: /home/iiitd/cf_ws/install/crazyflie_interfaces/share/crazyflie_interfaces/cmake/crazyflie_interfaces__rosidl_typesupport_introspection_cppExport-noconfig.cmake
[7.821s] -- Installing: /home/iiitd/cf_ws/install/crazyflie_interfaces/share/crazyflie_interfaces/cmake/crazyflie_interfaces__rosidl_typesupport_cppExport.cmake
[7.821s] -- Installing: /home/iiitd/cf_ws/install/crazyflie_interfaces/share/crazyflie_interfaces/cmake/crazyflie_interfaces__rosidl_typesupport_cppExport-noconfig.cmake
[7.821s] -- Installing: /home/iiitd/cf_ws/install/crazyflie_interfaces/share/crazyflie_interfaces/cmake/export_crazyflie_interfaces__rosidl_generator_pyExport.cmake
[7.821s] -- Installing: /home/iiitd/cf_ws/install/crazyflie_interfaces/share/crazyflie_interfaces/cmake/export_crazyflie_interfaces__rosidl_generator_pyExport-noconfig.cmake
[7.823s] Invoked command in '/home/iiitd/cf_ws/build/crazyflie_interfaces' returned '0': CMAKE_PREFIX_PATH=${CMAKE_PREFIX_PATH}:/home/iiitd/cf_ws/install/my_crazyflie:/home/iiitd/cf_ws/install/crazyflie_server_py:/home/iiitd/cf_ws/install/crazyflie_py:/opt/ros/humble /usr/bin/cmake --install /home/iiitd/cf_ws/build/crazyflie_interfaces
