[0.049s] DEBUG:colcon:Command line arguments: ['/usr/bin/colcon', 'build', '--symlink-install']
[0.049s] DEBUG:colcon:Parsed command line arguments: Namespace(log_base=None, log_level=None, verb_name='build', build_base='build', install_base='install', merge_install=False, symlink_install=True, test_result_base=None, continue_on_error=False, executor='parallel', parallel_workers=28, event_handlers=None, ignore_user_meta=False, metas=['./colcon.meta'], base_paths=['.'], packages_ignore=None, packages_ignore_regex=None, paths=None, packages_up_to=None, packages_up_to_regex=None, packages_above=None, packages_above_and_dependencies=None, packages_above_depth=None, packages_select_by_dep=None, packages_skip_by_dep=None, packages_skip_up_to=None, packages_select_build_failed=False, packages_skip_build_finished=False, packages_select_test_failures=False, packages_skip_test_passed=False, packages_select=None, packages_skip=None, packages_select_regex=None, packages_skip_regex=None, packages_start=None, packages_end=None, allow_overriding=[], cmake_args=None, cmake_target=None, cmake_target_skip_unavailable=False, cmake_clean_cache=False, cmake_clean_first=False, cmake_force_configure=False, ament_cmake_args=None, catkin_cmake_args=None, catkin_skip_building_tests=False, verb_parser=<colcon_defaults.argument_parser.defaults.DefaultArgumentsDecorator object at 0x70570a794310>, verb_extension=<colcon_core.verb.build.BuildVerb object at 0x70570a719990>, main=<bound method BuildVerb.main of <colcon_core.verb.build.BuildVerb object at 0x70570a719990>>)
[0.127s] Level 1:colcon.colcon_core.package_discovery:discover_packages(colcon_meta) check parameters
[0.127s] Level 1:colcon.colcon_core.package_discovery:discover_packages(recursive) check parameters
[0.127s] Level 1:colcon.colcon_core.package_discovery:discover_packages(ignore) check parameters
[0.127s] Level 1:colcon.colcon_core.package_discovery:discover_packages(path) check parameters
[0.127s] Level 1:colcon.colcon_core.package_discovery:discover_packages(colcon_meta) discover
[0.127s] Level 1:colcon.colcon_core.package_discovery:discover_packages(recursive) discover
[0.127s] INFO:colcon.colcon_core.package_discovery:Crawling recursively for packages in '/home/iiitd/cf_ws'
[0.127s] Level 1:colcon.colcon_core.package_identification:_identify(.) by extensions ['ignore', 'ignore_ament_install']
[0.127s] Level 1:colcon.colcon_core.package_identification:_identify(.) by extension 'ignore'
[0.127s] Level 1:colcon.colcon_core.package_identification:_identify(.) by extension 'ignore_ament_install'
[0.127s] Level 1:colcon.colcon_core.package_identification:_identify(.) by extensions ['colcon_pkg']
[0.127s] Level 1:colcon.colcon_core.package_identification:_identify(.) by extension 'colcon_pkg'
[0.127s] Level 1:colcon.colcon_core.package_identification:_identify(.) by extensions ['colcon_meta']
[0.128s] Level 1:colcon.colcon_core.package_identification:_identify(.) by extension 'colcon_meta'
[0.128s] Level 1:colcon.colcon_core.package_identification:_identify(.) by extensions ['ros']
[0.128s] Level 1:colcon.colcon_core.package_identification:_identify(.) by extension 'ros'
[0.133s] Level 1:colcon.colcon_core.package_identification:_identify(.) by extensions ['cmake', 'python']
[0.133s] Level 1:colcon.colcon_core.package_identification:_identify(.) by extension 'cmake'
[0.133s] Level 1:colcon.colcon_core.package_identification:_identify(.) by extension 'python'
[0.133s] Level 1:colcon.colcon_core.package_identification:_identify(.) by extensions ['python_setup_py']
[0.133s] Level 1:colcon.colcon_core.package_identification:_identify(.) by extension 'python_setup_py'
[0.133s] Level 1:colcon.colcon_core.package_identification:_identify(Documentation) by extensions ['ignore', 'ignore_ament_install']
[0.133s] Level 1:colcon.colcon_core.package_identification:_identify(Documentation) by extension 'ignore'
[0.133s] Level 1:colcon.colcon_core.package_identification:_identify(Documentation) by extension 'ignore_ament_install'
[0.133s] Level 1:colcon.colcon_core.package_identification:_identify(Documentation) by extensions ['colcon_pkg']
[0.133s] Level 1:colcon.colcon_core.package_identification:_identify(Documentation) by extension 'colcon_pkg'
[0.133s] Level 1:colcon.colcon_core.package_identification:_identify(Documentation) by extensions ['colcon_meta']
[0.133s] Level 1:colcon.colcon_core.package_identification:_identify(Documentation) by extension 'colcon_meta'
[0.133s] Level 1:colcon.colcon_core.package_identification:_identify(Documentation) by extensions ['ros']
[0.133s] Level 1:colcon.colcon_core.package_identification:_identify(Documentation) by extension 'ros'
[0.133s] Level 1:colcon.colcon_core.package_identification:_identify(Documentation) by extensions ['cmake', 'python']
[0.133s] Level 1:colcon.colcon_core.package_identification:_identify(Documentation) by extension 'cmake'
[0.133s] Level 1:colcon.colcon_core.package_identification:_identify(Documentation) by extension 'python'
[0.133s] Level 1:colcon.colcon_core.package_identification:_identify(Documentation) by extensions ['python_setup_py']
[0.133s] Level 1:colcon.colcon_core.package_identification:_identify(Documentation) by extension 'python_setup_py'
[0.133s] Level 1:colcon.colcon_core.package_identification:_identify(build) by extensions ['ignore', 'ignore_ament_install']
[0.133s] Level 1:colcon.colcon_core.package_identification:_identify(build) by extension 'ignore'
[0.133s] Level 1:colcon.colcon_core.package_identification:_identify(build) ignored
[0.133s] Level 1:colcon.colcon_core.package_identification:_identify(install) by extensions ['ignore', 'ignore_ament_install']
[0.133s] Level 1:colcon.colcon_core.package_identification:_identify(install) by extension 'ignore'
[0.133s] Level 1:colcon.colcon_core.package_identification:_identify(install) ignored
[0.133s] Level 1:colcon.colcon_core.package_identification:_identify(log) by extensions ['ignore', 'ignore_ament_install']
[0.133s] Level 1:colcon.colcon_core.package_identification:_identify(log) by extension 'ignore'
[0.133s] Level 1:colcon.colcon_core.package_identification:_identify(log) ignored
[0.133s] Level 1:colcon.colcon_core.package_identification:_identify(src) by extensions ['ignore', 'ignore_ament_install']
[0.133s] Level 1:colcon.colcon_core.package_identification:_identify(src) by extension 'ignore'
[0.133s] Level 1:colcon.colcon_core.package_identification:_identify(src) by extension 'ignore_ament_install'
[0.133s] Level 1:colcon.colcon_core.package_identification:_identify(src) by extensions ['colcon_pkg']
[0.133s] Level 1:colcon.colcon_core.package_identification:_identify(src) by extension 'colcon_pkg'
[0.133s] Level 1:colcon.colcon_core.package_identification:_identify(src) by extensions ['colcon_meta']
[0.133s] Level 1:colcon.colcon_core.package_identification:_identify(src) by extension 'colcon_meta'
[0.133s] Level 1:colcon.colcon_core.package_identification:_identify(src) by extensions ['ros']
[0.133s] Level 1:colcon.colcon_core.package_identification:_identify(src) by extension 'ros'
[0.133s] Level 1:colcon.colcon_core.package_identification:_identify(src) by extensions ['cmake', 'python']
[0.133s] Level 1:colcon.colcon_core.package_identification:_identify(src) by extension 'cmake'
[0.133s] Level 1:colcon.colcon_core.package_identification:_identify(src) by extension 'python'
[0.134s] Level 1:colcon.colcon_core.package_identification:_identify(src) by extensions ['python_setup_py']
[0.134s] Level 1:colcon.colcon_core.package_identification:_identify(src) by extension 'python_setup_py'
[0.134s] Level 1:colcon.colcon_core.package_identification:_identify(src/crazyswarm2) by extensions ['ignore', 'ignore_ament_install']
[0.134s] Level 1:colcon.colcon_core.package_identification:_identify(src/crazyswarm2) by extension 'ignore'
[0.134s] Level 1:colcon.colcon_core.package_identification:_identify(src/crazyswarm2) by extension 'ignore_ament_install'
[0.134s] Level 1:colcon.colcon_core.package_identification:_identify(src/crazyswarm2) by extensions ['colcon_pkg']
[0.134s] Level 1:colcon.colcon_core.package_identification:_identify(src/crazyswarm2) by extension 'colcon_pkg'
[0.134s] Level 1:colcon.colcon_core.package_identification:_identify(src/crazyswarm2) by extensions ['colcon_meta']
[0.134s] Level 1:colcon.colcon_core.package_identification:_identify(src/crazyswarm2) by extension 'colcon_meta'
[0.134s] Level 1:colcon.colcon_core.package_identification:_identify(src/crazyswarm2) by extensions ['ros']
[0.134s] Level 1:colcon.colcon_core.package_identification:_identify(src/crazyswarm2) by extension 'ros'
[0.134s] Level 1:colcon.colcon_core.package_identification:_identify(src/crazyswarm2) by extensions ['cmake', 'python']
[0.134s] Level 1:colcon.colcon_core.package_identification:_identify(src/crazyswarm2) by extension 'cmake'
[0.134s] Level 1:colcon.colcon_core.package_identification:_identify(src/crazyswarm2) by extension 'python'
[0.134s] Level 1:colcon.colcon_core.package_identification:_identify(src/crazyswarm2) by extensions ['python_setup_py']
[0.134s] Level 1:colcon.colcon_core.package_identification:_identify(src/crazyswarm2) by extension 'python_setup_py'
[0.134s] Level 1:colcon.colcon_core.package_identification:_identify(src/crazyswarm2/crazyflie) by extensions ['ignore', 'ignore_ament_install']
[0.134s] Level 1:colcon.colcon_core.package_identification:_identify(src/crazyswarm2/crazyflie) by extension 'ignore'
[0.134s] Level 1:colcon.colcon_core.package_identification:_identify(src/crazyswarm2/crazyflie) by extension 'ignore_ament_install'
[0.134s] Level 1:colcon.colcon_core.package_identification:_identify(src/crazyswarm2/crazyflie) by extensions ['colcon_pkg']
[0.134s] Level 1:colcon.colcon_core.package_identification:_identify(src/crazyswarm2/crazyflie) by extension 'colcon_pkg'
[0.134s] Level 1:colcon.colcon_core.package_identification:_identify(src/crazyswarm2/crazyflie) by extensions ['colcon_meta']
[0.134s] Level 1:colcon.colcon_core.package_identification:_identify(src/crazyswarm2/crazyflie) by extension 'colcon_meta'
[0.134s] Level 1:colcon.colcon_core.package_identification:_identify(src/crazyswarm2/crazyflie) by extensions ['ros']
[0.134s] Level 1:colcon.colcon_core.package_identification:_identify(src/crazyswarm2/crazyflie) by extension 'ros'
[0.136s] DEBUG:colcon.colcon_core.package_identification:Package 'src/crazyswarm2/crazyflie' with type 'ros.ament_cmake' and name 'crazyflie'
[0.136s] Level 1:colcon.colcon_core.package_identification:_identify(src/crazyswarm2/crazyflie_description) by extensions ['ignore', 'ignore_ament_install']
[0.136s] Level 1:colcon.colcon_core.package_identification:_identify(src/crazyswarm2/crazyflie_description) by extension 'ignore'
[0.136s] Level 1:colcon.colcon_core.package_identification:_identify(src/crazyswarm2/crazyflie_description) by extension 'ignore_ament_install'
[0.136s] Level 1:colcon.colcon_core.package_identification:_identify(src/crazyswarm2/crazyflie_description) by extensions ['colcon_pkg']
[0.136s] Level 1:colcon.colcon_core.package_identification:_identify(src/crazyswarm2/crazyflie_description) by extension 'colcon_pkg'
[0.136s] Level 1:colcon.colcon_core.package_identification:_identify(src/crazyswarm2/crazyflie_description) by extensions ['colcon_meta']
[0.136s] Level 1:colcon.colcon_core.package_identification:_identify(src/crazyswarm2/crazyflie_description) by extension 'colcon_meta'
[0.136s] Level 1:colcon.colcon_core.package_identification:_identify(src/crazyswarm2/crazyflie_description) by extensions ['ros']
[0.136s] Level 1:colcon.colcon_core.package_identification:_identify(src/crazyswarm2/crazyflie_description) by extension 'ros'
[0.136s] DEBUG:colcon.colcon_core.package_identification:Package 'src/crazyswarm2/crazyflie_description' with type 'ros.ament_cmake' and name 'crazyflie_description'
[0.136s] Level 1:colcon.colcon_core.package_identification:_identify(src/crazyswarm2/crazyflie_examples) by extensions ['ignore', 'ignore_ament_install']
[0.136s] Level 1:colcon.colcon_core.package_identification:_identify(src/crazyswarm2/crazyflie_examples) by extension 'ignore'
[0.136s] Level 1:colcon.colcon_core.package_identification:_identify(src/crazyswarm2/crazyflie_examples) by extension 'ignore_ament_install'
[0.136s] Level 1:colcon.colcon_core.package_identification:_identify(src/crazyswarm2/crazyflie_examples) by extensions ['colcon_pkg']
[0.136s] Level 1:colcon.colcon_core.package_identification:_identify(src/crazyswarm2/crazyflie_examples) by extension 'colcon_pkg'
[0.136s] Level 1:colcon.colcon_core.package_identification:_identify(src/crazyswarm2/crazyflie_examples) by extensions ['colcon_meta']
[0.136s] Level 1:colcon.colcon_core.package_identification:_identify(src/crazyswarm2/crazyflie_examples) by extension 'colcon_meta'
[0.136s] Level 1:colcon.colcon_core.package_identification:_identify(src/crazyswarm2/crazyflie_examples) by extensions ['ros']
[0.136s] Level 1:colcon.colcon_core.package_identification:_identify(src/crazyswarm2/crazyflie_examples) by extension 'ros'
[0.141s] DEBUG:colcon.colcon_core.package_identification:Package 'src/crazyswarm2/crazyflie_examples' with type 'ros.ament_cmake' and name 'crazyflie_examples'
[0.141s] Level 1:colcon.colcon_core.package_identification:_identify(src/crazyswarm2/crazyflie_interfaces) by extensions ['ignore', 'ignore_ament_install']
[0.142s] Level 1:colcon.colcon_core.package_identification:_identify(src/crazyswarm2/crazyflie_interfaces) by extension 'ignore'
[0.142s] Level 1:colcon.colcon_core.package_identification:_identify(src/crazyswarm2/crazyflie_interfaces) by extension 'ignore_ament_install'
[0.142s] Level 1:colcon.colcon_core.package_identification:_identify(src/crazyswarm2/crazyflie_interfaces) by extensions ['colcon_pkg']
[0.142s] Level 1:colcon.colcon_core.package_identification:_identify(src/crazyswarm2/crazyflie_interfaces) by extension 'colcon_pkg'
[0.142s] Level 1:colcon.colcon_core.package_identification:_identify(src/crazyswarm2/crazyflie_interfaces) by extensions ['colcon_meta']
[0.142s] Level 1:colcon.colcon_core.package_identification:_identify(src/crazyswarm2/crazyflie_interfaces) by extension 'colcon_meta'
[0.142s] Level 1:colcon.colcon_core.package_identification:_identify(src/crazyswarm2/crazyflie_interfaces) by extensions ['ros']
[0.142s] Level 1:colcon.colcon_core.package_identification:_identify(src/crazyswarm2/crazyflie_interfaces) by extension 'ros'
[0.142s] DEBUG:colcon.colcon_core.package_identification:Package 'src/crazyswarm2/crazyflie_interfaces' with type 'ros.ament_cmake' and name 'crazyflie_interfaces'
[0.142s] Level 1:colcon.colcon_core.package_identification:_identify(src/crazyswarm2/crazyflie_py) by extensions ['ignore', 'ignore_ament_install']
[0.142s] Level 1:colcon.colcon_core.package_identification:_identify(src/crazyswarm2/crazyflie_py) by extension 'ignore'
[0.142s] Level 1:colcon.colcon_core.package_identification:_identify(src/crazyswarm2/crazyflie_py) by extension 'ignore_ament_install'
[0.142s] Level 1:colcon.colcon_core.package_identification:_identify(src/crazyswarm2/crazyflie_py) by extensions ['colcon_pkg']
[0.142s] Level 1:colcon.colcon_core.package_identification:_identify(src/crazyswarm2/crazyflie_py) by extension 'colcon_pkg'
[0.142s] Level 1:colcon.colcon_core.package_identification:_identify(src/crazyswarm2/crazyflie_py) by extensions ['colcon_meta']
[0.142s] Level 1:colcon.colcon_core.package_identification:_identify(src/crazyswarm2/crazyflie_py) by extension 'colcon_meta'
[0.142s] Level 1:colcon.colcon_core.package_identification:_identify(src/crazyswarm2/crazyflie_py) by extensions ['ros']
[0.142s] Level 1:colcon.colcon_core.package_identification:_identify(src/crazyswarm2/crazyflie_py) by extension 'ros'
[0.143s] DEBUG:colcon.colcon_core.package_identification:Package 'src/crazyswarm2/crazyflie_py' with type 'ros.ament_python' and name 'crazyflie_py'
[0.143s] Level 1:colcon.colcon_core.package_identification:_identify(src/crazyswarm2/crazyflie_server_py) by extensions ['ignore', 'ignore_ament_install']
[0.143s] Level 1:colcon.colcon_core.package_identification:_identify(src/crazyswarm2/crazyflie_server_py) by extension 'ignore'
[0.143s] Level 1:colcon.colcon_core.package_identification:_identify(src/crazyswarm2/crazyflie_server_py) by extension 'ignore_ament_install'
[0.143s] Level 1:colcon.colcon_core.package_identification:_identify(src/crazyswarm2/crazyflie_server_py) by extensions ['colcon_pkg']
[0.143s] Level 1:colcon.colcon_core.package_identification:_identify(src/crazyswarm2/crazyflie_server_py) by extension 'colcon_pkg'
[0.143s] Level 1:colcon.colcon_core.package_identification:_identify(src/crazyswarm2/crazyflie_server_py) by extensions ['colcon_meta']
[0.143s] Level 1:colcon.colcon_core.package_identification:_identify(src/crazyswarm2/crazyflie_server_py) by extension 'colcon_meta'
[0.143s] Level 1:colcon.colcon_core.package_identification:_identify(src/crazyswarm2/crazyflie_server_py) by extensions ['ros']
[0.143s] Level 1:colcon.colcon_core.package_identification:_identify(src/crazyswarm2/crazyflie_server_py) by extension 'ros'
[0.143s] DEBUG:colcon.colcon_core.package_identification:Package 'src/crazyswarm2/crazyflie_server_py' with type 'ros.ament_python' and name 'crazyflie_server_py'
[0.143s] Level 1:colcon.colcon_core.package_identification:_identify(src/crazyswarm2/crazyflie_sim) by extensions ['ignore', 'ignore_ament_install']
[0.143s] Level 1:colcon.colcon_core.package_identification:_identify(src/crazyswarm2/crazyflie_sim) by extension 'ignore'
[0.143s] Level 1:colcon.colcon_core.package_identification:_identify(src/crazyswarm2/crazyflie_sim) by extension 'ignore_ament_install'
[0.143s] Level 1:colcon.colcon_core.package_identification:_identify(src/crazyswarm2/crazyflie_sim) by extensions ['colcon_pkg']
[0.143s] Level 1:colcon.colcon_core.package_identification:_identify(src/crazyswarm2/crazyflie_sim) by extension 'colcon_pkg'
[0.144s] Level 1:colcon.colcon_core.package_identification:_identify(src/crazyswarm2/crazyflie_sim) by extensions ['colcon_meta']
[0.144s] Level 1:colcon.colcon_core.package_identification:_identify(src/crazyswarm2/crazyflie_sim) by extension 'colcon_meta'
[0.144s] Level 1:colcon.colcon_core.package_identification:_identify(src/crazyswarm2/crazyflie_sim) by extensions ['ros']
[0.144s] Level 1:colcon.colcon_core.package_identification:_identify(src/crazyswarm2/crazyflie_sim) by extension 'ros'
[0.144s] DEBUG:colcon.colcon_core.package_identification:Package 'src/crazyswarm2/crazyflie_sim' with type 'ros.ament_cmake' and name 'crazyflie_sim'
[0.144s] Level 1:colcon.colcon_core.package_identification:_identify(src/crazyswarm2/docs) by extensions ['ignore', 'ignore_ament_install']
[0.144s] Level 1:colcon.colcon_core.package_identification:_identify(src/crazyswarm2/docs) by extension 'ignore'
[0.144s] Level 1:colcon.colcon_core.package_identification:_identify(src/crazyswarm2/docs) by extension 'ignore_ament_install'
[0.144s] Level 1:colcon.colcon_core.package_identification:_identify(src/crazyswarm2/docs) by extensions ['colcon_pkg']
[0.144s] Level 1:colcon.colcon_core.package_identification:_identify(src/crazyswarm2/docs) by extension 'colcon_pkg'
[0.144s] Level 1:colcon.colcon_core.package_identification:_identify(src/crazyswarm2/docs) by extensions ['colcon_meta']
[0.144s] Level 1:colcon.colcon_core.package_identification:_identify(src/crazyswarm2/docs) by extension 'colcon_meta'
[0.144s] Level 1:colcon.colcon_core.package_identification:_identify(src/crazyswarm2/docs) by extensions ['ros']
[0.144s] Level 1:colcon.colcon_core.package_identification:_identify(src/crazyswarm2/docs) by extension 'ros'
[0.144s] Level 1:colcon.colcon_core.package_identification:_identify(src/crazyswarm2/docs) by extensions ['cmake', 'python']
[0.144s] Level 1:colcon.colcon_core.package_identification:_identify(src/crazyswarm2/docs) by extension 'cmake'
[0.144s] Level 1:colcon.colcon_core.package_identification:_identify(src/crazyswarm2/docs) by extension 'python'
[0.144s] Level 1:colcon.colcon_core.package_identification:_identify(src/crazyswarm2/docs) by extensions ['python_setup_py']
[0.144s] Level 1:colcon.colcon_core.package_identification:_identify(src/crazyswarm2/docs) by extension 'python_setup_py'
[0.144s] Level 1:colcon.colcon_core.package_identification:_identify(src/crazyswarm2/docs/generated) by extensions ['ignore', 'ignore_ament_install']
[0.144s] Level 1:colcon.colcon_core.package_identification:_identify(src/crazyswarm2/docs/generated) by extension 'ignore'
[0.144s] Level 1:colcon.colcon_core.package_identification:_identify(src/crazyswarm2/docs/generated) by extension 'ignore_ament_install'
[0.144s] Level 1:colcon.colcon_core.package_identification:_identify(src/crazyswarm2/docs/generated) by extensions ['colcon_pkg']
[0.144s] Level 1:colcon.colcon_core.package_identification:_identify(src/crazyswarm2/docs/generated) by extension 'colcon_pkg'
[0.144s] Level 1:colcon.colcon_core.package_identification:_identify(src/crazyswarm2/docs/generated) by extensions ['colcon_meta']
[0.144s] Level 1:colcon.colcon_core.package_identification:_identify(src/crazyswarm2/docs/generated) by extension 'colcon_meta'
[0.144s] Level 1:colcon.colcon_core.package_identification:_identify(src/crazyswarm2/docs/generated) by extensions ['ros']
[0.144s] Level 1:colcon.colcon_core.package_identification:_identify(src/crazyswarm2/docs/generated) by extension 'ros'
[0.144s] Level 1:colcon.colcon_core.package_identification:_identify(src/crazyswarm2/docs/generated) by extensions ['cmake', 'python']
[0.144s] Level 1:colcon.colcon_core.package_identification:_identify(src/crazyswarm2/docs/generated) by extension 'cmake'
[0.144s] Level 1:colcon.colcon_core.package_identification:_identify(src/crazyswarm2/docs/generated) by extension 'python'
[0.144s] Level 1:colcon.colcon_core.package_identification:_identify(src/crazyswarm2/docs/generated) by extensions ['python_setup_py']
[0.144s] Level 1:colcon.colcon_core.package_identification:_identify(src/crazyswarm2/docs/generated) by extension 'python_setup_py'
[0.144s] Level 1:colcon.colcon_core.package_identification:_identify(src/crazyswarm2/docs/howto) by extensions ['ignore', 'ignore_ament_install']
[0.144s] Level 1:colcon.colcon_core.package_identification:_identify(src/crazyswarm2/docs/howto) by extension 'ignore'
[0.144s] Level 1:colcon.colcon_core.package_identification:_identify(src/crazyswarm2/docs/howto) by extension 'ignore_ament_install'
[0.145s] Level 1:colcon.colcon_core.package_identification:_identify(src/crazyswarm2/docs/howto) by extensions ['colcon_pkg']
[0.145s] Level 1:colcon.colcon_core.package_identification:_identify(src/crazyswarm2/docs/howto) by extension 'colcon_pkg'
[0.145s] Level 1:colcon.colcon_core.package_identification:_identify(src/crazyswarm2/docs/howto) by extensions ['colcon_meta']
[0.145s] Level 1:colcon.colcon_core.package_identification:_identify(src/crazyswarm2/docs/howto) by extension 'colcon_meta'
[0.145s] Level 1:colcon.colcon_core.package_identification:_identify(src/crazyswarm2/docs/howto) by extensions ['ros']
[0.145s] Level 1:colcon.colcon_core.package_identification:_identify(src/crazyswarm2/docs/howto) by extension 'ros'
[0.145s] Level 1:colcon.colcon_core.package_identification:_identify(src/crazyswarm2/docs/howto) by extensions ['cmake', 'python']
[0.145s] Level 1:colcon.colcon_core.package_identification:_identify(src/crazyswarm2/docs/howto) by extension 'cmake'
[0.145s] Level 1:colcon.colcon_core.package_identification:_identify(src/crazyswarm2/docs/howto) by extension 'python'
[0.145s] Level 1:colcon.colcon_core.package_identification:_identify(src/crazyswarm2/docs/howto) by extensions ['python_setup_py']
[0.145s] Level 1:colcon.colcon_core.package_identification:_identify(src/crazyswarm2/docs/howto) by extension 'python_setup_py'
[0.145s] Level 1:colcon.colcon_core.package_identification:_identify(src/crazyswarm2/docs/images) by extensions ['ignore', 'ignore_ament_install']
[0.145s] Level 1:colcon.colcon_core.package_identification:_identify(src/crazyswarm2/docs/images) by extension 'ignore'
[0.145s] Level 1:colcon.colcon_core.package_identification:_identify(src/crazyswarm2/docs/images) by extension 'ignore_ament_install'
[0.145s] Level 1:colcon.colcon_core.package_identification:_identify(src/crazyswarm2/docs/images) by extensions ['colcon_pkg']
[0.145s] Level 1:colcon.colcon_core.package_identification:_identify(src/crazyswarm2/docs/images) by extension 'colcon_pkg'
[0.145s] Level 1:colcon.colcon_core.package_identification:_identify(src/crazyswarm2/docs/images) by extensions ['colcon_meta']
[0.145s] Level 1:colcon.colcon_core.package_identification:_identify(src/crazyswarm2/docs/images) by extension 'colcon_meta'
[0.145s] Level 1:colcon.colcon_core.package_identification:_identify(src/crazyswarm2/docs/images) by extensions ['ros']
[0.145s] Level 1:colcon.colcon_core.package_identification:_identify(src/crazyswarm2/docs/images) by extension 'ros'
[0.145s] Level 1:colcon.colcon_core.package_identification:_identify(src/crazyswarm2/docs/images) by extensions ['cmake', 'python']
[0.145s] Level 1:colcon.colcon_core.package_identification:_identify(src/crazyswarm2/docs/images) by extension 'cmake'
[0.145s] Level 1:colcon.colcon_core.package_identification:_identify(src/crazyswarm2/docs/images) by extension 'python'
[0.145s] Level 1:colcon.colcon_core.package_identification:_identify(src/crazyswarm2/docs/images) by extensions ['python_setup_py']
[0.145s] Level 1:colcon.colcon_core.package_identification:_identify(src/crazyswarm2/docs/images) by extension 'python_setup_py'
[0.145s] Level 1:colcon.colcon_core.package_identification:_identify(src/crazyswarm2/docs/tutorials) by extensions ['ignore', 'ignore_ament_install']
[0.145s] Level 1:colcon.colcon_core.package_identification:_identify(src/crazyswarm2/docs/tutorials) by extension 'ignore'
[0.145s] Level 1:colcon.colcon_core.package_identification:_identify(src/crazyswarm2/docs/tutorials) by extension 'ignore_ament_install'
[0.145s] Level 1:colcon.colcon_core.package_identification:_identify(src/crazyswarm2/docs/tutorials) by extensions ['colcon_pkg']
[0.145s] Level 1:colcon.colcon_core.package_identification:_identify(src/crazyswarm2/docs/tutorials) by extension 'colcon_pkg'
[0.145s] Level 1:colcon.colcon_core.package_identification:_identify(src/crazyswarm2/docs/tutorials) by extensions ['colcon_meta']
[0.145s] Level 1:colcon.colcon_core.package_identification:_identify(src/crazyswarm2/docs/tutorials) by extension 'colcon_meta'
[0.145s] Level 1:colcon.colcon_core.package_identification:_identify(src/crazyswarm2/docs/tutorials) by extensions ['ros']
[0.145s] Level 1:colcon.colcon_core.package_identification:_identify(src/crazyswarm2/docs/tutorials) by extension 'ros'
[0.145s] Level 1:colcon.colcon_core.package_identification:_identify(src/crazyswarm2/docs/tutorials) by extensions ['cmake', 'python']
[0.145s] Level 1:colcon.colcon_core.package_identification:_identify(src/crazyswarm2/docs/tutorials) by extension 'cmake'
[0.145s] Level 1:colcon.colcon_core.package_identification:_identify(src/crazyswarm2/docs/tutorials) by extension 'python'
[0.145s] Level 1:colcon.colcon_core.package_identification:_identify(src/crazyswarm2/docs/tutorials) by extensions ['python_setup_py']
[0.145s] Level 1:colcon.colcon_core.package_identification:_identify(src/crazyswarm2/docs/tutorials) by extension 'python_setup_py'
[0.145s] Level 1:colcon.colcon_core.package_identification:_identify(src/crazyswarm2/docs2) by extensions ['ignore', 'ignore_ament_install']
[0.145s] Level 1:colcon.colcon_core.package_identification:_identify(src/crazyswarm2/docs2) by extension 'ignore'
[0.145s] Level 1:colcon.colcon_core.package_identification:_identify(src/crazyswarm2/docs2) by extension 'ignore_ament_install'
[0.145s] Level 1:colcon.colcon_core.package_identification:_identify(src/crazyswarm2/docs2) by extensions ['colcon_pkg']
[0.145s] Level 1:colcon.colcon_core.package_identification:_identify(src/crazyswarm2/docs2) by extension 'colcon_pkg'
[0.145s] Level 1:colcon.colcon_core.package_identification:_identify(src/crazyswarm2/docs2) by extensions ['colcon_meta']
[0.145s] Level 1:colcon.colcon_core.package_identification:_identify(src/crazyswarm2/docs2) by extension 'colcon_meta'
[0.145s] Level 1:colcon.colcon_core.package_identification:_identify(src/crazyswarm2/docs2) by extensions ['ros']
[0.145s] Level 1:colcon.colcon_core.package_identification:_identify(src/crazyswarm2/docs2) by extension 'ros'
[0.145s] Level 1:colcon.colcon_core.package_identification:_identify(src/crazyswarm2/docs2) by extensions ['cmake', 'python']
[0.145s] Level 1:colcon.colcon_core.package_identification:_identify(src/crazyswarm2/docs2) by extension 'cmake'
[0.145s] Level 1:colcon.colcon_core.package_identification:_identify(src/crazyswarm2/docs2) by extension 'python'
[0.145s] Level 1:colcon.colcon_core.package_identification:_identify(src/crazyswarm2/docs2) by extensions ['python_setup_py']
[0.145s] Level 1:colcon.colcon_core.package_identification:_identify(src/crazyswarm2/docs2) by extension 'python_setup_py'
[0.145s] Level 1:colcon.colcon_core.package_identification:_identify(src/crazyswarm2/docs2/images) by extensions ['ignore', 'ignore_ament_install']
[0.145s] Level 1:colcon.colcon_core.package_identification:_identify(src/crazyswarm2/docs2/images) by extension 'ignore'
[0.145s] Level 1:colcon.colcon_core.package_identification:_identify(src/crazyswarm2/docs2/images) by extension 'ignore_ament_install'
[0.146s] Level 1:colcon.colcon_core.package_identification:_identify(src/crazyswarm2/docs2/images) by extensions ['colcon_pkg']
[0.146s] Level 1:colcon.colcon_core.package_identification:_identify(src/crazyswarm2/docs2/images) by extension 'colcon_pkg'
[0.146s] Level 1:colcon.colcon_core.package_identification:_identify(src/crazyswarm2/docs2/images) by extensions ['colcon_meta']
[0.146s] Level 1:colcon.colcon_core.package_identification:_identify(src/crazyswarm2/docs2/images) by extension 'colcon_meta'
[0.146s] Level 1:colcon.colcon_core.package_identification:_identify(src/crazyswarm2/docs2/images) by extensions ['ros']
[0.146s] Level 1:colcon.colcon_core.package_identification:_identify(src/crazyswarm2/docs2/images) by extension 'ros'
[0.146s] Level 1:colcon.colcon_core.package_identification:_identify(src/crazyswarm2/docs2/images) by extensions ['cmake', 'python']
[0.146s] Level 1:colcon.colcon_core.package_identification:_identify(src/crazyswarm2/docs2/images) by extension 'cmake'
[0.146s] Level 1:colcon.colcon_core.package_identification:_identify(src/crazyswarm2/docs2/images) by extension 'python'
[0.146s] Level 1:colcon.colcon_core.package_identification:_identify(src/crazyswarm2/docs2/images) by extensions ['python_setup_py']
[0.146s] Level 1:colcon.colcon_core.package_identification:_identify(src/crazyswarm2/docs2/images) by extension 'python_setup_py'
[0.146s] Level 1:colcon.colcon_core.package_identification:_identify(src/crazyswarm2/prebuilt) by extensions ['ignore', 'ignore_ament_install']
[0.146s] Level 1:colcon.colcon_core.package_identification:_identify(src/crazyswarm2/prebuilt) by extension 'ignore'
[0.146s] Level 1:colcon.colcon_core.package_identification:_identify(src/crazyswarm2/prebuilt) by extension 'ignore_ament_install'
[0.146s] Level 1:colcon.colcon_core.package_identification:_identify(src/crazyswarm2/prebuilt) by extensions ['colcon_pkg']
[0.146s] Level 1:colcon.colcon_core.package_identification:_identify(src/crazyswarm2/prebuilt) by extension 'colcon_pkg'
[0.146s] Level 1:colcon.colcon_core.package_identification:_identify(src/crazyswarm2/prebuilt) by extensions ['colcon_meta']
[0.146s] Level 1:colcon.colcon_core.package_identification:_identify(src/crazyswarm2/prebuilt) by extension 'colcon_meta'
[0.146s] Level 1:colcon.colcon_core.package_identification:_identify(src/crazyswarm2/prebuilt) by extensions ['ros']
[0.146s] Level 1:colcon.colcon_core.package_identification:_identify(src/crazyswarm2/prebuilt) by extension 'ros'
[0.146s] Level 1:colcon.colcon_core.package_identification:_identify(src/crazyswarm2/prebuilt) by extensions ['cmake', 'python']
[0.146s] Level 1:colcon.colcon_core.package_identification:_identify(src/crazyswarm2/prebuilt) by extension 'cmake'
[0.146s] Level 1:colcon.colcon_core.package_identification:_identify(src/crazyswarm2/prebuilt) by extension 'python'
[0.146s] Level 1:colcon.colcon_core.package_identification:_identify(src/crazyswarm2/prebuilt) by extensions ['python_setup_py']
[0.146s] Level 1:colcon.colcon_core.package_identification:_identify(src/crazyswarm2/prebuilt) by extension 'python_setup_py'
[0.146s] Level 1:colcon.colcon_core.package_identification:_identify(src/crazyswarm2/ros_ws) by extensions ['ignore', 'ignore_ament_install']
[0.146s] Level 1:colcon.colcon_core.package_identification:_identify(src/crazyswarm2/ros_ws) by extension 'ignore'
[0.146s] Level 1:colcon.colcon_core.package_identification:_identify(src/crazyswarm2/ros_ws) by extension 'ignore_ament_install'
[0.146s] Level 1:colcon.colcon_core.package_identification:_identify(src/crazyswarm2/ros_ws) by extensions ['colcon_pkg']
[0.146s] Level 1:colcon.colcon_core.package_identification:_identify(src/crazyswarm2/ros_ws) by extension 'colcon_pkg'
[0.146s] Level 1:colcon.colcon_core.package_identification:_identify(src/crazyswarm2/ros_ws) by extensions ['colcon_meta']
[0.146s] Level 1:colcon.colcon_core.package_identification:_identify(src/crazyswarm2/ros_ws) by extension 'colcon_meta'
[0.146s] Level 1:colcon.colcon_core.package_identification:_identify(src/crazyswarm2/ros_ws) by extensions ['ros']
[0.146s] Level 1:colcon.colcon_core.package_identification:_identify(src/crazyswarm2/ros_ws) by extension 'ros'
[0.146s] Level 1:colcon.colcon_core.package_identification:_identify(src/crazyswarm2/ros_ws) by extensions ['cmake', 'python']
[0.146s] Level 1:colcon.colcon_core.package_identification:_identify(src/crazyswarm2/ros_ws) by extension 'cmake'
[0.146s] Level 1:colcon.colcon_core.package_identification:_identify(src/crazyswarm2/ros_ws) by extension 'python'
[0.146s] Level 1:colcon.colcon_core.package_identification:_identify(src/crazyswarm2/ros_ws) by extensions ['python_setup_py']
[0.146s] Level 1:colcon.colcon_core.package_identification:_identify(src/crazyswarm2/ros_ws) by extension 'python_setup_py'
[0.146s] Level 1:colcon.colcon_core.package_identification:_identify(src/crazyswarm2/ros_ws/src) by extensions ['ignore', 'ignore_ament_install']
[0.146s] Level 1:colcon.colcon_core.package_identification:_identify(src/crazyswarm2/ros_ws/src) by extension 'ignore'
[0.146s] Level 1:colcon.colcon_core.package_identification:_identify(src/crazyswarm2/ros_ws/src) by extension 'ignore_ament_install'
[0.146s] Level 1:colcon.colcon_core.package_identification:_identify(src/crazyswarm2/ros_ws/src) by extensions ['colcon_pkg']
[0.146s] Level 1:colcon.colcon_core.package_identification:_identify(src/crazyswarm2/ros_ws/src) by extension 'colcon_pkg'
[0.146s] Level 1:colcon.colcon_core.package_identification:_identify(src/crazyswarm2/ros_ws/src) by extensions ['colcon_meta']
[0.146s] Level 1:colcon.colcon_core.package_identification:_identify(src/crazyswarm2/ros_ws/src) by extension 'colcon_meta'
[0.146s] Level 1:colcon.colcon_core.package_identification:_identify(src/crazyswarm2/ros_ws/src) by extensions ['ros']
[0.146s] Level 1:colcon.colcon_core.package_identification:_identify(src/crazyswarm2/ros_ws/src) by extension 'ros'
[0.146s] Level 1:colcon.colcon_core.package_identification:_identify(src/crazyswarm2/ros_ws/src) by extensions ['cmake', 'python']
[0.146s] Level 1:colcon.colcon_core.package_identification:_identify(src/crazyswarm2/ros_ws/src) by extension 'cmake'
[0.146s] Level 1:colcon.colcon_core.package_identification:_identify(src/crazyswarm2/ros_ws/src) by extension 'python'
[0.146s] Level 1:colcon.colcon_core.package_identification:_identify(src/crazyswarm2/ros_ws/src) by extensions ['python_setup_py']
[0.146s] Level 1:colcon.colcon_core.package_identification:_identify(src/crazyswarm2/ros_ws/src) by extension 'python_setup_py'
[0.146s] Level 1:colcon.colcon_core.package_identification:_identify(src/crazyswarm2/ros_ws/src/crazyswarm) by extensions ['ignore', 'ignore_ament_install']
[0.146s] Level 1:colcon.colcon_core.package_identification:_identify(src/crazyswarm2/ros_ws/src/crazyswarm) by extension 'ignore'
[0.146s] Level 1:colcon.colcon_core.package_identification:_identify(src/crazyswarm2/ros_ws/src/crazyswarm) by extension 'ignore_ament_install'
[0.147s] Level 1:colcon.colcon_core.package_identification:_identify(src/crazyswarm2/ros_ws/src/crazyswarm) by extensions ['colcon_pkg']
[0.147s] Level 1:colcon.colcon_core.package_identification:_identify(src/crazyswarm2/ros_ws/src/crazyswarm) by extension 'colcon_pkg'
[0.147s] Level 1:colcon.colcon_core.package_identification:_identify(src/crazyswarm2/ros_ws/src/crazyswarm) by extensions ['colcon_meta']
[0.147s] Level 1:colcon.colcon_core.package_identification:_identify(src/crazyswarm2/ros_ws/src/crazyswarm) by extension 'colcon_meta'
[0.147s] Level 1:colcon.colcon_core.package_identification:_identify(src/crazyswarm2/ros_ws/src/crazyswarm) by extensions ['ros']
[0.147s] Level 1:colcon.colcon_core.package_identification:_identify(src/crazyswarm2/ros_ws/src/crazyswarm) by extension 'ros'
[0.147s] Level 1:colcon.colcon_core.package_identification:_identify(src/crazyswarm2/ros_ws/src/crazyswarm) by extensions ['cmake', 'python']
[0.147s] Level 1:colcon.colcon_core.package_identification:_identify(src/crazyswarm2/ros_ws/src/crazyswarm) by extension 'cmake'
[0.147s] Level 1:colcon.colcon_core.package_identification:_identify(src/crazyswarm2/ros_ws/src/crazyswarm) by extension 'python'
[0.147s] Level 1:colcon.colcon_core.package_identification:_identify(src/crazyswarm2/ros_ws/src/crazyswarm) by extensions ['python_setup_py']
[0.147s] Level 1:colcon.colcon_core.package_identification:_identify(src/crazyswarm2/ros_ws/src/crazyswarm) by extension 'python_setup_py'
[0.147s] Level 1:colcon.colcon_core.package_identification:_identify(src/crazyswarm2/ros_ws/src/crazyswarm/launch) by extensions ['ignore', 'ignore_ament_install']
[0.147s] Level 1:colcon.colcon_core.package_identification:_identify(src/crazyswarm2/ros_ws/src/crazyswarm/launch) by extension 'ignore'
[0.147s] Level 1:colcon.colcon_core.package_identification:_identify(src/crazyswarm2/ros_ws/src/crazyswarm/launch) by extension 'ignore_ament_install'
[0.147s] Level 1:colcon.colcon_core.package_identification:_identify(src/crazyswarm2/ros_ws/src/crazyswarm/launch) by extensions ['colcon_pkg']
[0.147s] Level 1:colcon.colcon_core.package_identification:_identify(src/crazyswarm2/ros_ws/src/crazyswarm/launch) by extension 'colcon_pkg'
[0.147s] Level 1:colcon.colcon_core.package_identification:_identify(src/crazyswarm2/ros_ws/src/crazyswarm/launch) by extensions ['colcon_meta']
[0.147s] Level 1:colcon.colcon_core.package_identification:_identify(src/crazyswarm2/ros_ws/src/crazyswarm/launch) by extension 'colcon_meta'
[0.147s] Level 1:colcon.colcon_core.package_identification:_identify(src/crazyswarm2/ros_ws/src/crazyswarm/launch) by extensions ['ros']
[0.147s] Level 1:colcon.colcon_core.package_identification:_identify(src/crazyswarm2/ros_ws/src/crazyswarm/launch) by extension 'ros'
[0.147s] Level 1:colcon.colcon_core.package_identification:_identify(src/crazyswarm2/ros_ws/src/crazyswarm/launch) by extensions ['cmake', 'python']
[0.147s] Level 1:colcon.colcon_core.package_identification:_identify(src/crazyswarm2/ros_ws/src/crazyswarm/launch) by extension 'cmake'
[0.147s] Level 1:colcon.colcon_core.package_identification:_identify(src/crazyswarm2/ros_ws/src/crazyswarm/launch) by extension 'python'
[0.147s] Level 1:colcon.colcon_core.package_identification:_identify(src/crazyswarm2/ros_ws/src/crazyswarm/launch) by extensions ['python_setup_py']
[0.147s] Level 1:colcon.colcon_core.package_identification:_identify(src/crazyswarm2/ros_ws/src/crazyswarm/launch) by extension 'python_setup_py'
[0.147s] Level 1:colcon.colcon_core.package_identification:_identify(src/crazyswarm2/ros_ws/src/crazyswarm/scripts) by extensions ['ignore', 'ignore_ament_install']
[0.147s] Level 1:colcon.colcon_core.package_identification:_identify(src/crazyswarm2/ros_ws/src/crazyswarm/scripts) by extension 'ignore'
[0.147s] Level 1:colcon.colcon_core.package_identification:_identify(src/crazyswarm2/ros_ws/src/crazyswarm/scripts) by extension 'ignore_ament_install'
[0.147s] Level 1:colcon.colcon_core.package_identification:_identify(src/crazyswarm2/ros_ws/src/crazyswarm/scripts) by extensions ['colcon_pkg']
[0.147s] Level 1:colcon.colcon_core.package_identification:_identify(src/crazyswarm2/ros_ws/src/crazyswarm/scripts) by extension 'colcon_pkg'
[0.147s] Level 1:colcon.colcon_core.package_identification:_identify(src/crazyswarm2/ros_ws/src/crazyswarm/scripts) by extensions ['colcon_meta']
[0.147s] Level 1:colcon.colcon_core.package_identification:_identify(src/crazyswarm2/ros_ws/src/crazyswarm/scripts) by extension 'colcon_meta'
[0.147s] Level 1:colcon.colcon_core.package_identification:_identify(src/crazyswarm2/ros_ws/src/crazyswarm/scripts) by extensions ['ros']
[0.147s] Level 1:colcon.colcon_core.package_identification:_identify(src/crazyswarm2/ros_ws/src/crazyswarm/scripts) by extension 'ros'
[0.147s] Level 1:colcon.colcon_core.package_identification:_identify(src/crazyswarm2/ros_ws/src/crazyswarm/scripts) by extensions ['cmake', 'python']
[0.147s] Level 1:colcon.colcon_core.package_identification:_identify(src/crazyswarm2/ros_ws/src/crazyswarm/scripts) by extension 'cmake'
[0.147s] Level 1:colcon.colcon_core.package_identification:_identify(src/crazyswarm2/ros_ws/src/crazyswarm/scripts) by extension 'python'
[0.147s] Level 1:colcon.colcon_core.package_identification:_identify(src/crazyswarm2/ros_ws/src/crazyswarm/scripts) by extensions ['python_setup_py']
[0.147s] Level 1:colcon.colcon_core.package_identification:_identify(src/crazyswarm2/ros_ws/src/crazyswarm/scripts) by extension 'python_setup_py'
[0.147s] Level 1:colcon.colcon_core.package_identification:_identify(src/crazyswarm2/ros_ws/src/crazyswarm/scripts/crossing2_pps) by extensions ['ignore', 'ignore_ament_install']
[0.147s] Level 1:colcon.colcon_core.package_identification:_identify(src/crazyswarm2/ros_ws/src/crazyswarm/scripts/crossing2_pps) by extension 'ignore'
[0.147s] Level 1:colcon.colcon_core.package_identification:_identify(src/crazyswarm2/ros_ws/src/crazyswarm/scripts/crossing2_pps) by extension 'ignore_ament_install'
[0.147s] Level 1:colcon.colcon_core.package_identification:_identify(src/crazyswarm2/ros_ws/src/crazyswarm/scripts/crossing2_pps) by extensions ['colcon_pkg']
[0.147s] Level 1:colcon.colcon_core.package_identification:_identify(src/crazyswarm2/ros_ws/src/crazyswarm/scripts/crossing2_pps) by extension 'colcon_pkg'
[0.147s] Level 1:colcon.colcon_core.package_identification:_identify(src/crazyswarm2/ros_ws/src/crazyswarm/scripts/crossing2_pps) by extensions ['colcon_meta']
[0.147s] Level 1:colcon.colcon_core.package_identification:_identify(src/crazyswarm2/ros_ws/src/crazyswarm/scripts/crossing2_pps) by extension 'colcon_meta'
[0.147s] Level 1:colcon.colcon_core.package_identification:_identify(src/crazyswarm2/ros_ws/src/crazyswarm/scripts/crossing2_pps) by extensions ['ros']
[0.147s] Level 1:colcon.colcon_core.package_identification:_identify(src/crazyswarm2/ros_ws/src/crazyswarm/scripts/crossing2_pps) by extension 'ros'
[0.147s] Level 1:colcon.colcon_core.package_identification:_identify(src/crazyswarm2/ros_ws/src/crazyswarm/scripts/crossing2_pps) by extensions ['cmake', 'python']
[0.147s] Level 1:colcon.colcon_core.package_identification:_identify(src/crazyswarm2/ros_ws/src/crazyswarm/scripts/crossing2_pps) by extension 'cmake'
[0.147s] Level 1:colcon.colcon_core.package_identification:_identify(src/crazyswarm2/ros_ws/src/crazyswarm/scripts/crossing2_pps) by extension 'python'
[0.147s] Level 1:colcon.colcon_core.package_identification:_identify(src/crazyswarm2/ros_ws/src/crazyswarm/scripts/crossing2_pps) by extensions ['python_setup_py']
[0.147s] Level 1:colcon.colcon_core.package_identification:_identify(src/crazyswarm2/ros_ws/src/crazyswarm/scripts/crossing2_pps) by extension 'python_setup_py'
[0.147s] Level 1:colcon.colcon_core.package_identification:_identify(src/crazyswarm2/ros_ws/src/crazyswarm/scripts/crossing4_pps) by extensions ['ignore', 'ignore_ament_install']
[0.148s] Level 1:colcon.colcon_core.package_identification:_identify(src/crazyswarm2/ros_ws/src/crazyswarm/scripts/crossing4_pps) by extension 'ignore'
[0.148s] Level 1:colcon.colcon_core.package_identification:_identify(src/crazyswarm2/ros_ws/src/crazyswarm/scripts/crossing4_pps) by extension 'ignore_ament_install'
[0.148s] Level 1:colcon.colcon_core.package_identification:_identify(src/crazyswarm2/ros_ws/src/crazyswarm/scripts/crossing4_pps) by extensions ['colcon_pkg']
[0.148s] Level 1:colcon.colcon_core.package_identification:_identify(src/crazyswarm2/ros_ws/src/crazyswarm/scripts/crossing4_pps) by extension 'colcon_pkg'
[0.148s] Level 1:colcon.colcon_core.package_identification:_identify(src/crazyswarm2/ros_ws/src/crazyswarm/scripts/crossing4_pps) by extensions ['colcon_meta']
[0.148s] Level 1:colcon.colcon_core.package_identification:_identify(src/crazyswarm2/ros_ws/src/crazyswarm/scripts/crossing4_pps) by extension 'colcon_meta'
[0.148s] Level 1:colcon.colcon_core.package_identification:_identify(src/crazyswarm2/ros_ws/src/crazyswarm/scripts/crossing4_pps) by extensions ['ros']
[0.148s] Level 1:colcon.colcon_core.package_identification:_identify(src/crazyswarm2/ros_ws/src/crazyswarm/scripts/crossing4_pps) by extension 'ros'
[0.148s] Level 1:colcon.colcon_core.package_identification:_identify(src/crazyswarm2/ros_ws/src/crazyswarm/scripts/crossing4_pps) by extensions ['cmake', 'python']
[0.148s] Level 1:colcon.colcon_core.package_identification:_identify(src/crazyswarm2/ros_ws/src/crazyswarm/scripts/crossing4_pps) by extension 'cmake'
[0.148s] Level 1:colcon.colcon_core.package_identification:_identify(src/crazyswarm2/ros_ws/src/crazyswarm/scripts/crossing4_pps) by extension 'python'
[0.148s] Level 1:colcon.colcon_core.package_identification:_identify(src/crazyswarm2/ros_ws/src/crazyswarm/scripts/crossing4_pps) by extensions ['python_setup_py']
[0.148s] Level 1:colcon.colcon_core.package_identification:_identify(src/crazyswarm2/ros_ws/src/crazyswarm/scripts/crossing4_pps) by extension 'python_setup_py'
[0.148s] Level 1:colcon.colcon_core.package_identification:_identify(src/crazyswarm2/ros_ws/src/crazyswarm/scripts/sequence_trajectories) by extensions ['ignore', 'ignore_ament_install']
[0.148s] Level 1:colcon.colcon_core.package_identification:_identify(src/crazyswarm2/ros_ws/src/crazyswarm/scripts/sequence_trajectories) by extension 'ignore'
[0.148s] Level 1:colcon.colcon_core.package_identification:_identify(src/crazyswarm2/ros_ws/src/crazyswarm/scripts/sequence_trajectories) by extension 'ignore_ament_install'
[0.148s] Level 1:colcon.colcon_core.package_identification:_identify(src/crazyswarm2/ros_ws/src/crazyswarm/scripts/sequence_trajectories) by extensions ['colcon_pkg']
[0.148s] Level 1:colcon.colcon_core.package_identification:_identify(src/crazyswarm2/ros_ws/src/crazyswarm/scripts/sequence_trajectories) by extension 'colcon_pkg'
[0.148s] Level 1:colcon.colcon_core.package_identification:_identify(src/crazyswarm2/ros_ws/src/crazyswarm/scripts/sequence_trajectories) by extensions ['colcon_meta']
[0.148s] Level 1:colcon.colcon_core.package_identification:_identify(src/crazyswarm2/ros_ws/src/crazyswarm/scripts/sequence_trajectories) by extension 'colcon_meta'
[0.148s] Level 1:colcon.colcon_core.package_identification:_identify(src/crazyswarm2/ros_ws/src/crazyswarm/scripts/sequence_trajectories) by extensions ['ros']
[0.148s] Level 1:colcon.colcon_core.package_identification:_identify(src/crazyswarm2/ros_ws/src/crazyswarm/scripts/sequence_trajectories) by extension 'ros'
[0.148s] Level 1:colcon.colcon_core.package_identification:_identify(src/crazyswarm2/ros_ws/src/crazyswarm/scripts/sequence_trajectories) by extensions ['cmake', 'python']
[0.148s] Level 1:colcon.colcon_core.package_identification:_identify(src/crazyswarm2/ros_ws/src/crazyswarm/scripts/sequence_trajectories) by extension 'cmake'
[0.148s] Level 1:colcon.colcon_core.package_identification:_identify(src/crazyswarm2/ros_ws/src/crazyswarm/scripts/sequence_trajectories) by extension 'python'
[0.148s] Level 1:colcon.colcon_core.package_identification:_identify(src/crazyswarm2/ros_ws/src/crazyswarm/scripts/sequence_trajectories) by extensions ['python_setup_py']
[0.148s] Level 1:colcon.colcon_core.package_identification:_identify(src/crazyswarm2/ros_ws/src/crazyswarm/scripts/sequence_trajectories) by extension 'python_setup_py'
[0.148s] Level 1:colcon.colcon_core.package_identification:_identify(src/crazyswarm2/ros_ws/src/crazyswarm/scripts/sequence_trajectories/1) by extensions ['ignore', 'ignore_ament_install']
[0.148s] Level 1:colcon.colcon_core.package_identification:_identify(src/crazyswarm2/ros_ws/src/crazyswarm/scripts/sequence_trajectories/1) by extension 'ignore'
[0.148s] Level 1:colcon.colcon_core.package_identification:_identify(src/crazyswarm2/ros_ws/src/crazyswarm/scripts/sequence_trajectories/1) by extension 'ignore_ament_install'
[0.148s] Level 1:colcon.colcon_core.package_identification:_identify(src/crazyswarm2/ros_ws/src/crazyswarm/scripts/sequence_trajectories/1) by extensions ['colcon_pkg']
[0.148s] Level 1:colcon.colcon_core.package_identification:_identify(src/crazyswarm2/ros_ws/src/crazyswarm/scripts/sequence_trajectories/1) by extension 'colcon_pkg'
[0.148s] Level 1:colcon.colcon_core.package_identification:_identify(src/crazyswarm2/ros_ws/src/crazyswarm/scripts/sequence_trajectories/1) by extensions ['colcon_meta']
[0.148s] Level 1:colcon.colcon_core.package_identification:_identify(src/crazyswarm2/ros_ws/src/crazyswarm/scripts/sequence_trajectories/1) by extension 'colcon_meta'
[0.148s] Level 1:colcon.colcon_core.package_identification:_identify(src/crazyswarm2/ros_ws/src/crazyswarm/scripts/sequence_trajectories/1) by extensions ['ros']
[0.148s] Level 1:colcon.colcon_core.package_identification:_identify(src/crazyswarm2/ros_ws/src/crazyswarm/scripts/sequence_trajectories/1) by extension 'ros'
[0.148s] Level 1:colcon.colcon_core.package_identification:_identify(src/crazyswarm2/ros_ws/src/crazyswarm/scripts/sequence_trajectories/1) by extensions ['cmake', 'python']
[0.148s] Level 1:colcon.colcon_core.package_identification:_identify(src/crazyswarm2/ros_ws/src/crazyswarm/scripts/sequence_trajectories/1) by extension 'cmake'
[0.148s] Level 1:colcon.colcon_core.package_identification:_identify(src/crazyswarm2/ros_ws/src/crazyswarm/scripts/sequence_trajectories/1) by extension 'python'
[0.148s] Level 1:colcon.colcon_core.package_identification:_identify(src/crazyswarm2/ros_ws/src/crazyswarm/scripts/sequence_trajectories/1) by extensions ['python_setup_py']
[0.148s] Level 1:colcon.colcon_core.package_identification:_identify(src/crazyswarm2/ros_ws/src/crazyswarm/scripts/sequence_trajectories/1) by extension 'python_setup_py'
[0.148s] Level 1:colcon.colcon_core.package_identification:_identify(src/crazyswarm2/ros_ws/src/crazyswarm/scripts/sequence_trajectories/2) by extensions ['ignore', 'ignore_ament_install']
[0.148s] Level 1:colcon.colcon_core.package_identification:_identify(src/crazyswarm2/ros_ws/src/crazyswarm/scripts/sequence_trajectories/2) by extension 'ignore'
[0.148s] Level 1:colcon.colcon_core.package_identification:_identify(src/crazyswarm2/ros_ws/src/crazyswarm/scripts/sequence_trajectories/2) by extension 'ignore_ament_install'
[0.148s] Level 1:colcon.colcon_core.package_identification:_identify(src/crazyswarm2/ros_ws/src/crazyswarm/scripts/sequence_trajectories/2) by extensions ['colcon_pkg']
[0.148s] Level 1:colcon.colcon_core.package_identification:_identify(src/crazyswarm2/ros_ws/src/crazyswarm/scripts/sequence_trajectories/2) by extension 'colcon_pkg'
[0.148s] Level 1:colcon.colcon_core.package_identification:_identify(src/crazyswarm2/ros_ws/src/crazyswarm/scripts/sequence_trajectories/2) by extensions ['colcon_meta']
[0.148s] Level 1:colcon.colcon_core.package_identification:_identify(src/crazyswarm2/ros_ws/src/crazyswarm/scripts/sequence_trajectories/2) by extension 'colcon_meta'
[0.148s] Level 1:colcon.colcon_core.package_identification:_identify(src/crazyswarm2/ros_ws/src/crazyswarm/scripts/sequence_trajectories/2) by extensions ['ros']
[0.148s] Level 1:colcon.colcon_core.package_identification:_identify(src/crazyswarm2/ros_ws/src/crazyswarm/scripts/sequence_trajectories/2) by extension 'ros'
[0.148s] Level 1:colcon.colcon_core.package_identification:_identify(src/crazyswarm2/ros_ws/src/crazyswarm/scripts/sequence_trajectories/2) by extensions ['cmake', 'python']
[0.148s] Level 1:colcon.colcon_core.package_identification:_identify(src/crazyswarm2/ros_ws/src/crazyswarm/scripts/sequence_trajectories/2) by extension 'cmake'
[0.148s] Level 1:colcon.colcon_core.package_identification:_identify(src/crazyswarm2/ros_ws/src/crazyswarm/scripts/sequence_trajectories/2) by extension 'python'
[0.148s] Level 1:colcon.colcon_core.package_identification:_identify(src/crazyswarm2/ros_ws/src/crazyswarm/scripts/sequence_trajectories/2) by extensions ['python_setup_py']
[0.148s] Level 1:colcon.colcon_core.package_identification:_identify(src/crazyswarm2/ros_ws/src/crazyswarm/scripts/sequence_trajectories/2) by extension 'python_setup_py'
[0.149s] Level 1:colcon.colcon_core.package_identification:_identify(src/crazyswarm2/ros_ws/src/crazyswarm/scripts/sequence_trajectories/3) by extensions ['ignore', 'ignore_ament_install']
[0.149s] Level 1:colcon.colcon_core.package_identification:_identify(src/crazyswarm2/ros_ws/src/crazyswarm/scripts/sequence_trajectories/3) by extension 'ignore'
[0.149s] Level 1:colcon.colcon_core.package_identification:_identify(src/crazyswarm2/ros_ws/src/crazyswarm/scripts/sequence_trajectories/3) by extension 'ignore_ament_install'
[0.149s] Level 1:colcon.colcon_core.package_identification:_identify(src/crazyswarm2/ros_ws/src/crazyswarm/scripts/sequence_trajectories/3) by extensions ['colcon_pkg']
[0.149s] Level 1:colcon.colcon_core.package_identification:_identify(src/crazyswarm2/ros_ws/src/crazyswarm/scripts/sequence_trajectories/3) by extension 'colcon_pkg'
[0.149s] Level 1:colcon.colcon_core.package_identification:_identify(src/crazyswarm2/ros_ws/src/crazyswarm/scripts/sequence_trajectories/3) by extensions ['colcon_meta']
[0.149s] Level 1:colcon.colcon_core.package_identification:_identify(src/crazyswarm2/ros_ws/src/crazyswarm/scripts/sequence_trajectories/3) by extension 'colcon_meta'
[0.149s] Level 1:colcon.colcon_core.package_identification:_identify(src/crazyswarm2/ros_ws/src/crazyswarm/scripts/sequence_trajectories/3) by extensions ['ros']
[0.149s] Level 1:colcon.colcon_core.package_identification:_identify(src/crazyswarm2/ros_ws/src/crazyswarm/scripts/sequence_trajectories/3) by extension 'ros'
[0.149s] Level 1:colcon.colcon_core.package_identification:_identify(src/crazyswarm2/ros_ws/src/crazyswarm/scripts/sequence_trajectories/3) by extensions ['cmake', 'python']
[0.149s] Level 1:colcon.colcon_core.package_identification:_identify(src/crazyswarm2/ros_ws/src/crazyswarm/scripts/sequence_trajectories/3) by extension 'cmake'
[0.149s] Level 1:colcon.colcon_core.package_identification:_identify(src/crazyswarm2/ros_ws/src/crazyswarm/scripts/sequence_trajectories/3) by extension 'python'
[0.149s] Level 1:colcon.colcon_core.package_identification:_identify(src/crazyswarm2/ros_ws/src/crazyswarm/scripts/sequence_trajectories/3) by extensions ['python_setup_py']
[0.149s] Level 1:colcon.colcon_core.package_identification:_identify(src/crazyswarm2/ros_ws/src/crazyswarm/scripts/sequence_trajectories/3) by extension 'python_setup_py'
[0.149s] Level 1:colcon.colcon_core.package_identification:_identify(src/crazyswarm2/ros_ws/src/crazyswarm/scripts/sequence_trajectories/4) by extensions ['ignore', 'ignore_ament_install']
[0.149s] Level 1:colcon.colcon_core.package_identification:_identify(src/crazyswarm2/ros_ws/src/crazyswarm/scripts/sequence_trajectories/4) by extension 'ignore'
[0.149s] Level 1:colcon.colcon_core.package_identification:_identify(src/crazyswarm2/ros_ws/src/crazyswarm/scripts/sequence_trajectories/4) by extension 'ignore_ament_install'
[0.149s] Level 1:colcon.colcon_core.package_identification:_identify(src/crazyswarm2/ros_ws/src/crazyswarm/scripts/sequence_trajectories/4) by extensions ['colcon_pkg']
[0.149s] Level 1:colcon.colcon_core.package_identification:_identify(src/crazyswarm2/ros_ws/src/crazyswarm/scripts/sequence_trajectories/4) by extension 'colcon_pkg'
[0.149s] Level 1:colcon.colcon_core.package_identification:_identify(src/crazyswarm2/ros_ws/src/crazyswarm/scripts/sequence_trajectories/4) by extensions ['colcon_meta']
[0.149s] Level 1:colcon.colcon_core.package_identification:_identify(src/crazyswarm2/ros_ws/src/crazyswarm/scripts/sequence_trajectories/4) by extension 'colcon_meta'
[0.149s] Level 1:colcon.colcon_core.package_identification:_identify(src/crazyswarm2/ros_ws/src/crazyswarm/scripts/sequence_trajectories/4) by extensions ['ros']
[0.149s] Level 1:colcon.colcon_core.package_identification:_identify(src/crazyswarm2/ros_ws/src/crazyswarm/scripts/sequence_trajectories/4) by extension 'ros'
[0.149s] Level 1:colcon.colcon_core.package_identification:_identify(src/crazyswarm2/ros_ws/src/crazyswarm/scripts/sequence_trajectories/4) by extensions ['cmake', 'python']
[0.149s] Level 1:colcon.colcon_core.package_identification:_identify(src/crazyswarm2/ros_ws/src/crazyswarm/scripts/sequence_trajectories/4) by extension 'cmake'
[0.149s] Level 1:colcon.colcon_core.package_identification:_identify(src/crazyswarm2/ros_ws/src/crazyswarm/scripts/sequence_trajectories/4) by extension 'python'
[0.149s] Level 1:colcon.colcon_core.package_identification:_identify(src/crazyswarm2/ros_ws/src/crazyswarm/scripts/sequence_trajectories/4) by extensions ['python_setup_py']
[0.149s] Level 1:colcon.colcon_core.package_identification:_identify(src/crazyswarm2/ros_ws/src/crazyswarm/scripts/sequence_trajectories/4) by extension 'python_setup_py'
[0.149s] Level 1:colcon.colcon_core.package_identification:_identify(src/crazyswarm2/ros_ws/src/crazyswarm/scripts/sequence_trajectories/5) by extensions ['ignore', 'ignore_ament_install']
[0.149s] Level 1:colcon.colcon_core.package_identification:_identify(src/crazyswarm2/ros_ws/src/crazyswarm/scripts/sequence_trajectories/5) by extension 'ignore'
[0.149s] Level 1:colcon.colcon_core.package_identification:_identify(src/crazyswarm2/ros_ws/src/crazyswarm/scripts/sequence_trajectories/5) by extension 'ignore_ament_install'
[0.149s] Level 1:colcon.colcon_core.package_identification:_identify(src/crazyswarm2/ros_ws/src/crazyswarm/scripts/sequence_trajectories/5) by extensions ['colcon_pkg']
[0.149s] Level 1:colcon.colcon_core.package_identification:_identify(src/crazyswarm2/ros_ws/src/crazyswarm/scripts/sequence_trajectories/5) by extension 'colcon_pkg'
[0.149s] Level 1:colcon.colcon_core.package_identification:_identify(src/crazyswarm2/ros_ws/src/crazyswarm/scripts/sequence_trajectories/5) by extensions ['colcon_meta']
[0.149s] Level 1:colcon.colcon_core.package_identification:_identify(src/crazyswarm2/ros_ws/src/crazyswarm/scripts/sequence_trajectories/5) by extension 'colcon_meta'
[0.149s] Level 1:colcon.colcon_core.package_identification:_identify(src/crazyswarm2/ros_ws/src/crazyswarm/scripts/sequence_trajectories/5) by extensions ['ros']
[0.149s] Level 1:colcon.colcon_core.package_identification:_identify(src/crazyswarm2/ros_ws/src/crazyswarm/scripts/sequence_trajectories/5) by extension 'ros'
[0.149s] Level 1:colcon.colcon_core.package_identification:_identify(src/crazyswarm2/ros_ws/src/crazyswarm/scripts/sequence_trajectories/5) by extensions ['cmake', 'python']
[0.149s] Level 1:colcon.colcon_core.package_identification:_identify(src/crazyswarm2/ros_ws/src/crazyswarm/scripts/sequence_trajectories/5) by extension 'cmake'
[0.149s] Level 1:colcon.colcon_core.package_identification:_identify(src/crazyswarm2/ros_ws/src/crazyswarm/scripts/sequence_trajectories/5) by extension 'python'
[0.149s] Level 1:colcon.colcon_core.package_identification:_identify(src/crazyswarm2/ros_ws/src/crazyswarm/scripts/sequence_trajectories/5) by extensions ['python_setup_py']
[0.149s] Level 1:colcon.colcon_core.package_identification:_identify(src/crazyswarm2/ros_ws/src/crazyswarm/scripts/sequence_trajectories/5) by extension 'python_setup_py'
[0.149s] Level 1:colcon.colcon_core.package_identification:_identify(src/crazyswarm2/ros_ws/src/crazyswarm/scripts/sequence_trajectories/6) by extensions ['ignore', 'ignore_ament_install']
[0.149s] Level 1:colcon.colcon_core.package_identification:_identify(src/crazyswarm2/ros_ws/src/crazyswarm/scripts/sequence_trajectories/6) by extension 'ignore'
[0.149s] Level 1:colcon.colcon_core.package_identification:_identify(src/crazyswarm2/ros_ws/src/crazyswarm/scripts/sequence_trajectories/6) by extension 'ignore_ament_install'
[0.149s] Level 1:colcon.colcon_core.package_identification:_identify(src/crazyswarm2/ros_ws/src/crazyswarm/scripts/sequence_trajectories/6) by extensions ['colcon_pkg']
[0.149s] Level 1:colcon.colcon_core.package_identification:_identify(src/crazyswarm2/ros_ws/src/crazyswarm/scripts/sequence_trajectories/6) by extension 'colcon_pkg'
[0.149s] Level 1:colcon.colcon_core.package_identification:_identify(src/crazyswarm2/ros_ws/src/crazyswarm/scripts/sequence_trajectories/6) by extensions ['colcon_meta']
[0.149s] Level 1:colcon.colcon_core.package_identification:_identify(src/crazyswarm2/ros_ws/src/crazyswarm/scripts/sequence_trajectories/6) by extension 'colcon_meta'
[0.149s] Level 1:colcon.colcon_core.package_identification:_identify(src/crazyswarm2/ros_ws/src/crazyswarm/scripts/sequence_trajectories/6) by extensions ['ros']
[0.149s] Level 1:colcon.colcon_core.package_identification:_identify(src/crazyswarm2/ros_ws/src/crazyswarm/scripts/sequence_trajectories/6) by extension 'ros'
[0.149s] Level 1:colcon.colcon_core.package_identification:_identify(src/crazyswarm2/ros_ws/src/crazyswarm/scripts/sequence_trajectories/6) by extensions ['cmake', 'python']
[0.150s] Level 1:colcon.colcon_core.package_identification:_identify(src/crazyswarm2/ros_ws/src/crazyswarm/scripts/sequence_trajectories/6) by extension 'cmake'
[0.150s] Level 1:colcon.colcon_core.package_identification:_identify(src/crazyswarm2/ros_ws/src/crazyswarm/scripts/sequence_trajectories/6) by extension 'python'
[0.150s] Level 1:colcon.colcon_core.package_identification:_identify(src/crazyswarm2/ros_ws/src/crazyswarm/scripts/sequence_trajectories/6) by extensions ['python_setup_py']
[0.150s] Level 1:colcon.colcon_core.package_identification:_identify(src/crazyswarm2/ros_ws/src/crazyswarm/scripts/sequence_trajectories/6) by extension 'python_setup_py'
[0.150s] Level 1:colcon.colcon_core.package_identification:_identify(src/crazyswarm2/ros_ws/src/crazyswarm/scripts/sequence_trajectories/7) by extensions ['ignore', 'ignore_ament_install']
[0.150s] Level 1:colcon.colcon_core.package_identification:_identify(src/crazyswarm2/ros_ws/src/crazyswarm/scripts/sequence_trajectories/7) by extension 'ignore'
[0.150s] Level 1:colcon.colcon_core.package_identification:_identify(src/crazyswarm2/ros_ws/src/crazyswarm/scripts/sequence_trajectories/7) by extension 'ignore_ament_install'
[0.150s] Level 1:colcon.colcon_core.package_identification:_identify(src/crazyswarm2/ros_ws/src/crazyswarm/scripts/sequence_trajectories/7) by extensions ['colcon_pkg']
[0.150s] Level 1:colcon.colcon_core.package_identification:_identify(src/crazyswarm2/ros_ws/src/crazyswarm/scripts/sequence_trajectories/7) by extension 'colcon_pkg'
[0.150s] Level 1:colcon.colcon_core.package_identification:_identify(src/crazyswarm2/ros_ws/src/crazyswarm/scripts/sequence_trajectories/7) by extensions ['colcon_meta']
[0.150s] Level 1:colcon.colcon_core.package_identification:_identify(src/crazyswarm2/ros_ws/src/crazyswarm/scripts/sequence_trajectories/7) by extension 'colcon_meta'
[0.150s] Level 1:colcon.colcon_core.package_identification:_identify(src/crazyswarm2/ros_ws/src/crazyswarm/scripts/sequence_trajectories/7) by extensions ['ros']
[0.150s] Level 1:colcon.colcon_core.package_identification:_identify(src/crazyswarm2/ros_ws/src/crazyswarm/scripts/sequence_trajectories/7) by extension 'ros'
[0.150s] Level 1:colcon.colcon_core.package_identification:_identify(src/crazyswarm2/ros_ws/src/crazyswarm/scripts/sequence_trajectories/7) by extensions ['cmake', 'python']
[0.150s] Level 1:colcon.colcon_core.package_identification:_identify(src/crazyswarm2/ros_ws/src/crazyswarm/scripts/sequence_trajectories/7) by extension 'cmake'
[0.150s] Level 1:colcon.colcon_core.package_identification:_identify(src/crazyswarm2/ros_ws/src/crazyswarm/scripts/sequence_trajectories/7) by extension 'python'
[0.150s] Level 1:colcon.colcon_core.package_identification:_identify(src/crazyswarm2/ros_ws/src/crazyswarm/scripts/sequence_trajectories/7) by extensions ['python_setup_py']
[0.150s] Level 1:colcon.colcon_core.package_identification:_identify(src/crazyswarm2/ros_ws/src/crazyswarm/scripts/sequence_trajectories/7) by extension 'python_setup_py'
[0.150s] Level 1:colcon.colcon_core.package_identification:_identify(src/crazyswarm2/ros_ws/src/crazyswarm/scripts/swap6v_pps) by extensions ['ignore', 'ignore_ament_install']
[0.150s] Level 1:colcon.colcon_core.package_identification:_identify(src/crazyswarm2/ros_ws/src/crazyswarm/scripts/swap6v_pps) by extension 'ignore'
[0.150s] Level 1:colcon.colcon_core.package_identification:_identify(src/crazyswarm2/ros_ws/src/crazyswarm/scripts/swap6v_pps) by extension 'ignore_ament_install'
[0.150s] Level 1:colcon.colcon_core.package_identification:_identify(src/crazyswarm2/ros_ws/src/crazyswarm/scripts/swap6v_pps) by extensions ['colcon_pkg']
[0.150s] Level 1:colcon.colcon_core.package_identification:_identify(src/crazyswarm2/ros_ws/src/crazyswarm/scripts/swap6v_pps) by extension 'colcon_pkg'
[0.150s] Level 1:colcon.colcon_core.package_identification:_identify(src/crazyswarm2/ros_ws/src/crazyswarm/scripts/swap6v_pps) by extensions ['colcon_meta']
[0.150s] Level 1:colcon.colcon_core.package_identification:_identify(src/crazyswarm2/ros_ws/src/crazyswarm/scripts/swap6v_pps) by extension 'colcon_meta'
[0.150s] Level 1:colcon.colcon_core.package_identification:_identify(src/crazyswarm2/ros_ws/src/crazyswarm/scripts/swap6v_pps) by extensions ['ros']
[0.150s] Level 1:colcon.colcon_core.package_identification:_identify(src/crazyswarm2/ros_ws/src/crazyswarm/scripts/swap6v_pps) by extension 'ros'
[0.150s] Level 1:colcon.colcon_core.package_identification:_identify(src/crazyswarm2/ros_ws/src/crazyswarm/scripts/swap6v_pps) by extensions ['cmake', 'python']
[0.150s] Level 1:colcon.colcon_core.package_identification:_identify(src/crazyswarm2/ros_ws/src/crazyswarm/scripts/swap6v_pps) by extension 'cmake'
[0.150s] Level 1:colcon.colcon_core.package_identification:_identify(src/crazyswarm2/ros_ws/src/crazyswarm/scripts/swap6v_pps) by extension 'python'
[0.150s] Level 1:colcon.colcon_core.package_identification:_identify(src/crazyswarm2/ros_ws/src/crazyswarm/scripts/swap6v_pps) by extensions ['python_setup_py']
[0.150s] Level 1:colcon.colcon_core.package_identification:_identify(src/crazyswarm2/ros_ws/src/crazyswarm/scripts/swap6v_pps) by extension 'python_setup_py'
[0.150s] Level 1:colcon.colcon_core.package_identification:_identify(src/crazyswarm2/systemtests) by extensions ['ignore', 'ignore_ament_install']
[0.150s] Level 1:colcon.colcon_core.package_identification:_identify(src/crazyswarm2/systemtests) by extension 'ignore'
[0.150s] Level 1:colcon.colcon_core.package_identification:_identify(src/crazyswarm2/systemtests) by extension 'ignore_ament_install'
[0.150s] Level 1:colcon.colcon_core.package_identification:_identify(src/crazyswarm2/systemtests) by extensions ['colcon_pkg']
[0.150s] Level 1:colcon.colcon_core.package_identification:_identify(src/crazyswarm2/systemtests) by extension 'colcon_pkg'
[0.150s] Level 1:colcon.colcon_core.package_identification:_identify(src/crazyswarm2/systemtests) by extensions ['colcon_meta']
[0.150s] Level 1:colcon.colcon_core.package_identification:_identify(src/crazyswarm2/systemtests) by extension 'colcon_meta'
[0.150s] Level 1:colcon.colcon_core.package_identification:_identify(src/crazyswarm2/systemtests) by extensions ['ros']
[0.150s] Level 1:colcon.colcon_core.package_identification:_identify(src/crazyswarm2/systemtests) by extension 'ros'
[0.150s] Level 1:colcon.colcon_core.package_identification:_identify(src/crazyswarm2/systemtests) by extensions ['cmake', 'python']
[0.150s] Level 1:colcon.colcon_core.package_identification:_identify(src/crazyswarm2/systemtests) by extension 'cmake'
[0.150s] Level 1:colcon.colcon_core.package_identification:_identify(src/crazyswarm2/systemtests) by extension 'python'
[0.150s] Level 1:colcon.colcon_core.package_identification:_identify(src/crazyswarm2/systemtests) by extensions ['python_setup_py']
[0.150s] Level 1:colcon.colcon_core.package_identification:_identify(src/crazyswarm2/systemtests) by extension 'python_setup_py'
[0.150s] Level 1:colcon.colcon_core.package_identification:_identify(src/crazyswarm2/systemtests/SDplotting) by extensions ['ignore', 'ignore_ament_install']
[0.150s] Level 1:colcon.colcon_core.package_identification:_identify(src/crazyswarm2/systemtests/SDplotting) by extension 'ignore'
[0.150s] Level 1:colcon.colcon_core.package_identification:_identify(src/crazyswarm2/systemtests/SDplotting) by extension 'ignore_ament_install'
[0.150s] Level 1:colcon.colcon_core.package_identification:_identify(src/crazyswarm2/systemtests/SDplotting) by extensions ['colcon_pkg']
[0.150s] Level 1:colcon.colcon_core.package_identification:_identify(src/crazyswarm2/systemtests/SDplotting) by extension 'colcon_pkg'
[0.150s] Level 1:colcon.colcon_core.package_identification:_identify(src/crazyswarm2/systemtests/SDplotting) by extensions ['colcon_meta']
[0.150s] Level 1:colcon.colcon_core.package_identification:_identify(src/crazyswarm2/systemtests/SDplotting) by extension 'colcon_meta'
[0.150s] Level 1:colcon.colcon_core.package_identification:_identify(src/crazyswarm2/systemtests/SDplotting) by extensions ['ros']
[0.150s] Level 1:colcon.colcon_core.package_identification:_identify(src/crazyswarm2/systemtests/SDplotting) by extension 'ros'
[0.151s] Level 1:colcon.colcon_core.package_identification:_identify(src/crazyswarm2/systemtests/SDplotting) by extensions ['cmake', 'python']
[0.151s] Level 1:colcon.colcon_core.package_identification:_identify(src/crazyswarm2/systemtests/SDplotting) by extension 'cmake'
[0.151s] Level 1:colcon.colcon_core.package_identification:_identify(src/crazyswarm2/systemtests/SDplotting) by extension 'python'
[0.151s] Level 1:colcon.colcon_core.package_identification:_identify(src/crazyswarm2/systemtests/SDplotting) by extensions ['python_setup_py']
[0.151s] Level 1:colcon.colcon_core.package_identification:_identify(src/crazyswarm2/systemtests/SDplotting) by extension 'python_setup_py'
[0.151s] Level 1:colcon.colcon_core.package_identification:_identify(src/my_crazyflie) by extensions ['ignore', 'ignore_ament_install']
[0.151s] Level 1:colcon.colcon_core.package_identification:_identify(src/my_crazyflie) by extension 'ignore'
[0.151s] Level 1:colcon.colcon_core.package_identification:_identify(src/my_crazyflie) by extension 'ignore_ament_install'
[0.151s] Level 1:colcon.colcon_core.package_identification:_identify(src/my_crazyflie) by extensions ['colcon_pkg']
[0.151s] Level 1:colcon.colcon_core.package_identification:_identify(src/my_crazyflie) by extension 'colcon_pkg'
[0.151s] Level 1:colcon.colcon_core.package_identification:_identify(src/my_crazyflie) by extensions ['colcon_meta']
[0.151s] Level 1:colcon.colcon_core.package_identification:_identify(src/my_crazyflie) by extension 'colcon_meta'
[0.151s] Level 1:colcon.colcon_core.package_identification:_identify(src/my_crazyflie) by extensions ['ros']
[0.151s] Level 1:colcon.colcon_core.package_identification:_identify(src/my_crazyflie) by extension 'ros'
[0.151s] DEBUG:colcon.colcon_core.package_identification:Package 'src/my_crazyflie' with type 'ros.ament_python' and name 'my_crazyflie'
[0.151s] Level 1:colcon.colcon_core.package_discovery:discover_packages(recursive) using defaults
[0.151s] Level 1:colcon.colcon_core.package_discovery:discover_packages(ignore) discover
[0.151s] Level 1:colcon.colcon_core.package_discovery:discover_packages(ignore) using defaults
[0.151s] Level 1:colcon.colcon_core.package_discovery:discover_packages(path) discover
[0.151s] Level 1:colcon.colcon_core.package_discovery:discover_packages(path) using defaults
[0.160s] INFO:colcon.colcon_metadata.metadata.colcon_pkg:Updating descriptor of package 'src/crazyswarm2/crazyflie_py' from colcon.pkg: {'python-testing': 'pytest'}
[0.162s] Level 1:colcon.colcon_core.package_discovery:discover_packages(prefix_path) check parameters
[0.162s] Level 1:colcon.colcon_core.package_discovery:discover_packages(prefix_path) discover
[0.163s] DEBUG:colcon.colcon_installed_package_information.package_discovery:Found 8 installed packages in /home/iiitd/cf_ws/install
[0.163s] DEBUG:colcon.colcon_installed_package_information.package_discovery:Found 424 installed packages in /opt/ros/humble
[0.164s] Level 1:colcon.colcon_core.package_discovery:discover_packages(prefix_path) using defaults
[0.186s] Level 5:colcon.colcon_core.verb:set package 'crazyflie_description' build argument 'cmake_args' from command line to 'None'
[0.186s] Level 5:colcon.colcon_core.verb:set package 'crazyflie_description' build argument 'cmake_target' from command line to 'None'
[0.186s] Level 5:colcon.colcon_core.verb:set package 'crazyflie_description' build argument 'cmake_target_skip_unavailable' from command line to 'False'
[0.186s] Level 5:colcon.colcon_core.verb:set package 'crazyflie_description' build argument 'cmake_clean_cache' from command line to 'False'
[0.186s] Level 5:colcon.colcon_core.verb:set package 'crazyflie_description' build argument 'cmake_clean_first' from command line to 'False'
[0.186s] Level 5:colcon.colcon_core.verb:set package 'crazyflie_description' build argument 'cmake_force_configure' from command line to 'False'
[0.186s] Level 5:colcon.colcon_core.verb:set package 'crazyflie_description' build argument 'ament_cmake_args' from command line to 'None'
[0.186s] Level 5:colcon.colcon_core.verb:set package 'crazyflie_description' build argument 'catkin_cmake_args' from command line to 'None'
[0.186s] Level 5:colcon.colcon_core.verb:set package 'crazyflie_description' build argument 'catkin_skip_building_tests' from command line to 'False'
[0.186s] DEBUG:colcon.colcon_core.verb:Building package 'crazyflie_description' with the following arguments: {'ament_cmake_args': None, 'build_base': '/home/iiitd/cf_ws/build/crazyflie_description', 'catkin_cmake_args': None, 'catkin_skip_building_tests': False, 'cmake_args': None, 'cmake_clean_cache': False, 'cmake_clean_first': False, 'cmake_force_configure': False, 'cmake_target': None, 'cmake_target_skip_unavailable': False, 'install_base': '/home/iiitd/cf_ws/install/crazyflie_description', 'merge_install': False, 'path': '/home/iiitd/cf_ws/src/crazyswarm2/crazyflie_description', 'symlink_install': True, 'test_result_base': None}
[0.187s] Level 5:colcon.colcon_core.verb:set package 'crazyflie_interfaces' build argument 'cmake_args' from command line to 'None'
[0.187s] Level 5:colcon.colcon_core.verb:set package 'crazyflie_interfaces' build argument 'cmake_target' from command line to 'None'
[0.187s] Level 5:colcon.colcon_core.verb:set package 'crazyflie_interfaces' build argument 'cmake_target_skip_unavailable' from command line to 'False'
[0.187s] Level 5:colcon.colcon_core.verb:set package 'crazyflie_interfaces' build argument 'cmake_clean_cache' from command line to 'False'
[0.187s] Level 5:colcon.colcon_core.verb:set package 'crazyflie_interfaces' build argument 'cmake_clean_first' from command line to 'False'
[0.187s] Level 5:colcon.colcon_core.verb:set package 'crazyflie_interfaces' build argument 'cmake_force_configure' from command line to 'False'
[0.187s] Level 5:colcon.colcon_core.verb:set package 'crazyflie_interfaces' build argument 'ament_cmake_args' from command line to 'None'
[0.187s] Level 5:colcon.colcon_core.verb:set package 'crazyflie_interfaces' build argument 'catkin_cmake_args' from command line to 'None'
[0.187s] Level 5:colcon.colcon_core.verb:set package 'crazyflie_interfaces' build argument 'catkin_skip_building_tests' from command line to 'False'
[0.187s] DEBUG:colcon.colcon_core.verb:Building package 'crazyflie_interfaces' with the following arguments: {'ament_cmake_args': None, 'build_base': '/home/iiitd/cf_ws/build/crazyflie_interfaces', 'catkin_cmake_args': None, 'catkin_skip_building_tests': False, 'cmake_args': None, 'cmake_clean_cache': False, 'cmake_clean_first': False, 'cmake_force_configure': False, 'cmake_target': None, 'cmake_target_skip_unavailable': False, 'install_base': '/home/iiitd/cf_ws/install/crazyflie_interfaces', 'merge_install': False, 'path': '/home/iiitd/cf_ws/src/crazyswarm2/crazyflie_interfaces', 'symlink_install': True, 'test_result_base': None}
[0.187s] Level 5:colcon.colcon_core.verb:set package 'crazyflie' build argument 'cmake_args' from command line to 'None'
[0.187s] Level 5:colcon.colcon_core.verb:set package 'crazyflie' build argument 'cmake_target' from command line to 'None'
[0.187s] Level 5:colcon.colcon_core.verb:set package 'crazyflie' build argument 'cmake_target_skip_unavailable' from command line to 'False'
[0.187s] Level 5:colcon.colcon_core.verb:set package 'crazyflie' build argument 'cmake_clean_cache' from command line to 'False'
[0.187s] Level 5:colcon.colcon_core.verb:set package 'crazyflie' build argument 'cmake_clean_first' from command line to 'False'
[0.187s] Level 5:colcon.colcon_core.verb:set package 'crazyflie' build argument 'cmake_force_configure' from command line to 'False'
[0.187s] Level 5:colcon.colcon_core.verb:set package 'crazyflie' build argument 'ament_cmake_args' from command line to 'None'
[0.187s] Level 5:colcon.colcon_core.verb:set package 'crazyflie' build argument 'catkin_cmake_args' from command line to 'None'
[0.187s] Level 5:colcon.colcon_core.verb:set package 'crazyflie' build argument 'catkin_skip_building_tests' from command line to 'False'
[0.187s] DEBUG:colcon.colcon_core.verb:Building package 'crazyflie' with the following arguments: {'ament_cmake_args': None, 'build_base': '/home/iiitd/cf_ws/build/crazyflie', 'catkin_cmake_args': None, 'catkin_skip_building_tests': False, 'cmake_args': None, 'cmake_clean_cache': False, 'cmake_clean_first': False, 'cmake_force_configure': False, 'cmake_target': None, 'cmake_target_skip_unavailable': False, 'install_base': '/home/iiitd/cf_ws/install/crazyflie', 'merge_install': False, 'path': '/home/iiitd/cf_ws/src/crazyswarm2/crazyflie', 'symlink_install': True, 'test_result_base': None}
[0.187s] Level 5:colcon.colcon_core.verb:set package 'crazyflie_py' build argument 'cmake_args' from command line to 'None'
[0.187s] Level 5:colcon.colcon_core.verb:set package 'crazyflie_py' build argument 'cmake_target' from command line to 'None'
[0.187s] Level 5:colcon.colcon_core.verb:set package 'crazyflie_py' build argument 'cmake_target_skip_unavailable' from command line to 'False'
[0.187s] Level 5:colcon.colcon_core.verb:set package 'crazyflie_py' build argument 'cmake_clean_cache' from command line to 'False'
[0.187s] Level 5:colcon.colcon_core.verb:set package 'crazyflie_py' build argument 'cmake_clean_first' from command line to 'False'
[0.187s] Level 5:colcon.colcon_core.verb:set package 'crazyflie_py' build argument 'cmake_force_configure' from command line to 'False'
[0.187s] Level 5:colcon.colcon_core.verb:set package 'crazyflie_py' build argument 'ament_cmake_args' from command line to 'None'
[0.187s] Level 5:colcon.colcon_core.verb:set package 'crazyflie_py' build argument 'catkin_cmake_args' from command line to 'None'
[0.187s] Level 5:colcon.colcon_core.verb:set package 'crazyflie_py' build argument 'catkin_skip_building_tests' from command line to 'False'
[0.187s] DEBUG:colcon.colcon_core.verb:Building package 'crazyflie_py' with the following arguments: {'ament_cmake_args': None, 'build_base': '/home/iiitd/cf_ws/build/crazyflie_py', 'catkin_cmake_args': None, 'catkin_skip_building_tests': False, 'cmake_args': None, 'cmake_clean_cache': False, 'cmake_clean_first': False, 'cmake_force_configure': False, 'cmake_target': None, 'cmake_target_skip_unavailable': False, 'install_base': '/home/iiitd/cf_ws/install/crazyflie_py', 'merge_install': False, 'path': '/home/iiitd/cf_ws/src/crazyswarm2/crazyflie_py', 'symlink_install': True, 'test_result_base': None}
[0.187s] Level 5:colcon.colcon_core.verb:set package 'crazyflie_server_py' build argument 'cmake_args' from command line to 'None'
[0.187s] Level 5:colcon.colcon_core.verb:set package 'crazyflie_server_py' build argument 'cmake_target' from command line to 'None'
[0.187s] Level 5:colcon.colcon_core.verb:set package 'crazyflie_server_py' build argument 'cmake_target_skip_unavailable' from command line to 'False'
[0.187s] Level 5:colcon.colcon_core.verb:set package 'crazyflie_server_py' build argument 'cmake_clean_cache' from command line to 'False'
[0.187s] Level 5:colcon.colcon_core.verb:set package 'crazyflie_server_py' build argument 'cmake_clean_first' from command line to 'False'
[0.187s] Level 5:colcon.colcon_core.verb:set package 'crazyflie_server_py' build argument 'cmake_force_configure' from command line to 'False'
[0.187s] Level 5:colcon.colcon_core.verb:set package 'crazyflie_server_py' build argument 'ament_cmake_args' from command line to 'None'
[0.187s] Level 5:colcon.colcon_core.verb:set package 'crazyflie_server_py' build argument 'catkin_cmake_args' from command line to 'None'
[0.187s] Level 5:colcon.colcon_core.verb:set package 'crazyflie_server_py' build argument 'catkin_skip_building_tests' from command line to 'False'
[0.187s] DEBUG:colcon.colcon_core.verb:Building package 'crazyflie_server_py' with the following arguments: {'ament_cmake_args': None, 'build_base': '/home/iiitd/cf_ws/build/crazyflie_server_py', 'catkin_cmake_args': None, 'catkin_skip_building_tests': False, 'cmake_args': None, 'cmake_clean_cache': False, 'cmake_clean_first': False, 'cmake_force_configure': False, 'cmake_target': None, 'cmake_target_skip_unavailable': False, 'install_base': '/home/iiitd/cf_ws/install/crazyflie_server_py', 'merge_install': False, 'path': '/home/iiitd/cf_ws/src/crazyswarm2/crazyflie_server_py', 'symlink_install': True, 'test_result_base': None}
[0.187s] Level 5:colcon.colcon_core.verb:set package 'crazyflie_sim' build argument 'cmake_args' from command line to 'None'
[0.187s] Level 5:colcon.colcon_core.verb:set package 'crazyflie_sim' build argument 'cmake_target' from command line to 'None'
[0.187s] Level 5:colcon.colcon_core.verb:set package 'crazyflie_sim' build argument 'cmake_target_skip_unavailable' from command line to 'False'
[0.187s] Level 5:colcon.colcon_core.verb:set package 'crazyflie_sim' build argument 'cmake_clean_cache' from command line to 'False'
[0.187s] Level 5:colcon.colcon_core.verb:set package 'crazyflie_sim' build argument 'cmake_clean_first' from command line to 'False'
[0.187s] Level 5:colcon.colcon_core.verb:set package 'crazyflie_sim' build argument 'cmake_force_configure' from command line to 'False'
[0.187s] Level 5:colcon.colcon_core.verb:set package 'crazyflie_sim' build argument 'ament_cmake_args' from command line to 'None'
[0.187s] Level 5:colcon.colcon_core.verb:set package 'crazyflie_sim' build argument 'catkin_cmake_args' from command line to 'None'
[0.187s] Level 5:colcon.colcon_core.verb:set package 'crazyflie_sim' build argument 'catkin_skip_building_tests' from command line to 'False'
[0.187s] DEBUG:colcon.colcon_core.verb:Building package 'crazyflie_sim' with the following arguments: {'ament_cmake_args': None, 'build_base': '/home/iiitd/cf_ws/build/crazyflie_sim', 'catkin_cmake_args': None, 'catkin_skip_building_tests': False, 'cmake_args': None, 'cmake_clean_cache': False, 'cmake_clean_first': False, 'cmake_force_configure': False, 'cmake_target': None, 'cmake_target_skip_unavailable': False, 'install_base': '/home/iiitd/cf_ws/install/crazyflie_sim', 'merge_install': False, 'path': '/home/iiitd/cf_ws/src/crazyswarm2/crazyflie_sim', 'symlink_install': True, 'test_result_base': None}
[0.188s] Level 5:colcon.colcon_core.verb:set package 'my_crazyflie' build argument 'cmake_args' from command line to 'None'
[0.188s] Level 5:colcon.colcon_core.verb:set package 'my_crazyflie' build argument 'cmake_target' from command line to 'None'
[0.188s] Level 5:colcon.colcon_core.verb:set package 'my_crazyflie' build argument 'cmake_target_skip_unavailable' from command line to 'False'
[0.188s] Level 5:colcon.colcon_core.verb:set package 'my_crazyflie' build argument 'cmake_clean_cache' from command line to 'False'
[0.188s] Level 5:colcon.colcon_core.verb:set package 'my_crazyflie' build argument 'cmake_clean_first' from command line to 'False'
[0.188s] Level 5:colcon.colcon_core.verb:set package 'my_crazyflie' build argument 'cmake_force_configure' from command line to 'False'
[0.188s] Level 5:colcon.colcon_core.verb:set package 'my_crazyflie' build argument 'ament_cmake_args' from command line to 'None'
[0.188s] Level 5:colcon.colcon_core.verb:set package 'my_crazyflie' build argument 'catkin_cmake_args' from command line to 'None'
[0.188s] Level 5:colcon.colcon_core.verb:set package 'my_crazyflie' build argument 'catkin_skip_building_tests' from command line to 'False'
[0.188s] DEBUG:colcon.colcon_core.verb:Building package 'my_crazyflie' with the following arguments: {'ament_cmake_args': None, 'build_base': '/home/iiitd/cf_ws/build/my_crazyflie', 'catkin_cmake_args': None, 'catkin_skip_building_tests': False, 'cmake_args': None, 'cmake_clean_cache': False, 'cmake_clean_first': False, 'cmake_force_configure': False, 'cmake_target': None, 'cmake_target_skip_unavailable': False, 'install_base': '/home/iiitd/cf_ws/install/my_crazyflie', 'merge_install': False, 'path': '/home/iiitd/cf_ws/src/my_crazyflie', 'symlink_install': True, 'test_result_base': None}
[0.188s] Level 5:colcon.colcon_core.verb:set package 'crazyflie_examples' build argument 'cmake_args' from command line to 'None'
[0.188s] Level 5:colcon.colcon_core.verb:set package 'crazyflie_examples' build argument 'cmake_target' from command line to 'None'
[0.188s] Level 5:colcon.colcon_core.verb:set package 'crazyflie_examples' build argument 'cmake_target_skip_unavailable' from command line to 'False'
[0.188s] Level 5:colcon.colcon_core.verb:set package 'crazyflie_examples' build argument 'cmake_clean_cache' from command line to 'False'
[0.188s] Level 5:colcon.colcon_core.verb:set package 'crazyflie_examples' build argument 'cmake_clean_first' from command line to 'False'
[0.188s] Level 5:colcon.colcon_core.verb:set package 'crazyflie_examples' build argument 'cmake_force_configure' from command line to 'False'
[0.188s] Level 5:colcon.colcon_core.verb:set package 'crazyflie_examples' build argument 'ament_cmake_args' from command line to 'None'
[0.188s] Level 5:colcon.colcon_core.verb:set package 'crazyflie_examples' build argument 'catkin_cmake_args' from command line to 'None'
[0.188s] Level 5:colcon.colcon_core.verb:set package 'crazyflie_examples' build argument 'catkin_skip_building_tests' from command line to 'False'
[0.188s] DEBUG:colcon.colcon_core.verb:Building package 'crazyflie_examples' with the following arguments: {'ament_cmake_args': None, 'build_base': '/home/iiitd/cf_ws/build/crazyflie_examples', 'catkin_cmake_args': None, 'catkin_skip_building_tests': False, 'cmake_args': None, 'cmake_clean_cache': False, 'cmake_clean_first': False, 'cmake_force_configure': False, 'cmake_target': None, 'cmake_target_skip_unavailable': False, 'install_base': '/home/iiitd/cf_ws/install/crazyflie_examples', 'merge_install': False, 'path': '/home/iiitd/cf_ws/src/crazyswarm2/crazyflie_examples', 'symlink_install': True, 'test_result_base': None}
[0.188s] INFO:colcon.colcon_core.executor:Executing jobs using 'parallel' executor
[0.188s] DEBUG:colcon.colcon_parallel_executor.executor.parallel:run_until_complete
[0.189s] INFO:colcon.colcon_ros.task.ament_cmake.build:Building ROS package in '/home/iiitd/cf_ws/src/crazyswarm2/crazyflie_interfaces' with build type 'ament_cmake'
[0.189s] INFO:colcon.colcon_cmake.task.cmake.build:Building CMake package in '/home/iiitd/cf_ws/src/crazyswarm2/crazyflie_interfaces'
[0.190s] INFO:colcon.colcon_core.plugin_system:Skipping extension 'colcon_core.shell.bat': Not used on non-Windows systems
[0.190s] INFO:colcon.colcon_core.shell:Skip shell extension 'powershell' for command environment: Not usable outside of PowerShell
[0.190s] DEBUG:colcon.colcon_core.shell:Skip shell extension 'dsv' for command environment
[0.192s] INFO:colcon.colcon_ros.task.ament_cmake.build:Building ROS package in '/home/iiitd/cf_ws/src/crazyswarm2/crazyflie_description' with build type 'ament_cmake'
[0.192s] INFO:colcon.colcon_cmake.task.cmake.build:Building CMake package in '/home/iiitd/cf_ws/src/crazyswarm2/crazyflie_description'
[0.192s] INFO:colcon.colcon_core.shell:Skip shell extension 'powershell' for command environment: Not usable outside of PowerShell
[0.192s] DEBUG:colcon.colcon_core.shell:Skip shell extension 'dsv' for command environment
[0.197s] DEBUG:colcon.colcon_core.event_handler.log_command:Invoking command in '/home/iiitd/cf_ws/build/crazyflie_interfaces': CMAKE_PREFIX_PATH=${CMAKE_PREFIX_PATH}:/home/iiitd/cf_ws/install/my_crazyflie:/home/iiitd/cf_ws/install/crazyflie_server_py:/home/iiitd/cf_ws/install/crazyflie_py:/opt/ros/humble /usr/bin/cmake --build /home/iiitd/cf_ws/build/crazyflie_interfaces -- -j28 -l28
[0.198s] DEBUG:colcon.colcon_core.event_handler.log_command:Invoking command in '/home/iiitd/cf_ws/build/crazyflie_description': CMAKE_PREFIX_PATH=${CMAKE_PREFIX_PATH}:/home/iiitd/cf_ws/install/my_crazyflie:/home/iiitd/cf_ws/install/crazyflie_server_py:/home/iiitd/cf_ws/install/crazyflie_py:/opt/ros/humble /usr/bin/cmake --build /home/iiitd/cf_ws/build/crazyflie_description -- -j28 -l28
[0.222s] DEBUG:colcon.colcon_core.event_handler.log_command:Invoked command in '/home/iiitd/cf_ws/build/crazyflie_description' returned '0': CMAKE_PREFIX_PATH=${CMAKE_PREFIX_PATH}:/home/iiitd/cf_ws/install/my_crazyflie:/home/iiitd/cf_ws/install/crazyflie_server_py:/home/iiitd/cf_ws/install/crazyflie_py:/opt/ros/humble /usr/bin/cmake --build /home/iiitd/cf_ws/build/crazyflie_description -- -j28 -l28
[0.228s] DEBUG:colcon.colcon_core.event_handler.log_command:Invoking command in '/home/iiitd/cf_ws/build/crazyflie_description': CMAKE_PREFIX_PATH=${CMAKE_PREFIX_PATH}:/home/iiitd/cf_ws/install/my_crazyflie:/home/iiitd/cf_ws/install/crazyflie_server_py:/home/iiitd/cf_ws/install/crazyflie_py:/opt/ros/humble /usr/bin/cmake --install /home/iiitd/cf_ws/build/crazyflie_description
[0.240s] Level 1:colcon.colcon_core.environment:create_environment_scripts_only(crazyflie_description)
[0.241s] DEBUG:colcon.colcon_core.event_handler.log_command:Invoked command in '/home/iiitd/cf_ws/build/crazyflie_description' returned '0': CMAKE_PREFIX_PATH=${CMAKE_PREFIX_PATH}:/home/iiitd/cf_ws/install/my_crazyflie:/home/iiitd/cf_ws/install/crazyflie_server_py:/home/iiitd/cf_ws/install/crazyflie_py:/opt/ros/humble /usr/bin/cmake --install /home/iiitd/cf_ws/build/crazyflie_description
[0.243s] Level 1:colcon.colcon_core.environment:checking '/home/iiitd/cf_ws/install/crazyflie_description' for CMake module files
[0.243s] Level 1:colcon.colcon_core.environment:checking '/home/iiitd/cf_ws/install/crazyflie_description' for CMake config files
[0.244s] Level 1:colcon.colcon_core.shell:create_environment_hook('crazyflie_description', 'cmake_prefix_path')
[0.244s] INFO:colcon.colcon_core.shell:Creating environment hook '/home/iiitd/cf_ws/install/crazyflie_description/share/crazyflie_description/hook/cmake_prefix_path.ps1'
[0.244s] INFO:colcon.colcon_core.shell:Creating environment descriptor '/home/iiitd/cf_ws/install/crazyflie_description/share/crazyflie_description/hook/cmake_prefix_path.dsv'
[0.245s] INFO:colcon.colcon_core.shell:Creating environment hook '/home/iiitd/cf_ws/install/crazyflie_description/share/crazyflie_description/hook/cmake_prefix_path.sh'
[0.245s] Level 1:colcon.colcon_core.environment:checking '/home/iiitd/cf_ws/install/crazyflie_description/bin'
[0.246s] Level 1:colcon.colcon_core.environment:checking '/home/iiitd/cf_ws/install/crazyflie_description/lib/pkgconfig/crazyflie_description.pc'
[0.246s] Level 1:colcon.colcon_core.environment:checking '/home/iiitd/cf_ws/install/crazyflie_description/lib/python3.10/site-packages'
[0.246s] Level 1:colcon.colcon_core.environment:checking '/home/iiitd/cf_ws/install/crazyflie_description/bin'
[0.246s] INFO:colcon.colcon_core.shell:Creating package script '/home/iiitd/cf_ws/install/crazyflie_description/share/crazyflie_description/package.ps1'
[0.247s] INFO:colcon.colcon_core.shell:Creating package descriptor '/home/iiitd/cf_ws/install/crazyflie_description/share/crazyflie_description/package.dsv'
[0.248s] INFO:colcon.colcon_core.shell:Creating package script '/home/iiitd/cf_ws/install/crazyflie_description/share/crazyflie_description/package.sh'
[0.248s] INFO:colcon.colcon_core.shell:Creating package script '/home/iiitd/cf_ws/install/crazyflie_description/share/crazyflie_description/package.bash'
[0.249s] INFO:colcon.colcon_core.shell:Creating package script '/home/iiitd/cf_ws/install/crazyflie_description/share/crazyflie_description/package.zsh'
[0.250s] Level 1:colcon.colcon_core.environment:create_file_with_runtime_dependencies(/home/iiitd/cf_ws/install/crazyflie_description/share/colcon-core/packages/crazyflie_description)
[0.250s] Level 1:colcon.colcon_core.environment:create_environment_scripts_only(crazyflie_description)
[0.250s] Level 1:colcon.colcon_core.environment:checking '/home/iiitd/cf_ws/install/crazyflie_description' for CMake module files
[0.251s] Level 1:colcon.colcon_core.environment:checking '/home/iiitd/cf_ws/install/crazyflie_description' for CMake config files
[0.251s] Level 1:colcon.colcon_core.shell:create_environment_hook('crazyflie_description', 'cmake_prefix_path')
[0.251s] INFO:colcon.colcon_core.shell:Creating environment hook '/home/iiitd/cf_ws/install/crazyflie_description/share/crazyflie_description/hook/cmake_prefix_path.ps1'
[0.252s] INFO:colcon.colcon_core.shell:Creating environment descriptor '/home/iiitd/cf_ws/install/crazyflie_description/share/crazyflie_description/hook/cmake_prefix_path.dsv'
[0.252s] INFO:colcon.colcon_core.shell:Creating environment hook '/home/iiitd/cf_ws/install/crazyflie_description/share/crazyflie_description/hook/cmake_prefix_path.sh'
[0.252s] Level 1:colcon.colcon_core.environment:checking '/home/iiitd/cf_ws/install/crazyflie_description/bin'
[0.253s] Level 1:colcon.colcon_core.environment:checking '/home/iiitd/cf_ws/install/crazyflie_description/lib/pkgconfig/crazyflie_description.pc'
[0.253s] Level 1:colcon.colcon_core.environment:checking '/home/iiitd/cf_ws/install/crazyflie_description/lib/python3.10/site-packages'
[0.253s] Level 1:colcon.colcon_core.environment:checking '/home/iiitd/cf_ws/install/crazyflie_description/bin'
[0.253s] INFO:colcon.colcon_core.shell:Creating package script '/home/iiitd/cf_ws/install/crazyflie_description/share/crazyflie_description/package.ps1'
[0.254s] INFO:colcon.colcon_core.shell:Creating package descriptor '/home/iiitd/cf_ws/install/crazyflie_description/share/crazyflie_description/package.dsv'
[0.254s] INFO:colcon.colcon_core.shell:Creating package script '/home/iiitd/cf_ws/install/crazyflie_description/share/crazyflie_description/package.sh'
[0.254s] INFO:colcon.colcon_core.shell:Creating package script '/home/iiitd/cf_ws/install/crazyflie_description/share/crazyflie_description/package.bash'
[0.255s] INFO:colcon.colcon_core.shell:Creating package script '/home/iiitd/cf_ws/install/crazyflie_description/share/crazyflie_description/package.zsh'
[0.255s] Level 1:colcon.colcon_core.environment:create_file_with_runtime_dependencies(/home/iiitd/cf_ws/install/crazyflie_description/share/colcon-core/packages/crazyflie_description)
[0.390s] DEBUG:colcon.colcon_core.event_handler.log_command:Invoked command in '/home/iiitd/cf_ws/build/crazyflie_interfaces' returned '0': CMAKE_PREFIX_PATH=${CMAKE_PREFIX_PATH}:/home/iiitd/cf_ws/install/my_crazyflie:/home/iiitd/cf_ws/install/crazyflie_server_py:/home/iiitd/cf_ws/install/crazyflie_py:/opt/ros/humble /usr/bin/cmake --build /home/iiitd/cf_ws/build/crazyflie_interfaces -- -j28 -l28
[0.392s] DEBUG:colcon.colcon_core.event_handler.log_command:Invoking command in '/home/iiitd/cf_ws/build/crazyflie_interfaces': CMAKE_PREFIX_PATH=${CMAKE_PREFIX_PATH}:/home/iiitd/cf_ws/install/my_crazyflie:/home/iiitd/cf_ws/install/crazyflie_server_py:/home/iiitd/cf_ws/install/crazyflie_py:/opt/ros/humble /usr/bin/cmake --install /home/iiitd/cf_ws/build/crazyflie_interfaces
[0.447s] Level 1:colcon.colcon_core.environment:create_environment_scripts_only(crazyflie_interfaces)
[0.447s] DEBUG:colcon.colcon_core.event_handler.log_command:Invoked command in '/home/iiitd/cf_ws/build/crazyflie_interfaces' returned '0': CMAKE_PREFIX_PATH=${CMAKE_PREFIX_PATH}:/home/iiitd/cf_ws/install/my_crazyflie:/home/iiitd/cf_ws/install/crazyflie_server_py:/home/iiitd/cf_ws/install/crazyflie_py:/opt/ros/humble /usr/bin/cmake --install /home/iiitd/cf_ws/build/crazyflie_interfaces
[0.448s] Level 1:colcon.colcon_core.environment:checking '/home/iiitd/cf_ws/install/crazyflie_interfaces' for CMake module files
[0.448s] Level 1:colcon.colcon_core.environment:checking '/home/iiitd/cf_ws/install/crazyflie_interfaces' for CMake config files
[0.449s] Level 1:colcon.colcon_core.shell:create_environment_hook('crazyflie_interfaces', 'cmake_prefix_path')
[0.449s] INFO:colcon.colcon_core.shell:Creating environment hook '/home/iiitd/cf_ws/install/crazyflie_interfaces/share/crazyflie_interfaces/hook/cmake_prefix_path.ps1'
[0.450s] INFO:colcon.colcon_core.shell:Creating environment descriptor '/home/iiitd/cf_ws/install/crazyflie_interfaces/share/crazyflie_interfaces/hook/cmake_prefix_path.dsv'
[0.450s] INFO:colcon.colcon_core.shell:Creating environment hook '/home/iiitd/cf_ws/install/crazyflie_interfaces/share/crazyflie_interfaces/hook/cmake_prefix_path.sh'
[0.450s] Level 1:colcon.colcon_core.environment:checking '/home/iiitd/cf_ws/install/crazyflie_interfaces/lib'
[0.450s] Level 1:colcon.colcon_core.shell:create_environment_hook('crazyflie_interfaces', 'ld_library_path_lib')
[0.450s] INFO:colcon.colcon_core.shell:Creating environment hook '/home/iiitd/cf_ws/install/crazyflie_interfaces/share/crazyflie_interfaces/hook/ld_library_path_lib.ps1'
[0.450s] INFO:colcon.colcon_core.shell:Creating environment descriptor '/home/iiitd/cf_ws/install/crazyflie_interfaces/share/crazyflie_interfaces/hook/ld_library_path_lib.dsv'
[0.451s] INFO:colcon.colcon_core.shell:Creating environment hook '/home/iiitd/cf_ws/install/crazyflie_interfaces/share/crazyflie_interfaces/hook/ld_library_path_lib.sh'
[0.451s] Level 1:colcon.colcon_core.environment:checking '/home/iiitd/cf_ws/install/crazyflie_interfaces/bin'
[0.451s] Level 1:colcon.colcon_core.environment:checking '/home/iiitd/cf_ws/install/crazyflie_interfaces/lib/pkgconfig/crazyflie_interfaces.pc'
[0.451s] Level 1:colcon.colcon_core.environment:checking '/home/iiitd/cf_ws/install/crazyflie_interfaces/lib/python3.10/site-packages'
[0.451s] Level 1:colcon.colcon_core.environment:checking '/home/iiitd/cf_ws/install/crazyflie_interfaces/bin'
[0.451s] INFO:colcon.colcon_core.shell:Creating package script '/home/iiitd/cf_ws/install/crazyflie_interfaces/share/crazyflie_interfaces/package.ps1'
[0.451s] INFO:colcon.colcon_core.shell:Creating package descriptor '/home/iiitd/cf_ws/install/crazyflie_interfaces/share/crazyflie_interfaces/package.dsv'
[0.452s] INFO:colcon.colcon_core.shell:Creating package script '/home/iiitd/cf_ws/install/crazyflie_interfaces/share/crazyflie_interfaces/package.sh'
[0.452s] INFO:colcon.colcon_core.shell:Creating package script '/home/iiitd/cf_ws/install/crazyflie_interfaces/share/crazyflie_interfaces/package.bash'
[0.452s] INFO:colcon.colcon_core.shell:Creating package script '/home/iiitd/cf_ws/install/crazyflie_interfaces/share/crazyflie_interfaces/package.zsh'
[0.452s] Level 1:colcon.colcon_core.environment:create_file_with_runtime_dependencies(/home/iiitd/cf_ws/install/crazyflie_interfaces/share/colcon-core/packages/crazyflie_interfaces)
[0.452s] Level 1:colcon.colcon_core.environment:create_environment_scripts_only(crazyflie_interfaces)
[0.452s] Level 1:colcon.colcon_core.environment:checking '/home/iiitd/cf_ws/install/crazyflie_interfaces' for CMake module files
[0.453s] Level 1:colcon.colcon_core.environment:checking '/home/iiitd/cf_ws/install/crazyflie_interfaces' for CMake config files
[0.453s] Level 1:colcon.colcon_core.shell:create_environment_hook('crazyflie_interfaces', 'cmake_prefix_path')
[0.453s] INFO:colcon.colcon_core.shell:Creating environment hook '/home/iiitd/cf_ws/install/crazyflie_interfaces/share/crazyflie_interfaces/hook/cmake_prefix_path.ps1'
[0.453s] INFO:colcon.colcon_core.shell:Creating environment descriptor '/home/iiitd/cf_ws/install/crazyflie_interfaces/share/crazyflie_interfaces/hook/cmake_prefix_path.dsv'
[0.453s] INFO:colcon.colcon_core.shell:Creating environment hook '/home/iiitd/cf_ws/install/crazyflie_interfaces/share/crazyflie_interfaces/hook/cmake_prefix_path.sh'
[0.453s] Level 1:colcon.colcon_core.environment:checking '/home/iiitd/cf_ws/install/crazyflie_interfaces/lib'
[0.453s] Level 1:colcon.colcon_core.shell:create_environment_hook('crazyflie_interfaces', 'ld_library_path_lib')
[0.454s] INFO:colcon.colcon_core.shell:Creating environment hook '/home/iiitd/cf_ws/install/crazyflie_interfaces/share/crazyflie_interfaces/hook/ld_library_path_lib.ps1'
[0.454s] INFO:colcon.colcon_core.shell:Creating environment descriptor '/home/iiitd/cf_ws/install/crazyflie_interfaces/share/crazyflie_interfaces/hook/ld_library_path_lib.dsv'
[0.454s] INFO:colcon.colcon_core.shell:Creating environment hook '/home/iiitd/cf_ws/install/crazyflie_interfaces/share/crazyflie_interfaces/hook/ld_library_path_lib.sh'
[0.454s] Level 1:colcon.colcon_core.environment:checking '/home/iiitd/cf_ws/install/crazyflie_interfaces/bin'
[0.454s] Level 1:colcon.colcon_core.environment:checking '/home/iiitd/cf_ws/install/crazyflie_interfaces/lib/pkgconfig/crazyflie_interfaces.pc'
[0.454s] Level 1:colcon.colcon_core.environment:checking '/home/iiitd/cf_ws/install/crazyflie_interfaces/lib/python3.10/site-packages'
[0.454s] Level 1:colcon.colcon_core.environment:checking '/home/iiitd/cf_ws/install/crazyflie_interfaces/bin'
[0.454s] INFO:colcon.colcon_core.shell:Creating package script '/home/iiitd/cf_ws/install/crazyflie_interfaces/share/crazyflie_interfaces/package.ps1'
[0.455s] INFO:colcon.colcon_core.shell:Creating package descriptor '/home/iiitd/cf_ws/install/crazyflie_interfaces/share/crazyflie_interfaces/package.dsv'
[0.455s] INFO:colcon.colcon_core.shell:Creating package script '/home/iiitd/cf_ws/install/crazyflie_interfaces/share/crazyflie_interfaces/package.sh'
[0.455s] INFO:colcon.colcon_core.shell:Creating package script '/home/iiitd/cf_ws/install/crazyflie_interfaces/share/crazyflie_interfaces/package.bash'
[0.455s] INFO:colcon.colcon_core.shell:Creating package script '/home/iiitd/cf_ws/install/crazyflie_interfaces/share/crazyflie_interfaces/package.zsh'
[0.455s] Level 1:colcon.colcon_core.environment:create_file_with_runtime_dependencies(/home/iiitd/cf_ws/install/crazyflie_interfaces/share/colcon-core/packages/crazyflie_interfaces)
[0.455s] INFO:colcon.colcon_ros.task.ament_python.build:Building ROS package in '/home/iiitd/cf_ws/src/crazyswarm2/crazyflie_py' with build type 'ament_python'
[0.455s] Level 1:colcon.colcon_core.shell:create_environment_hook('crazyflie_py', 'ament_prefix_path')
[0.455s] INFO:colcon.colcon_core.shell:Creating environment hook '/home/iiitd/cf_ws/install/crazyflie_py/share/crazyflie_py/hook/ament_prefix_path.ps1'
[0.456s] INFO:colcon.colcon_core.shell:Creating environment descriptor '/home/iiitd/cf_ws/install/crazyflie_py/share/crazyflie_py/hook/ament_prefix_path.dsv'
[0.456s] INFO:colcon.colcon_core.shell:Creating environment hook '/home/iiitd/cf_ws/install/crazyflie_py/share/crazyflie_py/hook/ament_prefix_path.sh'
[0.456s] INFO:colcon.colcon_core.shell:Skip shell extension 'powershell' for command environment: Not usable outside of PowerShell
[0.456s] DEBUG:colcon.colcon_core.shell:Skip shell extension 'dsv' for command environment
[0.458s] INFO:colcon.colcon_ros.task.ament_cmake.build:Building ROS package in '/home/iiitd/cf_ws/src/crazyswarm2/crazyflie' with build type 'ament_cmake'
[0.458s] INFO:colcon.colcon_cmake.task.cmake.build:Building CMake package in '/home/iiitd/cf_ws/src/crazyswarm2/crazyflie'
[0.458s] INFO:colcon.colcon_core.shell:Skip shell extension 'powershell' for command environment: Not usable outside of PowerShell
[0.458s] DEBUG:colcon.colcon_core.shell:Skip shell extension 'dsv' for command environment
[0.460s] INFO:colcon.colcon_ros.task.ament_python.build:Building ROS package in '/home/iiitd/cf_ws/src/crazyswarm2/crazyflie_server_py' with build type 'ament_python'
[0.460s] Level 1:colcon.colcon_core.shell:create_environment_hook('crazyflie_server_py', 'ament_prefix_path')
[0.460s] INFO:colcon.colcon_core.shell:Creating environment hook '/home/iiitd/cf_ws/install/crazyflie_server_py/share/crazyflie_server_py/hook/ament_prefix_path.ps1'
[0.461s] INFO:colcon.colcon_core.shell:Creating environment descriptor '/home/iiitd/cf_ws/install/crazyflie_server_py/share/crazyflie_server_py/hook/ament_prefix_path.dsv'
[0.461s] INFO:colcon.colcon_core.shell:Creating environment hook '/home/iiitd/cf_ws/install/crazyflie_server_py/share/crazyflie_server_py/hook/ament_prefix_path.sh'
[0.461s] INFO:colcon.colcon_core.shell:Skip shell extension 'powershell' for command environment: Not usable outside of PowerShell
[0.461s] DEBUG:colcon.colcon_core.shell:Skip shell extension 'dsv' for command environment
[0.463s] INFO:colcon.colcon_ros.task.ament_cmake.build:Building ROS package in '/home/iiitd/cf_ws/src/crazyswarm2/crazyflie_sim' with build type 'ament_cmake'
[0.463s] INFO:colcon.colcon_cmake.task.cmake.build:Building CMake package in '/home/iiitd/cf_ws/src/crazyswarm2/crazyflie_sim'
[0.463s] INFO:colcon.colcon_core.shell:Skip shell extension 'powershell' for command environment: Not usable outside of PowerShell
[0.463s] DEBUG:colcon.colcon_core.shell:Skip shell extension 'dsv' for command environment
[0.465s] INFO:colcon.colcon_ros.task.ament_python.build:Building ROS package in '/home/iiitd/cf_ws/src/my_crazyflie' with build type 'ament_python'
[0.465s] Level 1:colcon.colcon_core.shell:create_environment_hook('my_crazyflie', 'ament_prefix_path')
[0.465s] INFO:colcon.colcon_core.shell:Creating environment hook '/home/iiitd/cf_ws/install/my_crazyflie/share/my_crazyflie/hook/ament_prefix_path.ps1'
[0.465s] INFO:colcon.colcon_core.shell:Creating environment descriptor '/home/iiitd/cf_ws/install/my_crazyflie/share/my_crazyflie/hook/ament_prefix_path.dsv'
[0.465s] INFO:colcon.colcon_core.shell:Creating environment hook '/home/iiitd/cf_ws/install/my_crazyflie/share/my_crazyflie/hook/ament_prefix_path.sh'
[0.465s] INFO:colcon.colcon_core.shell:Skip shell extension 'powershell' for command environment: Not usable outside of PowerShell
[0.465s] DEBUG:colcon.colcon_core.shell:Skip shell extension 'dsv' for command environment
[0.610s] INFO:colcon.colcon_core.task.python.build:Building Python package in '/home/iiitd/cf_ws/src/crazyswarm2/crazyflie_py'
[0.610s] INFO:colcon.colcon_core.shell:Skip shell extension 'powershell' for command environment: Not usable outside of PowerShell
[0.610s] DEBUG:colcon.colcon_core.shell:Skip shell extension 'dsv' for command environment
[0.614s] DEBUG:colcon.colcon_core.event_handler.log_command:Invoking command in '/home/iiitd/cf_ws/build/crazyflie': CMAKE_PREFIX_PATH=/home/iiitd/cf_ws/install/crazyflie_interfaces:/home/iiitd/cf_ws/install/crazyflie_description:/home/iiitd/cf_ws/install/crazyflie_sim:/home/iiitd/cf_ws/install/crazyflie_examples:/home/iiitd/cf_ws/install/crazyflie:/home/iiitd/cf_ws/install/my_crazyflie:/home/iiitd/cf_ws/install/crazyflie_server_py:/home/iiitd/cf_ws/install/crazyflie_py:/opt/ros/humble /usr/bin/cmake --build /home/iiitd/cf_ws/build/crazyflie -- -j28 -l28
[0.761s] INFO:colcon.colcon_core.task.python.build:Building Python package in '/home/iiitd/cf_ws/src/crazyswarm2/crazyflie_server_py'
[0.761s] INFO:colcon.colcon_core.shell:Skip shell extension 'powershell' for command environment: Not usable outside of PowerShell
[0.761s] DEBUG:colcon.colcon_core.shell:Skip shell extension 'dsv' for command environment
[0.765s] DEBUG:colcon.colcon_core.event_handler.log_command:Invoking command in '/home/iiitd/cf_ws/build/crazyflie_sim': CMAKE_PREFIX_PATH=/home/iiitd/cf_ws/install/crazyflie_interfaces:/home/iiitd/cf_ws/install/crazyflie_sim:/home/iiitd/cf_ws/install/crazyflie_examples:/home/iiitd/cf_ws/install/crazyflie:/home/iiitd/cf_ws/install/crazyflie_description:/home/iiitd/cf_ws/install/my_crazyflie:/home/iiitd/cf_ws/install/crazyflie_server_py:/home/iiitd/cf_ws/install/crazyflie_py:/opt/ros/humble /usr/bin/cmake --build /home/iiitd/cf_ws/build/crazyflie_sim -- -j28 -l28
[0.892s] INFO:colcon.colcon_core.task.python.build:Building Python package in '/home/iiitd/cf_ws/src/my_crazyflie'
[0.892s] INFO:colcon.colcon_core.shell:Skip shell extension 'powershell' for command environment: Not usable outside of PowerShell
[0.892s] DEBUG:colcon.colcon_core.shell:Skip shell extension 'dsv' for command environment
[0.896s] DEBUG:colcon.colcon_core.event_handler.log_command:Invoked command in '/home/iiitd/cf_ws/build/crazyflie' returned '0': CMAKE_PREFIX_PATH=/home/iiitd/cf_ws/install/crazyflie_interfaces:/home/iiitd/cf_ws/install/crazyflie_description:/home/iiitd/cf_ws/install/crazyflie_sim:/home/iiitd/cf_ws/install/crazyflie_examples:/home/iiitd/cf_ws/install/crazyflie:/home/iiitd/cf_ws/install/my_crazyflie:/home/iiitd/cf_ws/install/crazyflie_server_py:/home/iiitd/cf_ws/install/crazyflie_py:/opt/ros/humble /usr/bin/cmake --build /home/iiitd/cf_ws/build/crazyflie -- -j28 -l28
[0.897s] DEBUG:colcon.colcon_core.event_handler.log_command:Invoking command in '/home/iiitd/cf_ws/build/crazyflie': CMAKE_PREFIX_PATH=/home/iiitd/cf_ws/install/crazyflie_interfaces:/home/iiitd/cf_ws/install/crazyflie_description:/home/iiitd/cf_ws/install/crazyflie_sim:/home/iiitd/cf_ws/install/crazyflie_examples:/home/iiitd/cf_ws/install/crazyflie:/home/iiitd/cf_ws/install/my_crazyflie:/home/iiitd/cf_ws/install/crazyflie_server_py:/home/iiitd/cf_ws/install/crazyflie_py:/opt/ros/humble /usr/bin/cmake --install /home/iiitd/cf_ws/build/crazyflie
[0.916s] Level 1:colcon.colcon_core.environment:create_environment_scripts_only(crazyflie)
[0.916s] Level 1:colcon.colcon_core.environment:checking '/home/iiitd/cf_ws/install/crazyflie' for CMake module files
[0.916s] DEBUG:colcon.colcon_core.event_handler.log_command:Invoked command in '/home/iiitd/cf_ws/build/crazyflie' returned '0': CMAKE_PREFIX_PATH=/home/iiitd/cf_ws/install/crazyflie_interfaces:/home/iiitd/cf_ws/install/crazyflie_description:/home/iiitd/cf_ws/install/crazyflie_sim:/home/iiitd/cf_ws/install/crazyflie_examples:/home/iiitd/cf_ws/install/crazyflie:/home/iiitd/cf_ws/install/my_crazyflie:/home/iiitd/cf_ws/install/crazyflie_server_py:/home/iiitd/cf_ws/install/crazyflie_py:/opt/ros/humble /usr/bin/cmake --install /home/iiitd/cf_ws/build/crazyflie
[0.917s] Level 1:colcon.colcon_core.environment:checking '/home/iiitd/cf_ws/install/crazyflie' for CMake config files
[0.917s] Level 1:colcon.colcon_core.shell:create_environment_hook('crazyflie', 'cmake_prefix_path')
[0.917s] INFO:colcon.colcon_core.shell:Creating environment hook '/home/iiitd/cf_ws/install/crazyflie/share/crazyflie/hook/cmake_prefix_path.ps1'
[0.918s] INFO:colcon.colcon_core.shell:Creating environment descriptor '/home/iiitd/cf_ws/install/crazyflie/share/crazyflie/hook/cmake_prefix_path.dsv'
[0.918s] INFO:colcon.colcon_core.shell:Creating environment hook '/home/iiitd/cf_ws/install/crazyflie/share/crazyflie/hook/cmake_prefix_path.sh'
[0.918s] Level 1:colcon.colcon_core.environment:checking '/home/iiitd/cf_ws/install/crazyflie/lib'
[0.918s] Level 1:colcon.colcon_core.environment:checking '/home/iiitd/cf_ws/install/crazyflie/bin'
[0.918s] Level 1:colcon.colcon_core.environment:checking '/home/iiitd/cf_ws/install/crazyflie/lib/pkgconfig/crazyflie.pc'
[0.919s] Level 1:colcon.colcon_core.environment:checking '/home/iiitd/cf_ws/install/crazyflie/lib/python3.10/site-packages'
[0.919s] Level 1:colcon.colcon_core.environment:checking '/home/iiitd/cf_ws/install/crazyflie/bin'
[0.919s] INFO:colcon.colcon_core.shell:Creating package script '/home/iiitd/cf_ws/install/crazyflie/share/crazyflie/package.ps1'
[0.919s] INFO:colcon.colcon_core.shell:Creating package descriptor '/home/iiitd/cf_ws/install/crazyflie/share/crazyflie/package.dsv'
[0.920s] INFO:colcon.colcon_core.shell:Creating package script '/home/iiitd/cf_ws/install/crazyflie/share/crazyflie/package.sh'
[0.920s] INFO:colcon.colcon_core.shell:Creating package script '/home/iiitd/cf_ws/install/crazyflie/share/crazyflie/package.bash'
[0.920s] INFO:colcon.colcon_core.shell:Creating package script '/home/iiitd/cf_ws/install/crazyflie/share/crazyflie/package.zsh'
[0.921s] Level 1:colcon.colcon_core.environment:create_file_with_runtime_dependencies(/home/iiitd/cf_ws/install/crazyflie/share/colcon-core/packages/crazyflie)
[0.921s] Level 1:colcon.colcon_core.environment:create_environment_scripts_only(crazyflie)
[0.921s] Level 1:colcon.colcon_core.environment:checking '/home/iiitd/cf_ws/install/crazyflie' for CMake module files
[0.922s] Level 1:colcon.colcon_core.environment:checking '/home/iiitd/cf_ws/install/crazyflie' for CMake config files
[0.922s] Level 1:colcon.colcon_core.shell:create_environment_hook('crazyflie', 'cmake_prefix_path')
[0.922s] INFO:colcon.colcon_core.shell:Creating environment hook '/home/iiitd/cf_ws/install/crazyflie/share/crazyflie/hook/cmake_prefix_path.ps1'
[0.922s] INFO:colcon.colcon_core.shell:Creating environment descriptor '/home/iiitd/cf_ws/install/crazyflie/share/crazyflie/hook/cmake_prefix_path.dsv'
[0.923s] INFO:colcon.colcon_core.shell:Creating environment hook '/home/iiitd/cf_ws/install/crazyflie/share/crazyflie/hook/cmake_prefix_path.sh'
[0.923s] Level 1:colcon.colcon_core.environment:checking '/home/iiitd/cf_ws/install/crazyflie/lib'
[0.923s] Level 1:colcon.colcon_core.environment:checking '/home/iiitd/cf_ws/install/crazyflie/bin'
[0.923s] Level 1:colcon.colcon_core.environment:checking '/home/iiitd/cf_ws/install/crazyflie/lib/pkgconfig/crazyflie.pc'
[0.923s] Level 1:colcon.colcon_core.environment:checking '/home/iiitd/cf_ws/install/crazyflie/lib/python3.10/site-packages'
[0.923s] Level 1:colcon.colcon_core.environment:checking '/home/iiitd/cf_ws/install/crazyflie/bin'
[0.924s] INFO:colcon.colcon_core.shell:Creating package script '/home/iiitd/cf_ws/install/crazyflie/share/crazyflie/package.ps1'
[0.924s] INFO:colcon.colcon_core.shell:Creating package descriptor '/home/iiitd/cf_ws/install/crazyflie/share/crazyflie/package.dsv'
[0.925s] INFO:colcon.colcon_core.shell:Creating package script '/home/iiitd/cf_ws/install/crazyflie/share/crazyflie/package.sh'
[0.926s] INFO:colcon.colcon_core.shell:Creating package script '/home/iiitd/cf_ws/install/crazyflie/share/crazyflie/package.bash'
[0.926s] INFO:colcon.colcon_core.shell:Creating package script '/home/iiitd/cf_ws/install/crazyflie/share/crazyflie/package.zsh'
[0.927s] Level 1:colcon.colcon_core.environment:create_file_with_runtime_dependencies(/home/iiitd/cf_ws/install/crazyflie/share/colcon-core/packages/crazyflie)
[0.965s] DEBUG:colcon.colcon_core.event_handler.log_command:Invoked command in '/home/iiitd/cf_ws/build/crazyflie_sim' returned '0': CMAKE_PREFIX_PATH=/home/iiitd/cf_ws/install/crazyflie_interfaces:/home/iiitd/cf_ws/install/crazyflie_sim:/home/iiitd/cf_ws/install/crazyflie_examples:/home/iiitd/cf_ws/install/crazyflie:/home/iiitd/cf_ws/install/crazyflie_description:/home/iiitd/cf_ws/install/my_crazyflie:/home/iiitd/cf_ws/install/crazyflie_server_py:/home/iiitd/cf_ws/install/crazyflie_py:/opt/ros/humble /usr/bin/cmake --build /home/iiitd/cf_ws/build/crazyflie_sim -- -j28 -l28
[0.966s] DEBUG:colcon.colcon_core.event_handler.log_command:Invoking command in '/home/iiitd/cf_ws/build/crazyflie_sim': CMAKE_PREFIX_PATH=/home/iiitd/cf_ws/install/crazyflie_interfaces:/home/iiitd/cf_ws/install/crazyflie_sim:/home/iiitd/cf_ws/install/crazyflie_examples:/home/iiitd/cf_ws/install/crazyflie:/home/iiitd/cf_ws/install/crazyflie_description:/home/iiitd/cf_ws/install/my_crazyflie:/home/iiitd/cf_ws/install/crazyflie_server_py:/home/iiitd/cf_ws/install/crazyflie_py:/opt/ros/humble /usr/bin/cmake --install /home/iiitd/cf_ws/build/crazyflie_sim
[1.005s] Level 1:colcon.colcon_core.environment:create_environment_scripts_only(crazyflie_sim)
[1.005s] Level 1:colcon.colcon_core.environment:checking '/home/iiitd/cf_ws/install/crazyflie_sim' for CMake module files
[1.005s] DEBUG:colcon.colcon_core.event_handler.log_command:Invoked command in '/home/iiitd/cf_ws/build/crazyflie_sim' returned '0': CMAKE_PREFIX_PATH=/home/iiitd/cf_ws/install/crazyflie_interfaces:/home/iiitd/cf_ws/install/crazyflie_sim:/home/iiitd/cf_ws/install/crazyflie_examples:/home/iiitd/cf_ws/install/crazyflie:/home/iiitd/cf_ws/install/crazyflie_description:/home/iiitd/cf_ws/install/my_crazyflie:/home/iiitd/cf_ws/install/crazyflie_server_py:/home/iiitd/cf_ws/install/crazyflie_py:/opt/ros/humble /usr/bin/cmake --install /home/iiitd/cf_ws/build/crazyflie_sim
[1.006s] Level 1:colcon.colcon_core.environment:checking '/home/iiitd/cf_ws/install/crazyflie_sim' for CMake config files
[1.006s] Level 1:colcon.colcon_core.shell:create_environment_hook('crazyflie_sim', 'cmake_prefix_path')
[1.007s] INFO:colcon.colcon_core.shell:Creating environment hook '/home/iiitd/cf_ws/install/crazyflie_sim/share/crazyflie_sim/hook/cmake_prefix_path.ps1'
[1.007s] INFO:colcon.colcon_core.shell:Creating environment descriptor '/home/iiitd/cf_ws/install/crazyflie_sim/share/crazyflie_sim/hook/cmake_prefix_path.dsv'
[1.007s] INFO:colcon.colcon_core.shell:Creating environment hook '/home/iiitd/cf_ws/install/crazyflie_sim/share/crazyflie_sim/hook/cmake_prefix_path.sh'
[1.007s] Level 1:colcon.colcon_core.environment:checking '/home/iiitd/cf_ws/install/crazyflie_sim/lib'
[1.008s] Level 1:colcon.colcon_core.environment:checking '/home/iiitd/cf_ws/install/crazyflie_sim/bin'
[1.008s] Level 1:colcon.colcon_core.environment:checking '/home/iiitd/cf_ws/install/crazyflie_sim/lib/pkgconfig/crazyflie_sim.pc'
[1.008s] Level 1:colcon.colcon_core.environment:checking '/home/iiitd/cf_ws/install/crazyflie_sim/lib/python3.10/site-packages'
[1.008s] Level 1:colcon.colcon_core.environment:checking '/home/iiitd/cf_ws/install/crazyflie_sim/bin'
[1.008s] INFO:colcon.colcon_core.shell:Creating package script '/home/iiitd/cf_ws/install/crazyflie_sim/share/crazyflie_sim/package.ps1'
[1.008s] INFO:colcon.colcon_core.shell:Creating package descriptor '/home/iiitd/cf_ws/install/crazyflie_sim/share/crazyflie_sim/package.dsv'
[1.009s] INFO:colcon.colcon_core.shell:Creating package script '/home/iiitd/cf_ws/install/crazyflie_sim/share/crazyflie_sim/package.sh'
[1.009s] INFO:colcon.colcon_core.shell:Creating package script '/home/iiitd/cf_ws/install/crazyflie_sim/share/crazyflie_sim/package.bash'
[1.009s] INFO:colcon.colcon_core.shell:Creating package script '/home/iiitd/cf_ws/install/crazyflie_sim/share/crazyflie_sim/package.zsh'
[1.009s] Level 1:colcon.colcon_core.environment:create_file_with_runtime_dependencies(/home/iiitd/cf_ws/install/crazyflie_sim/share/colcon-core/packages/crazyflie_sim)
[1.009s] Level 1:colcon.colcon_core.environment:create_environment_scripts_only(crazyflie_sim)
[1.009s] Level 1:colcon.colcon_core.environment:checking '/home/iiitd/cf_ws/install/crazyflie_sim' for CMake module files
[1.010s] Level 1:colcon.colcon_core.environment:checking '/home/iiitd/cf_ws/install/crazyflie_sim' for CMake config files
[1.010s] Level 1:colcon.colcon_core.shell:create_environment_hook('crazyflie_sim', 'cmake_prefix_path')
[1.010s] INFO:colcon.colcon_core.shell:Creating environment hook '/home/iiitd/cf_ws/install/crazyflie_sim/share/crazyflie_sim/hook/cmake_prefix_path.ps1'
[1.010s] INFO:colcon.colcon_core.shell:Creating environment descriptor '/home/iiitd/cf_ws/install/crazyflie_sim/share/crazyflie_sim/hook/cmake_prefix_path.dsv'
[1.010s] INFO:colcon.colcon_core.shell:Creating environment hook '/home/iiitd/cf_ws/install/crazyflie_sim/share/crazyflie_sim/hook/cmake_prefix_path.sh'
[1.010s] Level 1:colcon.colcon_core.environment:checking '/home/iiitd/cf_ws/install/crazyflie_sim/lib'
[1.010s] Level 1:colcon.colcon_core.environment:checking '/home/iiitd/cf_ws/install/crazyflie_sim/bin'
[1.010s] Level 1:colcon.colcon_core.environment:checking '/home/iiitd/cf_ws/install/crazyflie_sim/lib/pkgconfig/crazyflie_sim.pc'
[1.011s] Level 1:colcon.colcon_core.environment:checking '/home/iiitd/cf_ws/install/crazyflie_sim/lib/python3.10/site-packages'
[1.011s] Level 1:colcon.colcon_core.environment:checking '/home/iiitd/cf_ws/install/crazyflie_sim/bin'
[1.011s] INFO:colcon.colcon_core.shell:Creating package script '/home/iiitd/cf_ws/install/crazyflie_sim/share/crazyflie_sim/package.ps1'
[1.011s] INFO:colcon.colcon_core.shell:Creating package descriptor '/home/iiitd/cf_ws/install/crazyflie_sim/share/crazyflie_sim/package.dsv'
[1.011s] INFO:colcon.colcon_core.shell:Creating package script '/home/iiitd/cf_ws/install/crazyflie_sim/share/crazyflie_sim/package.sh'
[1.012s] INFO:colcon.colcon_core.shell:Creating package script '/home/iiitd/cf_ws/install/crazyflie_sim/share/crazyflie_sim/package.bash'
[1.012s] INFO:colcon.colcon_core.shell:Creating package script '/home/iiitd/cf_ws/install/crazyflie_sim/share/crazyflie_sim/package.zsh'
[1.012s] Level 1:colcon.colcon_core.environment:create_file_with_runtime_dependencies(/home/iiitd/cf_ws/install/crazyflie_sim/share/colcon-core/packages/crazyflie_sim)
[1.085s] DEBUG:colcon.colcon_core.task.python.build:Available setuptools commands: bdist_dumb, build_ext, bdist_rpm, alias, install_egg_info, init_catalog, bdist_egg, setopt, build, build_clib, build_py, test, check, egg_info, extract_messages, clean, rotate, install_headers, bdist, build_scripts, compile_catalog, symlink_data, saveopts, sdist, install_lib, bdist_wheel, upload_docs, upload, easy_install, install, register, install_scripts, update_catalog, dist_info, develop, install_data
[1.086s] DEBUG:colcon.colcon_core.task.python.build:Available setuptools commands: bdist_dumb, build_ext, bdist_rpm, alias, install_egg_info, init_catalog, bdist_egg, setopt, build, build_clib, build_py, test, check, egg_info, extract_messages, clean, rotate, install_headers, bdist, build_scripts, compile_catalog, symlink_data, saveopts, sdist, install_lib, bdist_wheel, upload_docs, upload, easy_install, install, register, install_scripts, update_catalog, dist_info, develop, install_data
[1.087s] DEBUG:colcon.colcon_core.task.python.build:Available setuptools commands: bdist_dumb, build_ext, bdist_rpm, alias, install_egg_info, init_catalog, bdist_egg, setopt, build, build_clib, build_py, test, check, egg_info, extract_messages, clean, rotate, install_headers, bdist, build_scripts, compile_catalog, symlink_data, saveopts, sdist, install_lib, bdist_wheel, upload_docs, upload, easy_install, install, register, install_scripts, update_catalog, dist_info, develop, install_data
[1.219s] DEBUG:colcon.colcon_core.task.python.build:Available setuptools 'develop' options: --force-installation-into-system-dir, --install-dir, --help, --no-find-links, --site-dirs, --record, --local-snapshots-ok, --multi-version, --always-unzip, --verbose, --build-directory, --zip-ok, --no-user-cfg, --exclude-scripts, --always-copy, --editable, --prefix, --quiet, --script-dir, --dry-run, --install-layout, --version, --optimize, --upgrade, --find-links, --egg-path, --user, --allow-hosts, --no-deps, --uninstall, --index-url
[1.221s] DEBUG:colcon.colcon_core.event_handler.log_command:Invoking command in '/home/iiitd/cf_ws/build/my_crazyflie': CMAKE_PREFIX_PATH=/home/iiitd/cf_ws/install/crazyflie_interfaces:/home/iiitd/cf_ws/install/crazyflie_sim:/home/iiitd/cf_ws/install/crazyflie_examples:/home/iiitd/cf_ws/install/crazyflie:/home/iiitd/cf_ws/install/crazyflie_description PYTHONPATH=/home/iiitd/cf_ws/build/my_crazyflie/prefix_override:/usr/lib/python3/dist-packages/colcon_core/task/python/colcon_distutils_commands:/home/iiitd/cf_ws/install/my_crazyflie/lib/python3.10/site-packages:${PYTHONPATH} /usr/bin/python3 -W ignore:setup.py install is deprecated -W ignore:easy_install command is deprecated setup.py develop --editable --build-directory /home/iiitd/cf_ws/build/my_crazyflie/build --no-deps symlink_data
[1.231s] DEBUG:colcon.colcon_core.task.python.build:Available setuptools 'develop' options: --force-installation-into-system-dir, --install-dir, --help, --no-find-links, --site-dirs, --record, --local-snapshots-ok, --multi-version, --always-unzip, --verbose, --build-directory, --zip-ok, --no-user-cfg, --exclude-scripts, --always-copy, --editable, --prefix, --quiet, --script-dir, --dry-run, --install-layout, --version, --optimize, --upgrade, --find-links, --egg-path, --user, --allow-hosts, --no-deps, --uninstall, --index-url
[1.232s] DEBUG:colcon.colcon_core.event_handler.log_command:Invoking command in '/home/iiitd/cf_ws/build/crazyflie_server_py': CMAKE_PREFIX_PATH=/home/iiitd/cf_ws/install/crazyflie_interfaces:/home/iiitd/cf_ws/install/crazyflie_sim:/home/iiitd/cf_ws/install/crazyflie_examples:/home/iiitd/cf_ws/install/crazyflie:/home/iiitd/cf_ws/install/crazyflie_description PYTHONPATH=/home/iiitd/cf_ws/build/crazyflie_server_py/prefix_override:/usr/lib/python3/dist-packages/colcon_core/task/python/colcon_distutils_commands:/home/iiitd/cf_ws/install/crazyflie_server_py/lib/python3.10/site-packages:${PYTHONPATH} /usr/bin/python3 -W ignore:setup.py install is deprecated -W ignore:easy_install command is deprecated setup.py develop --editable --build-directory /home/iiitd/cf_ws/build/crazyflie_server_py/build --no-deps symlink_data
[1.236s] DEBUG:colcon.colcon_core.task.python.build:Available setuptools 'develop' options: --force-installation-into-system-dir, --install-dir, --help, --no-find-links, --site-dirs, --record, --local-snapshots-ok, --multi-version, --always-unzip, --verbose, --build-directory, --zip-ok, --no-user-cfg, --exclude-scripts, --always-copy, --editable, --prefix, --quiet, --script-dir, --dry-run, --install-layout, --version, --optimize, --upgrade, --find-links, --egg-path, --user, --allow-hosts, --no-deps, --uninstall, --index-url
[1.237s] DEBUG:colcon.colcon_core.event_handler.log_command:Invoking command in '/home/iiitd/cf_ws/build/crazyflie_py': CMAKE_PREFIX_PATH=/home/iiitd/cf_ws/install/crazyflie_interfaces:/home/iiitd/cf_ws/install/crazyflie_sim:/home/iiitd/cf_ws/install/crazyflie_examples:/home/iiitd/cf_ws/install/crazyflie:/home/iiitd/cf_ws/install/crazyflie_description PYTHONPATH=/home/iiitd/cf_ws/build/crazyflie_py/prefix_override:/usr/lib/python3/dist-packages/colcon_core/task/python/colcon_distutils_commands:/home/iiitd/cf_ws/install/crazyflie_py/lib/python3.10/site-packages:${PYTHONPATH} /usr/bin/python3 -W ignore:setup.py install is deprecated -W ignore:easy_install command is deprecated setup.py develop --editable --build-directory /home/iiitd/cf_ws/build/crazyflie_py/build --no-deps symlink_data
[1.445s] Level 1:colcon.colcon_core.shell:create_environment_hook('my_crazyflie', 'pythonpath_develop')
[1.445s] INFO:colcon.colcon_core.shell:Creating environment hook '/home/iiitd/cf_ws/build/my_crazyflie/share/my_crazyflie/hook/pythonpath_develop.ps1'
[1.445s] DEBUG:colcon.colcon_core.event_handler.log_command:Invoked command in '/home/iiitd/cf_ws/build/my_crazyflie' returned '0': CMAKE_PREFIX_PATH=/home/iiitd/cf_ws/install/crazyflie_interfaces:/home/iiitd/cf_ws/install/crazyflie_sim:/home/iiitd/cf_ws/install/crazyflie_examples:/home/iiitd/cf_ws/install/crazyflie:/home/iiitd/cf_ws/install/crazyflie_description PYTHONPATH=/home/iiitd/cf_ws/build/my_crazyflie/prefix_override:/usr/lib/python3/dist-packages/colcon_core/task/python/colcon_distutils_commands:/home/iiitd/cf_ws/install/my_crazyflie/lib/python3.10/site-packages:${PYTHONPATH} /usr/bin/python3 -W ignore:setup.py install is deprecated -W ignore:easy_install command is deprecated setup.py develop --editable --build-directory /home/iiitd/cf_ws/build/my_crazyflie/build --no-deps symlink_data
[1.446s] INFO:colcon.colcon_core.shell:Creating environment descriptor '/home/iiitd/cf_ws/build/my_crazyflie/share/my_crazyflie/hook/pythonpath_develop.dsv'
[1.447s] INFO:colcon.colcon_core.shell:Creating environment hook '/home/iiitd/cf_ws/build/my_crazyflie/share/my_crazyflie/hook/pythonpath_develop.sh'
[1.447s] Level 1:colcon.colcon_core.environment:checking '/home/iiitd/cf_ws/install/my_crazyflie' for CMake module files
[1.448s] Level 1:colcon.colcon_core.environment:checking '/home/iiitd/cf_ws/install/my_crazyflie' for CMake config files
[1.448s] Level 1:colcon.colcon_core.environment:checking '/home/iiitd/cf_ws/install/my_crazyflie/lib'
[1.448s] Level 1:colcon.colcon_core.environment:checking '/home/iiitd/cf_ws/install/my_crazyflie/bin'
[1.448s] Level 1:colcon.colcon_core.environment:checking '/home/iiitd/cf_ws/install/my_crazyflie/lib/pkgconfig/my_crazyflie.pc'
[1.448s] Level 1:colcon.colcon_core.environment:checking '/home/iiitd/cf_ws/install/my_crazyflie/lib/python3.10/site-packages'
[1.448s] Level 1:colcon.colcon_core.shell:create_environment_hook('my_crazyflie', 'pythonpath')
[1.449s] INFO:colcon.colcon_core.shell:Creating environment hook '/home/iiitd/cf_ws/install/my_crazyflie/share/my_crazyflie/hook/pythonpath.ps1'
[1.449s] INFO:colcon.colcon_core.shell:Creating environment descriptor '/home/iiitd/cf_ws/install/my_crazyflie/share/my_crazyflie/hook/pythonpath.dsv'
[1.449s] INFO:colcon.colcon_core.shell:Creating environment hook '/home/iiitd/cf_ws/install/my_crazyflie/share/my_crazyflie/hook/pythonpath.sh'
[1.449s] Level 1:colcon.colcon_core.environment:checking '/home/iiitd/cf_ws/install/my_crazyflie/bin'
[1.449s] Level 1:colcon.colcon_core.environment:create_environment_scripts_only(my_crazyflie)
[1.450s] INFO:colcon.colcon_core.shell:Creating package script '/home/iiitd/cf_ws/install/my_crazyflie/share/my_crazyflie/package.ps1'
[1.450s] INFO:colcon.colcon_core.shell:Creating package descriptor '/home/iiitd/cf_ws/install/my_crazyflie/share/my_crazyflie/package.dsv'
[1.450s] INFO:colcon.colcon_core.shell:Creating package script '/home/iiitd/cf_ws/install/my_crazyflie/share/my_crazyflie/package.sh'
[1.450s] INFO:colcon.colcon_core.shell:Creating package script '/home/iiitd/cf_ws/install/my_crazyflie/share/my_crazyflie/package.bash'
[1.451s] INFO:colcon.colcon_core.shell:Creating package script '/home/iiitd/cf_ws/install/my_crazyflie/share/my_crazyflie/package.zsh'
[1.451s] Level 1:colcon.colcon_core.environment:create_file_with_runtime_dependencies(/home/iiitd/cf_ws/install/my_crazyflie/share/colcon-core/packages/my_crazyflie)
[1.454s] Level 1:colcon.colcon_core.shell:create_environment_hook('crazyflie_server_py', 'pythonpath_develop')
[1.454s] DEBUG:colcon.colcon_core.event_handler.log_command:Invoked command in '/home/iiitd/cf_ws/build/crazyflie_server_py' returned '0': CMAKE_PREFIX_PATH=/home/iiitd/cf_ws/install/crazyflie_interfaces:/home/iiitd/cf_ws/install/crazyflie_sim:/home/iiitd/cf_ws/install/crazyflie_examples:/home/iiitd/cf_ws/install/crazyflie:/home/iiitd/cf_ws/install/crazyflie_description PYTHONPATH=/home/iiitd/cf_ws/build/crazyflie_server_py/prefix_override:/usr/lib/python3/dist-packages/colcon_core/task/python/colcon_distutils_commands:/home/iiitd/cf_ws/install/crazyflie_server_py/lib/python3.10/site-packages:${PYTHONPATH} /usr/bin/python3 -W ignore:setup.py install is deprecated -W ignore:easy_install command is deprecated setup.py develop --editable --build-directory /home/iiitd/cf_ws/build/crazyflie_server_py/build --no-deps symlink_data
[1.455s] INFO:colcon.colcon_core.shell:Creating environment hook '/home/iiitd/cf_ws/build/crazyflie_server_py/share/crazyflie_server_py/hook/pythonpath_develop.ps1'
[1.455s] INFO:colcon.colcon_core.shell:Creating environment descriptor '/home/iiitd/cf_ws/build/crazyflie_server_py/share/crazyflie_server_py/hook/pythonpath_develop.dsv'
[1.455s] INFO:colcon.colcon_core.shell:Creating environment hook '/home/iiitd/cf_ws/build/crazyflie_server_py/share/crazyflie_server_py/hook/pythonpath_develop.sh'
[1.455s] Level 1:colcon.colcon_core.environment:checking '/home/iiitd/cf_ws/install/crazyflie_server_py' for CMake module files
[1.456s] Level 1:colcon.colcon_core.environment:checking '/home/iiitd/cf_ws/install/crazyflie_server_py' for CMake config files
[1.456s] Level 1:colcon.colcon_core.environment:checking '/home/iiitd/cf_ws/install/crazyflie_server_py/lib'
[1.456s] Level 1:colcon.colcon_core.environment:checking '/home/iiitd/cf_ws/install/crazyflie_server_py/bin'
[1.456s] Level 1:colcon.colcon_core.environment:checking '/home/iiitd/cf_ws/install/crazyflie_server_py/lib/pkgconfig/crazyflie_server_py.pc'
[1.456s] Level 1:colcon.colcon_core.environment:checking '/home/iiitd/cf_ws/install/crazyflie_server_py/lib/python3.10/site-packages'
[1.456s] Level 1:colcon.colcon_core.shell:create_environment_hook('crazyflie_server_py', 'pythonpath')
[1.456s] INFO:colcon.colcon_core.shell:Creating environment hook '/home/iiitd/cf_ws/install/crazyflie_server_py/share/crazyflie_server_py/hook/pythonpath.ps1'
[1.456s] INFO:colcon.colcon_core.shell:Creating environment descriptor '/home/iiitd/cf_ws/install/crazyflie_server_py/share/crazyflie_server_py/hook/pythonpath.dsv'
[1.456s] INFO:colcon.colcon_core.shell:Creating environment hook '/home/iiitd/cf_ws/install/crazyflie_server_py/share/crazyflie_server_py/hook/pythonpath.sh'
[1.457s] Level 1:colcon.colcon_core.environment:checking '/home/iiitd/cf_ws/install/crazyflie_server_py/bin'
[1.457s] Level 1:colcon.colcon_core.environment:create_environment_scripts_only(crazyflie_server_py)
[1.457s] INFO:colcon.colcon_core.shell:Creating package script '/home/iiitd/cf_ws/install/crazyflie_server_py/share/crazyflie_server_py/package.ps1'
[1.457s] INFO:colcon.colcon_core.shell:Creating package descriptor '/home/iiitd/cf_ws/install/crazyflie_server_py/share/crazyflie_server_py/package.dsv'
[1.457s] INFO:colcon.colcon_core.shell:Creating package script '/home/iiitd/cf_ws/install/crazyflie_server_py/share/crazyflie_server_py/package.sh'
[1.458s] INFO:colcon.colcon_core.shell:Creating package script '/home/iiitd/cf_ws/install/crazyflie_server_py/share/crazyflie_server_py/package.bash'
[1.458s] INFO:colcon.colcon_core.shell:Creating package script '/home/iiitd/cf_ws/install/crazyflie_server_py/share/crazyflie_server_py/package.zsh'
[1.458s] Level 1:colcon.colcon_core.environment:create_file_with_runtime_dependencies(/home/iiitd/cf_ws/install/crazyflie_server_py/share/colcon-core/packages/crazyflie_server_py)
[1.460s] Level 1:colcon.colcon_core.shell:create_environment_hook('crazyflie_py', 'pythonpath_develop')
[1.460s] INFO:colcon.colcon_core.shell:Creating environment hook '/home/iiitd/cf_ws/build/crazyflie_py/share/crazyflie_py/hook/pythonpath_develop.ps1'
[1.461s] DEBUG:colcon.colcon_core.event_handler.log_command:Invoked command in '/home/iiitd/cf_ws/build/crazyflie_py' returned '0': CMAKE_PREFIX_PATH=/home/iiitd/cf_ws/install/crazyflie_interfaces:/home/iiitd/cf_ws/install/crazyflie_sim:/home/iiitd/cf_ws/install/crazyflie_examples:/home/iiitd/cf_ws/install/crazyflie:/home/iiitd/cf_ws/install/crazyflie_description PYTHONPATH=/home/iiitd/cf_ws/build/crazyflie_py/prefix_override:/usr/lib/python3/dist-packages/colcon_core/task/python/colcon_distutils_commands:/home/iiitd/cf_ws/install/crazyflie_py/lib/python3.10/site-packages:${PYTHONPATH} /usr/bin/python3 -W ignore:setup.py install is deprecated -W ignore:easy_install command is deprecated setup.py develop --editable --build-directory /home/iiitd/cf_ws/build/crazyflie_py/build --no-deps symlink_data
[1.461s] INFO:colcon.colcon_core.shell:Creating environment descriptor '/home/iiitd/cf_ws/build/crazyflie_py/share/crazyflie_py/hook/pythonpath_develop.dsv'
[1.461s] INFO:colcon.colcon_core.shell:Creating environment hook '/home/iiitd/cf_ws/build/crazyflie_py/share/crazyflie_py/hook/pythonpath_develop.sh'
[1.462s] Level 1:colcon.colcon_core.environment:checking '/home/iiitd/cf_ws/install/crazyflie_py' for CMake module files
[1.462s] Level 1:colcon.colcon_core.environment:checking '/home/iiitd/cf_ws/install/crazyflie_py' for CMake config files
[1.462s] Level 1:colcon.colcon_core.environment:checking '/home/iiitd/cf_ws/install/crazyflie_py/lib'
[1.462s] Level 1:colcon.colcon_core.environment:checking '/home/iiitd/cf_ws/install/crazyflie_py/bin'
[1.462s] Level 1:colcon.colcon_core.environment:checking '/home/iiitd/cf_ws/install/crazyflie_py/lib/pkgconfig/crazyflie_py.pc'
[1.463s] Level 1:colcon.colcon_core.environment:checking '/home/iiitd/cf_ws/install/crazyflie_py/lib/python3.10/site-packages'
[1.463s] Level 1:colcon.colcon_core.shell:create_environment_hook('crazyflie_py', 'pythonpath')
[1.463s] INFO:colcon.colcon_core.shell:Creating environment hook '/home/iiitd/cf_ws/install/crazyflie_py/share/crazyflie_py/hook/pythonpath.ps1'
[1.463s] INFO:colcon.colcon_core.shell:Creating environment descriptor '/home/iiitd/cf_ws/install/crazyflie_py/share/crazyflie_py/hook/pythonpath.dsv'
[1.463s] INFO:colcon.colcon_core.shell:Creating environment hook '/home/iiitd/cf_ws/install/crazyflie_py/share/crazyflie_py/hook/pythonpath.sh'
[1.464s] Level 1:colcon.colcon_core.environment:checking '/home/iiitd/cf_ws/install/crazyflie_py/bin'
[1.464s] Level 1:colcon.colcon_core.environment:create_environment_scripts_only(crazyflie_py)
[1.464s] INFO:colcon.colcon_core.shell:Creating package script '/home/iiitd/cf_ws/install/crazyflie_py/share/crazyflie_py/package.ps1'
[1.465s] INFO:colcon.colcon_core.shell:Creating package descriptor '/home/iiitd/cf_ws/install/crazyflie_py/share/crazyflie_py/package.dsv'
[1.465s] INFO:colcon.colcon_core.shell:Creating package script '/home/iiitd/cf_ws/install/crazyflie_py/share/crazyflie_py/package.sh'
[1.466s] INFO:colcon.colcon_core.shell:Creating package script '/home/iiitd/cf_ws/install/crazyflie_py/share/crazyflie_py/package.bash'
[1.466s] INFO:colcon.colcon_core.shell:Creating package script '/home/iiitd/cf_ws/install/crazyflie_py/share/crazyflie_py/package.zsh'
[1.466s] Level 1:colcon.colcon_core.environment:create_file_with_runtime_dependencies(/home/iiitd/cf_ws/install/crazyflie_py/share/colcon-core/packages/crazyflie_py)
[1.466s] INFO:colcon.colcon_ros.task.ament_cmake.build:Building ROS package in '/home/iiitd/cf_ws/src/crazyswarm2/crazyflie_examples' with build type 'ament_cmake'
[1.467s] INFO:colcon.colcon_cmake.task.cmake.build:Building CMake package in '/home/iiitd/cf_ws/src/crazyswarm2/crazyflie_examples'
[1.467s] INFO:colcon.colcon_core.shell:Skip shell extension 'powershell' for command environment: Not usable outside of PowerShell
[1.467s] DEBUG:colcon.colcon_core.shell:Skip shell extension 'dsv' for command environment
[1.476s] DEBUG:colcon.colcon_core.event_handler.log_command:Invoking command in '/home/iiitd/cf_ws/build/crazyflie_examples': AMENT_PREFIX_PATH=/home/iiitd/cf_ws/install/crazyflie_py:/home/iiitd/cf_ws/install/my_crazyflie:/home/iiitd/cf_ws/install/crazyflie_sim:/home/iiitd/cf_ws/install/crazyflie_server_py:/home/iiitd/cf_ws/install/crazyflie_examples:/home/iiitd/cf_ws/install/crazyflie:/home/iiitd/cf_ws/install/crazyflie_interfaces:/home/iiitd/cf_ws/install/crazyflie_description:/opt/ros/humble CMAKE_PREFIX_PATH=/home/iiitd/cf_ws/install/crazyflie_interfaces:/home/iiitd/cf_ws/install/crazyflie_sim:/home/iiitd/cf_ws/install/crazyflie_examples:/home/iiitd/cf_ws/install/crazyflie:/home/iiitd/cf_ws/install/crazyflie_description:/home/iiitd/cf_ws/install/my_crazyflie:/home/iiitd/cf_ws/install/crazyflie_server_py:/home/iiitd/cf_ws/install/crazyflie_py:/opt/ros/humble PYTHONPATH=/home/iiitd/cf_ws/build/crazyflie_py:/home/iiitd/cf_ws/install/crazyflie_py/lib/python3.10/site-packages:/home/iiitd/cf_ws/build/my_crazyflie:/home/iiitd/cf_ws/install/my_crazyflie/lib/python3.10/site-packages:/home/iiitd/cf_ws/install/crazyflie_sim/local/lib/python3.10/dist-packages:/home/iiitd/cf_ws/build/crazyflie_server_py:/home/iiitd/cf_ws/install/crazyflie_server_py/lib/python3.10/site-packages:/home/iiitd/cf_ws/install/crazyflie_examples/local/lib/python3.10/dist-packages:/home/iiitd/cf_ws/install/crazyflie_interfaces/local/lib/python3.10/dist-packages:/opt/ros/humble/lib/python3.10/site-packages:/opt/ros/humble/local/lib/python3.10/dist-packages /usr/bin/cmake --build /home/iiitd/cf_ws/build/crazyflie_examples -- -j28 -l28
[1.669s] DEBUG:colcon.colcon_core.event_handler.log_command:Invoked command in '/home/iiitd/cf_ws/build/crazyflie_examples' returned '0': AMENT_PREFIX_PATH=/home/iiitd/cf_ws/install/crazyflie_py:/home/iiitd/cf_ws/install/my_crazyflie:/home/iiitd/cf_ws/install/crazyflie_sim:/home/iiitd/cf_ws/install/crazyflie_server_py:/home/iiitd/cf_ws/install/crazyflie_examples:/home/iiitd/cf_ws/install/crazyflie:/home/iiitd/cf_ws/install/crazyflie_interfaces:/home/iiitd/cf_ws/install/crazyflie_description:/opt/ros/humble CMAKE_PREFIX_PATH=/home/iiitd/cf_ws/install/crazyflie_interfaces:/home/iiitd/cf_ws/install/crazyflie_sim:/home/iiitd/cf_ws/install/crazyflie_examples:/home/iiitd/cf_ws/install/crazyflie:/home/iiitd/cf_ws/install/crazyflie_description:/home/iiitd/cf_ws/install/my_crazyflie:/home/iiitd/cf_ws/install/crazyflie_server_py:/home/iiitd/cf_ws/install/crazyflie_py:/opt/ros/humble PYTHONPATH=/home/iiitd/cf_ws/build/crazyflie_py:/home/iiitd/cf_ws/install/crazyflie_py/lib/python3.10/site-packages:/home/iiitd/cf_ws/build/my_crazyflie:/home/iiitd/cf_ws/install/my_crazyflie/lib/python3.10/site-packages:/home/iiitd/cf_ws/install/crazyflie_sim/local/lib/python3.10/dist-packages:/home/iiitd/cf_ws/build/crazyflie_server_py:/home/iiitd/cf_ws/install/crazyflie_server_py/lib/python3.10/site-packages:/home/iiitd/cf_ws/install/crazyflie_examples/local/lib/python3.10/dist-packages:/home/iiitd/cf_ws/install/crazyflie_interfaces/local/lib/python3.10/dist-packages:/opt/ros/humble/lib/python3.10/site-packages:/opt/ros/humble/local/lib/python3.10/dist-packages /usr/bin/cmake --build /home/iiitd/cf_ws/build/crazyflie_examples -- -j28 -l28
[1.669s] DEBUG:colcon.colcon_core.event_handler.log_command:Invoking command in '/home/iiitd/cf_ws/build/crazyflie_examples': AMENT_PREFIX_PATH=/home/iiitd/cf_ws/install/crazyflie_py:/home/iiitd/cf_ws/install/my_crazyflie:/home/iiitd/cf_ws/install/crazyflie_sim:/home/iiitd/cf_ws/install/crazyflie_server_py:/home/iiitd/cf_ws/install/crazyflie_examples:/home/iiitd/cf_ws/install/crazyflie:/home/iiitd/cf_ws/install/crazyflie_interfaces:/home/iiitd/cf_ws/install/crazyflie_description:/opt/ros/humble CMAKE_PREFIX_PATH=/home/iiitd/cf_ws/install/crazyflie_interfaces:/home/iiitd/cf_ws/install/crazyflie_sim:/home/iiitd/cf_ws/install/crazyflie_examples:/home/iiitd/cf_ws/install/crazyflie:/home/iiitd/cf_ws/install/crazyflie_description:/home/iiitd/cf_ws/install/my_crazyflie:/home/iiitd/cf_ws/install/crazyflie_server_py:/home/iiitd/cf_ws/install/crazyflie_py:/opt/ros/humble PYTHONPATH=/home/iiitd/cf_ws/build/crazyflie_py:/home/iiitd/cf_ws/install/crazyflie_py/lib/python3.10/site-packages:/home/iiitd/cf_ws/build/my_crazyflie:/home/iiitd/cf_ws/install/my_crazyflie/lib/python3.10/site-packages:/home/iiitd/cf_ws/install/crazyflie_sim/local/lib/python3.10/dist-packages:/home/iiitd/cf_ws/build/crazyflie_server_py:/home/iiitd/cf_ws/install/crazyflie_server_py/lib/python3.10/site-packages:/home/iiitd/cf_ws/install/crazyflie_examples/local/lib/python3.10/dist-packages:/home/iiitd/cf_ws/install/crazyflie_interfaces/local/lib/python3.10/dist-packages:/opt/ros/humble/lib/python3.10/site-packages:/opt/ros/humble/local/lib/python3.10/dist-packages /usr/bin/cmake --install /home/iiitd/cf_ws/build/crazyflie_examples
[1.704s] Level 1:colcon.colcon_core.environment:create_environment_scripts_only(crazyflie_examples)
[1.704s] DEBUG:colcon.colcon_core.event_handler.log_command:Invoked command in '/home/iiitd/cf_ws/build/crazyflie_examples' returned '0': AMENT_PREFIX_PATH=/home/iiitd/cf_ws/install/crazyflie_py:/home/iiitd/cf_ws/install/my_crazyflie:/home/iiitd/cf_ws/install/crazyflie_sim:/home/iiitd/cf_ws/install/crazyflie_server_py:/home/iiitd/cf_ws/install/crazyflie_examples:/home/iiitd/cf_ws/install/crazyflie:/home/iiitd/cf_ws/install/crazyflie_interfaces:/home/iiitd/cf_ws/install/crazyflie_description:/opt/ros/humble CMAKE_PREFIX_PATH=/home/iiitd/cf_ws/install/crazyflie_interfaces:/home/iiitd/cf_ws/install/crazyflie_sim:/home/iiitd/cf_ws/install/crazyflie_examples:/home/iiitd/cf_ws/install/crazyflie:/home/iiitd/cf_ws/install/crazyflie_description:/home/iiitd/cf_ws/install/my_crazyflie:/home/iiitd/cf_ws/install/crazyflie_server_py:/home/iiitd/cf_ws/install/crazyflie_py:/opt/ros/humble PYTHONPATH=/home/iiitd/cf_ws/build/crazyflie_py:/home/iiitd/cf_ws/install/crazyflie_py/lib/python3.10/site-packages:/home/iiitd/cf_ws/build/my_crazyflie:/home/iiitd/cf_ws/install/my_crazyflie/lib/python3.10/site-packages:/home/iiitd/cf_ws/install/crazyflie_sim/local/lib/python3.10/dist-packages:/home/iiitd/cf_ws/build/crazyflie_server_py:/home/iiitd/cf_ws/install/crazyflie_server_py/lib/python3.10/site-packages:/home/iiitd/cf_ws/install/crazyflie_examples/local/lib/python3.10/dist-packages:/home/iiitd/cf_ws/install/crazyflie_interfaces/local/lib/python3.10/dist-packages:/opt/ros/humble/lib/python3.10/site-packages:/opt/ros/humble/local/lib/python3.10/dist-packages /usr/bin/cmake --install /home/iiitd/cf_ws/build/crazyflie_examples
[1.704s] Level 1:colcon.colcon_core.environment:checking '/home/iiitd/cf_ws/install/crazyflie_examples' for CMake module files
[1.705s] Level 1:colcon.colcon_core.environment:checking '/home/iiitd/cf_ws/install/crazyflie_examples' for CMake config files
[1.705s] Level 1:colcon.colcon_core.shell:create_environment_hook('crazyflie_examples', 'cmake_prefix_path')
[1.705s] INFO:colcon.colcon_core.shell:Creating environment hook '/home/iiitd/cf_ws/install/crazyflie_examples/share/crazyflie_examples/hook/cmake_prefix_path.ps1'
[1.706s] INFO:colcon.colcon_core.shell:Creating environment descriptor '/home/iiitd/cf_ws/install/crazyflie_examples/share/crazyflie_examples/hook/cmake_prefix_path.dsv'
[1.706s] INFO:colcon.colcon_core.shell:Creating environment hook '/home/iiitd/cf_ws/install/crazyflie_examples/share/crazyflie_examples/hook/cmake_prefix_path.sh'
[1.706s] Level 1:colcon.colcon_core.environment:checking '/home/iiitd/cf_ws/install/crazyflie_examples/lib'
[1.707s] Level 1:colcon.colcon_core.environment:checking '/home/iiitd/cf_ws/install/crazyflie_examples/bin'
[1.707s] Level 1:colcon.colcon_core.environment:checking '/home/iiitd/cf_ws/install/crazyflie_examples/lib/pkgconfig/crazyflie_examples.pc'
[1.707s] Level 1:colcon.colcon_core.environment:checking '/home/iiitd/cf_ws/install/crazyflie_examples/lib/python3.10/site-packages'
[1.707s] Level 1:colcon.colcon_core.environment:checking '/home/iiitd/cf_ws/install/crazyflie_examples/bin'
[1.707s] INFO:colcon.colcon_core.shell:Creating package script '/home/iiitd/cf_ws/install/crazyflie_examples/share/crazyflie_examples/package.ps1'
[1.708s] INFO:colcon.colcon_core.shell:Creating package descriptor '/home/iiitd/cf_ws/install/crazyflie_examples/share/crazyflie_examples/package.dsv'
[1.708s] INFO:colcon.colcon_core.shell:Creating package script '/home/iiitd/cf_ws/install/crazyflie_examples/share/crazyflie_examples/package.sh'
[1.708s] INFO:colcon.colcon_core.shell:Creating package script '/home/iiitd/cf_ws/install/crazyflie_examples/share/crazyflie_examples/package.bash'
[1.708s] INFO:colcon.colcon_core.shell:Creating package script '/home/iiitd/cf_ws/install/crazyflie_examples/share/crazyflie_examples/package.zsh'
[1.708s] Level 1:colcon.colcon_core.environment:create_file_with_runtime_dependencies(/home/iiitd/cf_ws/install/crazyflie_examples/share/colcon-core/packages/crazyflie_examples)
[1.709s] Level 1:colcon.colcon_core.environment:create_environment_scripts_only(crazyflie_examples)
[1.709s] Level 1:colcon.colcon_core.environment:checking '/home/iiitd/cf_ws/install/crazyflie_examples' for CMake module files
[1.709s] Level 1:colcon.colcon_core.environment:checking '/home/iiitd/cf_ws/install/crazyflie_examples' for CMake config files
[1.709s] Level 1:colcon.colcon_core.shell:create_environment_hook('crazyflie_examples', 'cmake_prefix_path')
[1.709s] INFO:colcon.colcon_core.shell:Creating environment hook '/home/iiitd/cf_ws/install/crazyflie_examples/share/crazyflie_examples/hook/cmake_prefix_path.ps1'
[1.709s] INFO:colcon.colcon_core.shell:Creating environment descriptor '/home/iiitd/cf_ws/install/crazyflie_examples/share/crazyflie_examples/hook/cmake_prefix_path.dsv'
[1.710s] INFO:colcon.colcon_core.shell:Creating environment hook '/home/iiitd/cf_ws/install/crazyflie_examples/share/crazyflie_examples/hook/cmake_prefix_path.sh'
[1.710s] Level 1:colcon.colcon_core.environment:checking '/home/iiitd/cf_ws/install/crazyflie_examples/lib'
[1.710s] Level 1:colcon.colcon_core.environment:checking '/home/iiitd/cf_ws/install/crazyflie_examples/bin'
[1.710s] Level 1:colcon.colcon_core.environment:checking '/home/iiitd/cf_ws/install/crazyflie_examples/lib/pkgconfig/crazyflie_examples.pc'
[1.710s] Level 1:colcon.colcon_core.environment:checking '/home/iiitd/cf_ws/install/crazyflie_examples/lib/python3.10/site-packages'
[1.710s] Level 1:colcon.colcon_core.environment:checking '/home/iiitd/cf_ws/install/crazyflie_examples/bin'
[1.710s] INFO:colcon.colcon_core.shell:Creating package script '/home/iiitd/cf_ws/install/crazyflie_examples/share/crazyflie_examples/package.ps1'
[1.710s] INFO:colcon.colcon_core.shell:Creating package descriptor '/home/iiitd/cf_ws/install/crazyflie_examples/share/crazyflie_examples/package.dsv'
[1.711s] INFO:colcon.colcon_core.shell:Creating package script '/home/iiitd/cf_ws/install/crazyflie_examples/share/crazyflie_examples/package.sh'
[1.711s] INFO:colcon.colcon_core.shell:Creating package script '/home/iiitd/cf_ws/install/crazyflie_examples/share/crazyflie_examples/package.bash'
[1.711s] INFO:colcon.colcon_core.shell:Creating package script '/home/iiitd/cf_ws/install/crazyflie_examples/share/crazyflie_examples/package.zsh'
[1.711s] Level 1:colcon.colcon_core.environment:create_file_with_runtime_dependencies(/home/iiitd/cf_ws/install/crazyflie_examples/share/colcon-core/packages/crazyflie_examples)
[1.711s] DEBUG:colcon.colcon_parallel_executor.executor.parallel:closing loop
[1.711s] DEBUG:colcon.colcon_parallel_executor.executor.parallel:loop closed
[1.711s] DEBUG:colcon.colcon_parallel_executor.executor.parallel:run_until_complete finished with '0'
[1.711s] DEBUG:colcon.colcon_core.event_reactor:joining thread
[1.714s] INFO:colcon.colcon_core.plugin_system:Skipping extension 'colcon_notification.desktop_notification.terminal_notifier': Not used on non-Darwin systems
[1.714s] INFO:colcon.colcon_core.plugin_system:Skipping extension 'colcon_notification.desktop_notification.win32': Not used on non-Windows systems
[1.714s] INFO:colcon.colcon_notification.desktop_notification:Sending desktop notification using 'notify2'
[1.722s] DEBUG:colcon.colcon_core.event_reactor:joined thread
[1.722s] INFO:colcon.colcon_core.shell:Creating prefix script '/home/iiitd/cf_ws/install/local_setup.ps1'
[1.723s] INFO:colcon.colcon_core.shell:Creating prefix util module '/home/iiitd/cf_ws/install/_local_setup_util_ps1.py'
[1.723s] INFO:colcon.colcon_core.shell:Creating prefix chain script '/home/iiitd/cf_ws/install/setup.ps1'
[1.724s] INFO:colcon.colcon_core.shell:Creating prefix script '/home/iiitd/cf_ws/install/local_setup.sh'
[1.724s] INFO:colcon.colcon_core.shell:Creating prefix util module '/home/iiitd/cf_ws/install/_local_setup_util_sh.py'
[1.725s] INFO:colcon.colcon_core.shell:Creating prefix chain script '/home/iiitd/cf_ws/install/setup.sh'
[1.725s] INFO:colcon.colcon_core.shell:Creating prefix script '/home/iiitd/cf_ws/install/local_setup.bash'
[1.725s] INFO:colcon.colcon_core.shell:Creating prefix chain script '/home/iiitd/cf_ws/install/setup.bash'
[1.726s] INFO:colcon.colcon_core.shell:Creating prefix script '/home/iiitd/cf_ws/install/local_setup.zsh'
[1.726s] INFO:colcon.colcon_core.shell:Creating prefix chain script '/home/iiitd/cf_ws/install/setup.zsh'
