[0.063s] DEBUG:colcon:Command line arguments: ['/usr/bin/colcon', 'build', '--symlink-install']
[0.063s] DEBUG:colcon:Parsed command line arguments: Namespace(log_base=None, log_level=None, verb_name='build', build_base='build', install_base='install', merge_install=False, symlink_install=True, test_result_base=None, continue_on_error=False, executor='parallel', parallel_workers=28, event_handlers=None, ignore_user_meta=False, metas=['./colcon.meta'], base_paths=['.'], packages_ignore=None, packages_ignore_regex=None, paths=None, packages_up_to=None, packages_up_to_regex=None, packages_above=None, packages_above_and_dependencies=None, packages_above_depth=None, packages_select_by_dep=None, packages_skip_by_dep=None, packages_skip_up_to=None, packages_select_build_failed=False, packages_skip_build_finished=False, packages_select_test_failures=False, packages_skip_test_passed=False, packages_select=None, packages_skip=None, packages_select_regex=None, packages_skip_regex=None, packages_start=None, packages_end=None, allow_overriding=[], cmake_args=None, cmake_target=None, cmake_target_skip_unavailable=False, cmake_clean_cache=False, cmake_clean_first=False, cmake_force_configure=False, ament_cmake_args=None, catkin_cmake_args=None, catkin_skip_building_tests=False, verb_parser=<colcon_defaults.argument_parser.defaults.DefaultArgumentsDecorator object at 0x7d85f7053d00>, verb_extension=<colcon_core.verb.build.BuildVerb object at 0x7d85f7009330>, main=<bound method BuildVerb.main of <colcon_core.verb.build.BuildVerb object at 0x7d85f7009330>>)
[0.196s] Level 1:colcon.colcon_core.package_discovery:discover_packages(colcon_meta) check parameters
[0.196s] Level 1:colcon.colcon_core.package_discovery:discover_packages(recursive) check parameters
[0.196s] Level 1:colcon.colcon_core.package_discovery:discover_packages(ignore) check parameters
[0.196s] Level 1:colcon.colcon_core.package_discovery:discover_packages(path) check parameters
[0.196s] Level 1:colcon.colcon_core.package_discovery:discover_packages(colcon_meta) discover
[0.196s] Level 1:colcon.colcon_core.package_discovery:discover_packages(recursive) discover
[0.196s] INFO:colcon.colcon_core.package_discovery:Crawling recursively for packages in '/home/iiitd/cf_ws'
[0.196s] Level 1:colcon.colcon_core.package_identification:_identify(.) by extensions ['ignore', 'ignore_ament_install']
[0.196s] Level 1:colcon.colcon_core.package_identification:_identify(.) by extension 'ignore'
[0.197s] Level 1:colcon.colcon_core.package_identification:_identify(.) by extension 'ignore_ament_install'
[0.197s] Level 1:colcon.colcon_core.package_identification:_identify(.) by extensions ['colcon_pkg']
[0.197s] Level 1:colcon.colcon_core.package_identification:_identify(.) by extension 'colcon_pkg'
[0.197s] Level 1:colcon.colcon_core.package_identification:_identify(.) by extensions ['colcon_meta']
[0.197s] Level 1:colcon.colcon_core.package_identification:_identify(.) by extension 'colcon_meta'
[0.197s] Level 1:colcon.colcon_core.package_identification:_identify(.) by extensions ['ros']
[0.197s] Level 1:colcon.colcon_core.package_identification:_identify(.) by extension 'ros'
[0.203s] Level 1:colcon.colcon_core.package_identification:_identify(.) by extensions ['cmake', 'python']
[0.203s] Level 1:colcon.colcon_core.package_identification:_identify(.) by extension 'cmake'
[0.203s] Level 1:colcon.colcon_core.package_identification:_identify(.) by extension 'python'
[0.203s] Level 1:colcon.colcon_core.package_identification:_identify(.) by extensions ['python_setup_py']
[0.203s] Level 1:colcon.colcon_core.package_identification:_identify(.) by extension 'python_setup_py'
[0.203s] Level 1:colcon.colcon_core.package_identification:_identify(Documentation) by extensions ['ignore', 'ignore_ament_install']
[0.203s] Level 1:colcon.colcon_core.package_identification:_identify(Documentation) by extension 'ignore'
[0.203s] Level 1:colcon.colcon_core.package_identification:_identify(Documentation) by extension 'ignore_ament_install'
[0.203s] Level 1:colcon.colcon_core.package_identification:_identify(Documentation) by extensions ['colcon_pkg']
[0.203s] Level 1:colcon.colcon_core.package_identification:_identify(Documentation) by extension 'colcon_pkg'
[0.203s] Level 1:colcon.colcon_core.package_identification:_identify(Documentation) by extensions ['colcon_meta']
[0.203s] Level 1:colcon.colcon_core.package_identification:_identify(Documentation) by extension 'colcon_meta'
[0.203s] Level 1:colcon.colcon_core.package_identification:_identify(Documentation) by extensions ['ros']
[0.203s] Level 1:colcon.colcon_core.package_identification:_identify(Documentation) by extension 'ros'
[0.203s] Level 1:colcon.colcon_core.package_identification:_identify(Documentation) by extensions ['cmake', 'python']
[0.203s] Level 1:colcon.colcon_core.package_identification:_identify(Documentation) by extension 'cmake'
[0.203s] Level 1:colcon.colcon_core.package_identification:_identify(Documentation) by extension 'python'
[0.203s] Level 1:colcon.colcon_core.package_identification:_identify(Documentation) by extensions ['python_setup_py']
[0.203s] Level 1:colcon.colcon_core.package_identification:_identify(Documentation) by extension 'python_setup_py'
[0.203s] Level 1:colcon.colcon_core.package_identification:_identify(build) by extensions ['ignore', 'ignore_ament_install']
[0.204s] Level 1:colcon.colcon_core.package_identification:_identify(build) by extension 'ignore'
[0.204s] Level 1:colcon.colcon_core.package_identification:_identify(build) ignored
[0.204s] Level 1:colcon.colcon_core.package_identification:_identify(install) by extensions ['ignore', 'ignore_ament_install']
[0.204s] Level 1:colcon.colcon_core.package_identification:_identify(install) by extension 'ignore'
[0.204s] Level 1:colcon.colcon_core.package_identification:_identify(install) ignored
[0.204s] Level 1:colcon.colcon_core.package_identification:_identify(log) by extensions ['ignore', 'ignore_ament_install']
[0.204s] Level 1:colcon.colcon_core.package_identification:_identify(log) by extension 'ignore'
[0.204s] Level 1:colcon.colcon_core.package_identification:_identify(log) ignored
[0.204s] Level 1:colcon.colcon_core.package_identification:_identify(src) by extensions ['ignore', 'ignore_ament_install']
[0.204s] Level 1:colcon.colcon_core.package_identification:_identify(src) by extension 'ignore'
[0.204s] Level 1:colcon.colcon_core.package_identification:_identify(src) by extension 'ignore_ament_install'
[0.204s] Level 1:colcon.colcon_core.package_identification:_identify(src) by extensions ['colcon_pkg']
[0.204s] Level 1:colcon.colcon_core.package_identification:_identify(src) by extension 'colcon_pkg'
[0.204s] Level 1:colcon.colcon_core.package_identification:_identify(src) by extensions ['colcon_meta']
[0.204s] Level 1:colcon.colcon_core.package_identification:_identify(src) by extension 'colcon_meta'
[0.204s] Level 1:colcon.colcon_core.package_identification:_identify(src) by extensions ['ros']
[0.204s] Level 1:colcon.colcon_core.package_identification:_identify(src) by extension 'ros'
[0.204s] Level 1:colcon.colcon_core.package_identification:_identify(src) by extensions ['cmake', 'python']
[0.204s] Level 1:colcon.colcon_core.package_identification:_identify(src) by extension 'cmake'
[0.204s] Level 1:colcon.colcon_core.package_identification:_identify(src) by extension 'python'
[0.204s] Level 1:colcon.colcon_core.package_identification:_identify(src) by extensions ['python_setup_py']
[0.204s] Level 1:colcon.colcon_core.package_identification:_identify(src) by extension 'python_setup_py'
[0.204s] Level 1:colcon.colcon_core.package_identification:_identify(src/crazyswarm2) by extensions ['ignore', 'ignore_ament_install']
[0.204s] Level 1:colcon.colcon_core.package_identification:_identify(src/crazyswarm2) by extension 'ignore'
[0.204s] Level 1:colcon.colcon_core.package_identification:_identify(src/crazyswarm2) by extension 'ignore_ament_install'
[0.204s] Level 1:colcon.colcon_core.package_identification:_identify(src/crazyswarm2) by extensions ['colcon_pkg']
[0.204s] Level 1:colcon.colcon_core.package_identification:_identify(src/crazyswarm2) by extension 'colcon_pkg'
[0.204s] Level 1:colcon.colcon_core.package_identification:_identify(src/crazyswarm2) by extensions ['colcon_meta']
[0.204s] Level 1:colcon.colcon_core.package_identification:_identify(src/crazyswarm2) by extension 'colcon_meta'
[0.204s] Level 1:colcon.colcon_core.package_identification:_identify(src/crazyswarm2) by extensions ['ros']
[0.204s] Level 1:colcon.colcon_core.package_identification:_identify(src/crazyswarm2) by extension 'ros'
[0.204s] Level 1:colcon.colcon_core.package_identification:_identify(src/crazyswarm2) by extensions ['cmake', 'python']
[0.204s] Level 1:colcon.colcon_core.package_identification:_identify(src/crazyswarm2) by extension 'cmake'
[0.204s] Level 1:colcon.colcon_core.package_identification:_identify(src/crazyswarm2) by extension 'python'
[0.204s] Level 1:colcon.colcon_core.package_identification:_identify(src/crazyswarm2) by extensions ['python_setup_py']
[0.204s] Level 1:colcon.colcon_core.package_identification:_identify(src/crazyswarm2) by extension 'python_setup_py'
[0.204s] Level 1:colcon.colcon_core.package_identification:_identify(src/crazyswarm2/crazyflie) by extensions ['ignore', 'ignore_ament_install']
[0.204s] Level 1:colcon.colcon_core.package_identification:_identify(src/crazyswarm2/crazyflie) by extension 'ignore'
[0.204s] Level 1:colcon.colcon_core.package_identification:_identify(src/crazyswarm2/crazyflie) by extension 'ignore_ament_install'
[0.204s] Level 1:colcon.colcon_core.package_identification:_identify(src/crazyswarm2/crazyflie) by extensions ['colcon_pkg']
[0.204s] Level 1:colcon.colcon_core.package_identification:_identify(src/crazyswarm2/crazyflie) by extension 'colcon_pkg'
[0.204s] Level 1:colcon.colcon_core.package_identification:_identify(src/crazyswarm2/crazyflie) by extensions ['colcon_meta']
[0.204s] Level 1:colcon.colcon_core.package_identification:_identify(src/crazyswarm2/crazyflie) by extension 'colcon_meta'
[0.204s] Level 1:colcon.colcon_core.package_identification:_identify(src/crazyswarm2/crazyflie) by extensions ['ros']
[0.204s] Level 1:colcon.colcon_core.package_identification:_identify(src/crazyswarm2/crazyflie) by extension 'ros'
[0.207s] DEBUG:colcon.colcon_core.package_identification:Package 'src/crazyswarm2/crazyflie' with type 'ros.ament_cmake' and name 'crazyflie'
[0.207s] Level 1:colcon.colcon_core.package_identification:_identify(src/crazyswarm2/crazyflie_description) by extensions ['ignore', 'ignore_ament_install']
[0.207s] Level 1:colcon.colcon_core.package_identification:_identify(src/crazyswarm2/crazyflie_description) by extension 'ignore'
[0.207s] Level 1:colcon.colcon_core.package_identification:_identify(src/crazyswarm2/crazyflie_description) by extension 'ignore_ament_install'
[0.207s] Level 1:colcon.colcon_core.package_identification:_identify(src/crazyswarm2/crazyflie_description) by extensions ['colcon_pkg']
[0.207s] Level 1:colcon.colcon_core.package_identification:_identify(src/crazyswarm2/crazyflie_description) by extension 'colcon_pkg'
[0.207s] Level 1:colcon.colcon_core.package_identification:_identify(src/crazyswarm2/crazyflie_description) by extensions ['colcon_meta']
[0.207s] Level 1:colcon.colcon_core.package_identification:_identify(src/crazyswarm2/crazyflie_description) by extension 'colcon_meta'
[0.207s] Level 1:colcon.colcon_core.package_identification:_identify(src/crazyswarm2/crazyflie_description) by extensions ['ros']
[0.207s] Level 1:colcon.colcon_core.package_identification:_identify(src/crazyswarm2/crazyflie_description) by extension 'ros'
[0.207s] DEBUG:colcon.colcon_core.package_identification:Package 'src/crazyswarm2/crazyflie_description' with type 'ros.ament_cmake' and name 'crazyflie_description'
[0.207s] Level 1:colcon.colcon_core.package_identification:_identify(src/crazyswarm2/crazyflie_examples) by extensions ['ignore', 'ignore_ament_install']
[0.207s] Level 1:colcon.colcon_core.package_identification:_identify(src/crazyswarm2/crazyflie_examples) by extension 'ignore'
[0.207s] Level 1:colcon.colcon_core.package_identification:_identify(src/crazyswarm2/crazyflie_examples) by extension 'ignore_ament_install'
[0.208s] Level 1:colcon.colcon_core.package_identification:_identify(src/crazyswarm2/crazyflie_examples) by extensions ['colcon_pkg']
[0.208s] Level 1:colcon.colcon_core.package_identification:_identify(src/crazyswarm2/crazyflie_examples) by extension 'colcon_pkg'
[0.208s] Level 1:colcon.colcon_core.package_identification:_identify(src/crazyswarm2/crazyflie_examples) by extensions ['colcon_meta']
[0.208s] Level 1:colcon.colcon_core.package_identification:_identify(src/crazyswarm2/crazyflie_examples) by extension 'colcon_meta'
[0.208s] Level 1:colcon.colcon_core.package_identification:_identify(src/crazyswarm2/crazyflie_examples) by extensions ['ros']
[0.208s] Level 1:colcon.colcon_core.package_identification:_identify(src/crazyswarm2/crazyflie_examples) by extension 'ros'
[0.212s] DEBUG:colcon.colcon_core.package_identification:Package 'src/crazyswarm2/crazyflie_examples' with type 'ros.ament_cmake' and name 'crazyflie_examples'
[0.213s] Level 1:colcon.colcon_core.package_identification:_identify(src/crazyswarm2/crazyflie_interfaces) by extensions ['ignore', 'ignore_ament_install']
[0.213s] Level 1:colcon.colcon_core.package_identification:_identify(src/crazyswarm2/crazyflie_interfaces) by extension 'ignore'
[0.213s] Level 1:colcon.colcon_core.package_identification:_identify(src/crazyswarm2/crazyflie_interfaces) by extension 'ignore_ament_install'
[0.213s] Level 1:colcon.colcon_core.package_identification:_identify(src/crazyswarm2/crazyflie_interfaces) by extensions ['colcon_pkg']
[0.213s] Level 1:colcon.colcon_core.package_identification:_identify(src/crazyswarm2/crazyflie_interfaces) by extension 'colcon_pkg'
[0.213s] Level 1:colcon.colcon_core.package_identification:_identify(src/crazyswarm2/crazyflie_interfaces) by extensions ['colcon_meta']
[0.213s] Level 1:colcon.colcon_core.package_identification:_identify(src/crazyswarm2/crazyflie_interfaces) by extension 'colcon_meta'
[0.213s] Level 1:colcon.colcon_core.package_identification:_identify(src/crazyswarm2/crazyflie_interfaces) by extensions ['ros']
[0.213s] Level 1:colcon.colcon_core.package_identification:_identify(src/crazyswarm2/crazyflie_interfaces) by extension 'ros'
[0.213s] DEBUG:colcon.colcon_core.package_identification:Package 'src/crazyswarm2/crazyflie_interfaces' with type 'ros.ament_cmake' and name 'crazyflie_interfaces'
[0.213s] Level 1:colcon.colcon_core.package_identification:_identify(src/crazyswarm2/crazyflie_py) by extensions ['ignore', 'ignore_ament_install']
[0.213s] Level 1:colcon.colcon_core.package_identification:_identify(src/crazyswarm2/crazyflie_py) by extension 'ignore'
[0.213s] Level 1:colcon.colcon_core.package_identification:_identify(src/crazyswarm2/crazyflie_py) by extension 'ignore_ament_install'
[0.213s] Level 1:colcon.colcon_core.package_identification:_identify(src/crazyswarm2/crazyflie_py) by extensions ['colcon_pkg']
[0.213s] Level 1:colcon.colcon_core.package_identification:_identify(src/crazyswarm2/crazyflie_py) by extension 'colcon_pkg'
[0.214s] Level 1:colcon.colcon_core.package_identification:_identify(src/crazyswarm2/crazyflie_py) by extensions ['colcon_meta']
[0.214s] Level 1:colcon.colcon_core.package_identification:_identify(src/crazyswarm2/crazyflie_py) by extension 'colcon_meta'
[0.214s] Level 1:colcon.colcon_core.package_identification:_identify(src/crazyswarm2/crazyflie_py) by extensions ['ros']
[0.214s] Level 1:colcon.colcon_core.package_identification:_identify(src/crazyswarm2/crazyflie_py) by extension 'ros'
[0.214s] DEBUG:colcon.colcon_core.package_identification:Package 'src/crazyswarm2/crazyflie_py' with type 'ros.ament_python' and name 'crazyflie_py'
[0.214s] Level 1:colcon.colcon_core.package_identification:_identify(src/crazyswarm2/crazyflie_server_py) by extensions ['ignore', 'ignore_ament_install']
[0.214s] Level 1:colcon.colcon_core.package_identification:_identify(src/crazyswarm2/crazyflie_server_py) by extension 'ignore'
[0.214s] Level 1:colcon.colcon_core.package_identification:_identify(src/crazyswarm2/crazyflie_server_py) by extension 'ignore_ament_install'
[0.214s] Level 1:colcon.colcon_core.package_identification:_identify(src/crazyswarm2/crazyflie_server_py) by extensions ['colcon_pkg']
[0.214s] Level 1:colcon.colcon_core.package_identification:_identify(src/crazyswarm2/crazyflie_server_py) by extension 'colcon_pkg'
[0.214s] Level 1:colcon.colcon_core.package_identification:_identify(src/crazyswarm2/crazyflie_server_py) by extensions ['colcon_meta']
[0.214s] Level 1:colcon.colcon_core.package_identification:_identify(src/crazyswarm2/crazyflie_server_py) by extension 'colcon_meta'
[0.214s] Level 1:colcon.colcon_core.package_identification:_identify(src/crazyswarm2/crazyflie_server_py) by extensions ['ros']
[0.214s] Level 1:colcon.colcon_core.package_identification:_identify(src/crazyswarm2/crazyflie_server_py) by extension 'ros'
[0.215s] DEBUG:colcon.colcon_core.package_identification:Package 'src/crazyswarm2/crazyflie_server_py' with type 'ros.ament_python' and name 'crazyflie_server_py'
[0.215s] Level 1:colcon.colcon_core.package_identification:_identify(src/crazyswarm2/crazyflie_sim) by extensions ['ignore', 'ignore_ament_install']
[0.215s] Level 1:colcon.colcon_core.package_identification:_identify(src/crazyswarm2/crazyflie_sim) by extension 'ignore'
[0.215s] Level 1:colcon.colcon_core.package_identification:_identify(src/crazyswarm2/crazyflie_sim) by extension 'ignore_ament_install'
[0.215s] Level 1:colcon.colcon_core.package_identification:_identify(src/crazyswarm2/crazyflie_sim) by extensions ['colcon_pkg']
[0.215s] Level 1:colcon.colcon_core.package_identification:_identify(src/crazyswarm2/crazyflie_sim) by extension 'colcon_pkg'
[0.215s] Level 1:colcon.colcon_core.package_identification:_identify(src/crazyswarm2/crazyflie_sim) by extensions ['colcon_meta']
[0.215s] Level 1:colcon.colcon_core.package_identification:_identify(src/crazyswarm2/crazyflie_sim) by extension 'colcon_meta'
[0.215s] Level 1:colcon.colcon_core.package_identification:_identify(src/crazyswarm2/crazyflie_sim) by extensions ['ros']
[0.215s] Level 1:colcon.colcon_core.package_identification:_identify(src/crazyswarm2/crazyflie_sim) by extension 'ros'
[0.216s] DEBUG:colcon.colcon_core.package_identification:Package 'src/crazyswarm2/crazyflie_sim' with type 'ros.ament_cmake' and name 'crazyflie_sim'
[0.216s] Level 1:colcon.colcon_core.package_identification:_identify(src/crazyswarm2/docs) by extensions ['ignore', 'ignore_ament_install']
[0.216s] Level 1:colcon.colcon_core.package_identification:_identify(src/crazyswarm2/docs) by extension 'ignore'
[0.216s] Level 1:colcon.colcon_core.package_identification:_identify(src/crazyswarm2/docs) by extension 'ignore_ament_install'
[0.216s] Level 1:colcon.colcon_core.package_identification:_identify(src/crazyswarm2/docs) by extensions ['colcon_pkg']
[0.216s] Level 1:colcon.colcon_core.package_identification:_identify(src/crazyswarm2/docs) by extension 'colcon_pkg'
[0.216s] Level 1:colcon.colcon_core.package_identification:_identify(src/crazyswarm2/docs) by extensions ['colcon_meta']
[0.216s] Level 1:colcon.colcon_core.package_identification:_identify(src/crazyswarm2/docs) by extension 'colcon_meta'
[0.216s] Level 1:colcon.colcon_core.package_identification:_identify(src/crazyswarm2/docs) by extensions ['ros']
[0.216s] Level 1:colcon.colcon_core.package_identification:_identify(src/crazyswarm2/docs) by extension 'ros'
[0.216s] Level 1:colcon.colcon_core.package_identification:_identify(src/crazyswarm2/docs) by extensions ['cmake', 'python']
[0.216s] Level 1:colcon.colcon_core.package_identification:_identify(src/crazyswarm2/docs) by extension 'cmake'
[0.216s] Level 1:colcon.colcon_core.package_identification:_identify(src/crazyswarm2/docs) by extension 'python'
[0.216s] Level 1:colcon.colcon_core.package_identification:_identify(src/crazyswarm2/docs) by extensions ['python_setup_py']
[0.216s] Level 1:colcon.colcon_core.package_identification:_identify(src/crazyswarm2/docs) by extension 'python_setup_py'
[0.216s] Level 1:colcon.colcon_core.package_identification:_identify(src/crazyswarm2/docs/generated) by extensions ['ignore', 'ignore_ament_install']
[0.216s] Level 1:colcon.colcon_core.package_identification:_identify(src/crazyswarm2/docs/generated) by extension 'ignore'
[0.216s] Level 1:colcon.colcon_core.package_identification:_identify(src/crazyswarm2/docs/generated) by extension 'ignore_ament_install'
[0.216s] Level 1:colcon.colcon_core.package_identification:_identify(src/crazyswarm2/docs/generated) by extensions ['colcon_pkg']
[0.216s] Level 1:colcon.colcon_core.package_identification:_identify(src/crazyswarm2/docs/generated) by extension 'colcon_pkg'
[0.216s] Level 1:colcon.colcon_core.package_identification:_identify(src/crazyswarm2/docs/generated) by extensions ['colcon_meta']
[0.216s] Level 1:colcon.colcon_core.package_identification:_identify(src/crazyswarm2/docs/generated) by extension 'colcon_meta'
[0.216s] Level 1:colcon.colcon_core.package_identification:_identify(src/crazyswarm2/docs/generated) by extensions ['ros']
[0.216s] Level 1:colcon.colcon_core.package_identification:_identify(src/crazyswarm2/docs/generated) by extension 'ros'
[0.216s] Level 1:colcon.colcon_core.package_identification:_identify(src/crazyswarm2/docs/generated) by extensions ['cmake', 'python']
[0.216s] Level 1:colcon.colcon_core.package_identification:_identify(src/crazyswarm2/docs/generated) by extension 'cmake'
[0.216s] Level 1:colcon.colcon_core.package_identification:_identify(src/crazyswarm2/docs/generated) by extension 'python'
[0.216s] Level 1:colcon.colcon_core.package_identification:_identify(src/crazyswarm2/docs/generated) by extensions ['python_setup_py']
[0.216s] Level 1:colcon.colcon_core.package_identification:_identify(src/crazyswarm2/docs/generated) by extension 'python_setup_py'
[0.216s] Level 1:colcon.colcon_core.package_identification:_identify(src/crazyswarm2/docs/howto) by extensions ['ignore', 'ignore_ament_install']
[0.216s] Level 1:colcon.colcon_core.package_identification:_identify(src/crazyswarm2/docs/howto) by extension 'ignore'
[0.216s] Level 1:colcon.colcon_core.package_identification:_identify(src/crazyswarm2/docs/howto) by extension 'ignore_ament_install'
[0.216s] Level 1:colcon.colcon_core.package_identification:_identify(src/crazyswarm2/docs/howto) by extensions ['colcon_pkg']
[0.216s] Level 1:colcon.colcon_core.package_identification:_identify(src/crazyswarm2/docs/howto) by extension 'colcon_pkg'
[0.216s] Level 1:colcon.colcon_core.package_identification:_identify(src/crazyswarm2/docs/howto) by extensions ['colcon_meta']
[0.216s] Level 1:colcon.colcon_core.package_identification:_identify(src/crazyswarm2/docs/howto) by extension 'colcon_meta'
[0.216s] Level 1:colcon.colcon_core.package_identification:_identify(src/crazyswarm2/docs/howto) by extensions ['ros']
[0.216s] Level 1:colcon.colcon_core.package_identification:_identify(src/crazyswarm2/docs/howto) by extension 'ros'
[0.216s] Level 1:colcon.colcon_core.package_identification:_identify(src/crazyswarm2/docs/howto) by extensions ['cmake', 'python']
[0.216s] Level 1:colcon.colcon_core.package_identification:_identify(src/crazyswarm2/docs/howto) by extension 'cmake'
[0.216s] Level 1:colcon.colcon_core.package_identification:_identify(src/crazyswarm2/docs/howto) by extension 'python'
[0.216s] Level 1:colcon.colcon_core.package_identification:_identify(src/crazyswarm2/docs/howto) by extensions ['python_setup_py']
[0.216s] Level 1:colcon.colcon_core.package_identification:_identify(src/crazyswarm2/docs/howto) by extension 'python_setup_py'
[0.216s] Level 1:colcon.colcon_core.package_identification:_identify(src/crazyswarm2/docs/images) by extensions ['ignore', 'ignore_ament_install']
[0.216s] Level 1:colcon.colcon_core.package_identification:_identify(src/crazyswarm2/docs/images) by extension 'ignore'
[0.216s] Level 1:colcon.colcon_core.package_identification:_identify(src/crazyswarm2/docs/images) by extension 'ignore_ament_install'
[0.216s] Level 1:colcon.colcon_core.package_identification:_identify(src/crazyswarm2/docs/images) by extensions ['colcon_pkg']
[0.217s] Level 1:colcon.colcon_core.package_identification:_identify(src/crazyswarm2/docs/images) by extension 'colcon_pkg'
[0.217s] Level 1:colcon.colcon_core.package_identification:_identify(src/crazyswarm2/docs/images) by extensions ['colcon_meta']
[0.217s] Level 1:colcon.colcon_core.package_identification:_identify(src/crazyswarm2/docs/images) by extension 'colcon_meta'
[0.217s] Level 1:colcon.colcon_core.package_identification:_identify(src/crazyswarm2/docs/images) by extensions ['ros']
[0.217s] Level 1:colcon.colcon_core.package_identification:_identify(src/crazyswarm2/docs/images) by extension 'ros'
[0.217s] Level 1:colcon.colcon_core.package_identification:_identify(src/crazyswarm2/docs/images) by extensions ['cmake', 'python']
[0.217s] Level 1:colcon.colcon_core.package_identification:_identify(src/crazyswarm2/docs/images) by extension 'cmake'
[0.217s] Level 1:colcon.colcon_core.package_identification:_identify(src/crazyswarm2/docs/images) by extension 'python'
[0.217s] Level 1:colcon.colcon_core.package_identification:_identify(src/crazyswarm2/docs/images) by extensions ['python_setup_py']
[0.217s] Level 1:colcon.colcon_core.package_identification:_identify(src/crazyswarm2/docs/images) by extension 'python_setup_py'
[0.217s] Level 1:colcon.colcon_core.package_identification:_identify(src/crazyswarm2/docs/tutorials) by extensions ['ignore', 'ignore_ament_install']
[0.217s] Level 1:colcon.colcon_core.package_identification:_identify(src/crazyswarm2/docs/tutorials) by extension 'ignore'
[0.217s] Level 1:colcon.colcon_core.package_identification:_identify(src/crazyswarm2/docs/tutorials) by extension 'ignore_ament_install'
[0.217s] Level 1:colcon.colcon_core.package_identification:_identify(src/crazyswarm2/docs/tutorials) by extensions ['colcon_pkg']
[0.217s] Level 1:colcon.colcon_core.package_identification:_identify(src/crazyswarm2/docs/tutorials) by extension 'colcon_pkg'
[0.217s] Level 1:colcon.colcon_core.package_identification:_identify(src/crazyswarm2/docs/tutorials) by extensions ['colcon_meta']
[0.217s] Level 1:colcon.colcon_core.package_identification:_identify(src/crazyswarm2/docs/tutorials) by extension 'colcon_meta'
[0.217s] Level 1:colcon.colcon_core.package_identification:_identify(src/crazyswarm2/docs/tutorials) by extensions ['ros']
[0.217s] Level 1:colcon.colcon_core.package_identification:_identify(src/crazyswarm2/docs/tutorials) by extension 'ros'
[0.217s] Level 1:colcon.colcon_core.package_identification:_identify(src/crazyswarm2/docs/tutorials) by extensions ['cmake', 'python']
[0.217s] Level 1:colcon.colcon_core.package_identification:_identify(src/crazyswarm2/docs/tutorials) by extension 'cmake'
[0.217s] Level 1:colcon.colcon_core.package_identification:_identify(src/crazyswarm2/docs/tutorials) by extension 'python'
[0.217s] Level 1:colcon.colcon_core.package_identification:_identify(src/crazyswarm2/docs/tutorials) by extensions ['python_setup_py']
[0.217s] Level 1:colcon.colcon_core.package_identification:_identify(src/crazyswarm2/docs/tutorials) by extension 'python_setup_py'
[0.217s] Level 1:colcon.colcon_core.package_identification:_identify(src/crazyswarm2/docs2) by extensions ['ignore', 'ignore_ament_install']
[0.217s] Level 1:colcon.colcon_core.package_identification:_identify(src/crazyswarm2/docs2) by extension 'ignore'
[0.217s] Level 1:colcon.colcon_core.package_identification:_identify(src/crazyswarm2/docs2) by extension 'ignore_ament_install'
[0.217s] Level 1:colcon.colcon_core.package_identification:_identify(src/crazyswarm2/docs2) by extensions ['colcon_pkg']
[0.217s] Level 1:colcon.colcon_core.package_identification:_identify(src/crazyswarm2/docs2) by extension 'colcon_pkg'
[0.217s] Level 1:colcon.colcon_core.package_identification:_identify(src/crazyswarm2/docs2) by extensions ['colcon_meta']
[0.217s] Level 1:colcon.colcon_core.package_identification:_identify(src/crazyswarm2/docs2) by extension 'colcon_meta'
[0.217s] Level 1:colcon.colcon_core.package_identification:_identify(src/crazyswarm2/docs2) by extensions ['ros']
[0.217s] Level 1:colcon.colcon_core.package_identification:_identify(src/crazyswarm2/docs2) by extension 'ros'
[0.217s] Level 1:colcon.colcon_core.package_identification:_identify(src/crazyswarm2/docs2) by extensions ['cmake', 'python']
[0.217s] Level 1:colcon.colcon_core.package_identification:_identify(src/crazyswarm2/docs2) by extension 'cmake'
[0.217s] Level 1:colcon.colcon_core.package_identification:_identify(src/crazyswarm2/docs2) by extension 'python'
[0.217s] Level 1:colcon.colcon_core.package_identification:_identify(src/crazyswarm2/docs2) by extensions ['python_setup_py']
[0.217s] Level 1:colcon.colcon_core.package_identification:_identify(src/crazyswarm2/docs2) by extension 'python_setup_py'
[0.217s] Level 1:colcon.colcon_core.package_identification:_identify(src/crazyswarm2/docs2/images) by extensions ['ignore', 'ignore_ament_install']
[0.217s] Level 1:colcon.colcon_core.package_identification:_identify(src/crazyswarm2/docs2/images) by extension 'ignore'
[0.217s] Level 1:colcon.colcon_core.package_identification:_identify(src/crazyswarm2/docs2/images) by extension 'ignore_ament_install'
[0.217s] Level 1:colcon.colcon_core.package_identification:_identify(src/crazyswarm2/docs2/images) by extensions ['colcon_pkg']
[0.217s] Level 1:colcon.colcon_core.package_identification:_identify(src/crazyswarm2/docs2/images) by extension 'colcon_pkg'
[0.217s] Level 1:colcon.colcon_core.package_identification:_identify(src/crazyswarm2/docs2/images) by extensions ['colcon_meta']
[0.217s] Level 1:colcon.colcon_core.package_identification:_identify(src/crazyswarm2/docs2/images) by extension 'colcon_meta'
[0.217s] Level 1:colcon.colcon_core.package_identification:_identify(src/crazyswarm2/docs2/images) by extensions ['ros']
[0.217s] Level 1:colcon.colcon_core.package_identification:_identify(src/crazyswarm2/docs2/images) by extension 'ros'
[0.217s] Level 1:colcon.colcon_core.package_identification:_identify(src/crazyswarm2/docs2/images) by extensions ['cmake', 'python']
[0.217s] Level 1:colcon.colcon_core.package_identification:_identify(src/crazyswarm2/docs2/images) by extension 'cmake'
[0.217s] Level 1:colcon.colcon_core.package_identification:_identify(src/crazyswarm2/docs2/images) by extension 'python'
[0.217s] Level 1:colcon.colcon_core.package_identification:_identify(src/crazyswarm2/docs2/images) by extensions ['python_setup_py']
[0.217s] Level 1:colcon.colcon_core.package_identification:_identify(src/crazyswarm2/docs2/images) by extension 'python_setup_py'
[0.217s] Level 1:colcon.colcon_core.package_identification:_identify(src/crazyswarm2/prebuilt) by extensions ['ignore', 'ignore_ament_install']
[0.217s] Level 1:colcon.colcon_core.package_identification:_identify(src/crazyswarm2/prebuilt) by extension 'ignore'
[0.217s] Level 1:colcon.colcon_core.package_identification:_identify(src/crazyswarm2/prebuilt) by extension 'ignore_ament_install'
[0.218s] Level 1:colcon.colcon_core.package_identification:_identify(src/crazyswarm2/prebuilt) by extensions ['colcon_pkg']
[0.218s] Level 1:colcon.colcon_core.package_identification:_identify(src/crazyswarm2/prebuilt) by extension 'colcon_pkg'
[0.218s] Level 1:colcon.colcon_core.package_identification:_identify(src/crazyswarm2/prebuilt) by extensions ['colcon_meta']
[0.218s] Level 1:colcon.colcon_core.package_identification:_identify(src/crazyswarm2/prebuilt) by extension 'colcon_meta'
[0.218s] Level 1:colcon.colcon_core.package_identification:_identify(src/crazyswarm2/prebuilt) by extensions ['ros']
[0.218s] Level 1:colcon.colcon_core.package_identification:_identify(src/crazyswarm2/prebuilt) by extension 'ros'
[0.218s] Level 1:colcon.colcon_core.package_identification:_identify(src/crazyswarm2/prebuilt) by extensions ['cmake', 'python']
[0.218s] Level 1:colcon.colcon_core.package_identification:_identify(src/crazyswarm2/prebuilt) by extension 'cmake'
[0.218s] Level 1:colcon.colcon_core.package_identification:_identify(src/crazyswarm2/prebuilt) by extension 'python'
[0.218s] Level 1:colcon.colcon_core.package_identification:_identify(src/crazyswarm2/prebuilt) by extensions ['python_setup_py']
[0.218s] Level 1:colcon.colcon_core.package_identification:_identify(src/crazyswarm2/prebuilt) by extension 'python_setup_py'
[0.218s] Level 1:colcon.colcon_core.package_identification:_identify(src/crazyswarm2/ros_ws) by extensions ['ignore', 'ignore_ament_install']
[0.218s] Level 1:colcon.colcon_core.package_identification:_identify(src/crazyswarm2/ros_ws) by extension 'ignore'
[0.218s] Level 1:colcon.colcon_core.package_identification:_identify(src/crazyswarm2/ros_ws) by extension 'ignore_ament_install'
[0.218s] Level 1:colcon.colcon_core.package_identification:_identify(src/crazyswarm2/ros_ws) by extensions ['colcon_pkg']
[0.218s] Level 1:colcon.colcon_core.package_identification:_identify(src/crazyswarm2/ros_ws) by extension 'colcon_pkg'
[0.218s] Level 1:colcon.colcon_core.package_identification:_identify(src/crazyswarm2/ros_ws) by extensions ['colcon_meta']
[0.218s] Level 1:colcon.colcon_core.package_identification:_identify(src/crazyswarm2/ros_ws) by extension 'colcon_meta'
[0.218s] Level 1:colcon.colcon_core.package_identification:_identify(src/crazyswarm2/ros_ws) by extensions ['ros']
[0.218s] Level 1:colcon.colcon_core.package_identification:_identify(src/crazyswarm2/ros_ws) by extension 'ros'
[0.218s] Level 1:colcon.colcon_core.package_identification:_identify(src/crazyswarm2/ros_ws) by extensions ['cmake', 'python']
[0.218s] Level 1:colcon.colcon_core.package_identification:_identify(src/crazyswarm2/ros_ws) by extension 'cmake'
[0.218s] Level 1:colcon.colcon_core.package_identification:_identify(src/crazyswarm2/ros_ws) by extension 'python'
[0.218s] Level 1:colcon.colcon_core.package_identification:_identify(src/crazyswarm2/ros_ws) by extensions ['python_setup_py']
[0.218s] Level 1:colcon.colcon_core.package_identification:_identify(src/crazyswarm2/ros_ws) by extension 'python_setup_py'
[0.218s] Level 1:colcon.colcon_core.package_identification:_identify(src/crazyswarm2/ros_ws/src) by extensions ['ignore', 'ignore_ament_install']
[0.218s] Level 1:colcon.colcon_core.package_identification:_identify(src/crazyswarm2/ros_ws/src) by extension 'ignore'
[0.218s] Level 1:colcon.colcon_core.package_identification:_identify(src/crazyswarm2/ros_ws/src) by extension 'ignore_ament_install'
[0.218s] Level 1:colcon.colcon_core.package_identification:_identify(src/crazyswarm2/ros_ws/src) by extensions ['colcon_pkg']
[0.218s] Level 1:colcon.colcon_core.package_identification:_identify(src/crazyswarm2/ros_ws/src) by extension 'colcon_pkg'
[0.218s] Level 1:colcon.colcon_core.package_identification:_identify(src/crazyswarm2/ros_ws/src) by extensions ['colcon_meta']
[0.218s] Level 1:colcon.colcon_core.package_identification:_identify(src/crazyswarm2/ros_ws/src) by extension 'colcon_meta'
[0.218s] Level 1:colcon.colcon_core.package_identification:_identify(src/crazyswarm2/ros_ws/src) by extensions ['ros']
[0.218s] Level 1:colcon.colcon_core.package_identification:_identify(src/crazyswarm2/ros_ws/src) by extension 'ros'
[0.218s] Level 1:colcon.colcon_core.package_identification:_identify(src/crazyswarm2/ros_ws/src) by extensions ['cmake', 'python']
[0.218s] Level 1:colcon.colcon_core.package_identification:_identify(src/crazyswarm2/ros_ws/src) by extension 'cmake'
[0.218s] Level 1:colcon.colcon_core.package_identification:_identify(src/crazyswarm2/ros_ws/src) by extension 'python'
[0.218s] Level 1:colcon.colcon_core.package_identification:_identify(src/crazyswarm2/ros_ws/src) by extensions ['python_setup_py']
[0.218s] Level 1:colcon.colcon_core.package_identification:_identify(src/crazyswarm2/ros_ws/src) by extension 'python_setup_py'
[0.218s] Level 1:colcon.colcon_core.package_identification:_identify(src/crazyswarm2/ros_ws/src/crazyswarm) by extensions ['ignore', 'ignore_ament_install']
[0.218s] Level 1:colcon.colcon_core.package_identification:_identify(src/crazyswarm2/ros_ws/src/crazyswarm) by extension 'ignore'
[0.218s] Level 1:colcon.colcon_core.package_identification:_identify(src/crazyswarm2/ros_ws/src/crazyswarm) by extension 'ignore_ament_install'
[0.218s] Level 1:colcon.colcon_core.package_identification:_identify(src/crazyswarm2/ros_ws/src/crazyswarm) by extensions ['colcon_pkg']
[0.218s] Level 1:colcon.colcon_core.package_identification:_identify(src/crazyswarm2/ros_ws/src/crazyswarm) by extension 'colcon_pkg'
[0.218s] Level 1:colcon.colcon_core.package_identification:_identify(src/crazyswarm2/ros_ws/src/crazyswarm) by extensions ['colcon_meta']
[0.218s] Level 1:colcon.colcon_core.package_identification:_identify(src/crazyswarm2/ros_ws/src/crazyswarm) by extension 'colcon_meta'
[0.218s] Level 1:colcon.colcon_core.package_identification:_identify(src/crazyswarm2/ros_ws/src/crazyswarm) by extensions ['ros']
[0.218s] Level 1:colcon.colcon_core.package_identification:_identify(src/crazyswarm2/ros_ws/src/crazyswarm) by extension 'ros'
[0.218s] Level 1:colcon.colcon_core.package_identification:_identify(src/crazyswarm2/ros_ws/src/crazyswarm) by extensions ['cmake', 'python']
[0.218s] Level 1:colcon.colcon_core.package_identification:_identify(src/crazyswarm2/ros_ws/src/crazyswarm) by extension 'cmake'
[0.218s] Level 1:colcon.colcon_core.package_identification:_identify(src/crazyswarm2/ros_ws/src/crazyswarm) by extension 'python'
[0.218s] Level 1:colcon.colcon_core.package_identification:_identify(src/crazyswarm2/ros_ws/src/crazyswarm) by extensions ['python_setup_py']
[0.218s] Level 1:colcon.colcon_core.package_identification:_identify(src/crazyswarm2/ros_ws/src/crazyswarm) by extension 'python_setup_py'
[0.218s] Level 1:colcon.colcon_core.package_identification:_identify(src/crazyswarm2/ros_ws/src/crazyswarm/launch) by extensions ['ignore', 'ignore_ament_install']
[0.219s] Level 1:colcon.colcon_core.package_identification:_identify(src/crazyswarm2/ros_ws/src/crazyswarm/launch) by extension 'ignore'
[0.219s] Level 1:colcon.colcon_core.package_identification:_identify(src/crazyswarm2/ros_ws/src/crazyswarm/launch) by extension 'ignore_ament_install'
[0.219s] Level 1:colcon.colcon_core.package_identification:_identify(src/crazyswarm2/ros_ws/src/crazyswarm/launch) by extensions ['colcon_pkg']
[0.219s] Level 1:colcon.colcon_core.package_identification:_identify(src/crazyswarm2/ros_ws/src/crazyswarm/launch) by extension 'colcon_pkg'
[0.219s] Level 1:colcon.colcon_core.package_identification:_identify(src/crazyswarm2/ros_ws/src/crazyswarm/launch) by extensions ['colcon_meta']
[0.219s] Level 1:colcon.colcon_core.package_identification:_identify(src/crazyswarm2/ros_ws/src/crazyswarm/launch) by extension 'colcon_meta'
[0.219s] Level 1:colcon.colcon_core.package_identification:_identify(src/crazyswarm2/ros_ws/src/crazyswarm/launch) by extensions ['ros']
[0.219s] Level 1:colcon.colcon_core.package_identification:_identify(src/crazyswarm2/ros_ws/src/crazyswarm/launch) by extension 'ros'
[0.219s] Level 1:colcon.colcon_core.package_identification:_identify(src/crazyswarm2/ros_ws/src/crazyswarm/launch) by extensions ['cmake', 'python']
[0.219s] Level 1:colcon.colcon_core.package_identification:_identify(src/crazyswarm2/ros_ws/src/crazyswarm/launch) by extension 'cmake'
[0.219s] Level 1:colcon.colcon_core.package_identification:_identify(src/crazyswarm2/ros_ws/src/crazyswarm/launch) by extension 'python'
[0.219s] Level 1:colcon.colcon_core.package_identification:_identify(src/crazyswarm2/ros_ws/src/crazyswarm/launch) by extensions ['python_setup_py']
[0.219s] Level 1:colcon.colcon_core.package_identification:_identify(src/crazyswarm2/ros_ws/src/crazyswarm/launch) by extension 'python_setup_py'
[0.219s] Level 1:colcon.colcon_core.package_identification:_identify(src/crazyswarm2/ros_ws/src/crazyswarm/scripts) by extensions ['ignore', 'ignore_ament_install']
[0.219s] Level 1:colcon.colcon_core.package_identification:_identify(src/crazyswarm2/ros_ws/src/crazyswarm/scripts) by extension 'ignore'
[0.219s] Level 1:colcon.colcon_core.package_identification:_identify(src/crazyswarm2/ros_ws/src/crazyswarm/scripts) by extension 'ignore_ament_install'
[0.219s] Level 1:colcon.colcon_core.package_identification:_identify(src/crazyswarm2/ros_ws/src/crazyswarm/scripts) by extensions ['colcon_pkg']
[0.219s] Level 1:colcon.colcon_core.package_identification:_identify(src/crazyswarm2/ros_ws/src/crazyswarm/scripts) by extension 'colcon_pkg'
[0.219s] Level 1:colcon.colcon_core.package_identification:_identify(src/crazyswarm2/ros_ws/src/crazyswarm/scripts) by extensions ['colcon_meta']
[0.219s] Level 1:colcon.colcon_core.package_identification:_identify(src/crazyswarm2/ros_ws/src/crazyswarm/scripts) by extension 'colcon_meta'
[0.219s] Level 1:colcon.colcon_core.package_identification:_identify(src/crazyswarm2/ros_ws/src/crazyswarm/scripts) by extensions ['ros']
[0.219s] Level 1:colcon.colcon_core.package_identification:_identify(src/crazyswarm2/ros_ws/src/crazyswarm/scripts) by extension 'ros'
[0.219s] Level 1:colcon.colcon_core.package_identification:_identify(src/crazyswarm2/ros_ws/src/crazyswarm/scripts) by extensions ['cmake', 'python']
[0.219s] Level 1:colcon.colcon_core.package_identification:_identify(src/crazyswarm2/ros_ws/src/crazyswarm/scripts) by extension 'cmake'
[0.219s] Level 1:colcon.colcon_core.package_identification:_identify(src/crazyswarm2/ros_ws/src/crazyswarm/scripts) by extension 'python'
[0.219s] Level 1:colcon.colcon_core.package_identification:_identify(src/crazyswarm2/ros_ws/src/crazyswarm/scripts) by extensions ['python_setup_py']
[0.219s] Level 1:colcon.colcon_core.package_identification:_identify(src/crazyswarm2/ros_ws/src/crazyswarm/scripts) by extension 'python_setup_py'
[0.219s] Level 1:colcon.colcon_core.package_identification:_identify(src/crazyswarm2/ros_ws/src/crazyswarm/scripts/crossing2_pps) by extensions ['ignore', 'ignore_ament_install']
[0.219s] Level 1:colcon.colcon_core.package_identification:_identify(src/crazyswarm2/ros_ws/src/crazyswarm/scripts/crossing2_pps) by extension 'ignore'
[0.219s] Level 1:colcon.colcon_core.package_identification:_identify(src/crazyswarm2/ros_ws/src/crazyswarm/scripts/crossing2_pps) by extension 'ignore_ament_install'
[0.219s] Level 1:colcon.colcon_core.package_identification:_identify(src/crazyswarm2/ros_ws/src/crazyswarm/scripts/crossing2_pps) by extensions ['colcon_pkg']
[0.219s] Level 1:colcon.colcon_core.package_identification:_identify(src/crazyswarm2/ros_ws/src/crazyswarm/scripts/crossing2_pps) by extension 'colcon_pkg'
[0.219s] Level 1:colcon.colcon_core.package_identification:_identify(src/crazyswarm2/ros_ws/src/crazyswarm/scripts/crossing2_pps) by extensions ['colcon_meta']
[0.219s] Level 1:colcon.colcon_core.package_identification:_identify(src/crazyswarm2/ros_ws/src/crazyswarm/scripts/crossing2_pps) by extension 'colcon_meta'
[0.219s] Level 1:colcon.colcon_core.package_identification:_identify(src/crazyswarm2/ros_ws/src/crazyswarm/scripts/crossing2_pps) by extensions ['ros']
[0.219s] Level 1:colcon.colcon_core.package_identification:_identify(src/crazyswarm2/ros_ws/src/crazyswarm/scripts/crossing2_pps) by extension 'ros'
[0.219s] Level 1:colcon.colcon_core.package_identification:_identify(src/crazyswarm2/ros_ws/src/crazyswarm/scripts/crossing2_pps) by extensions ['cmake', 'python']
[0.219s] Level 1:colcon.colcon_core.package_identification:_identify(src/crazyswarm2/ros_ws/src/crazyswarm/scripts/crossing2_pps) by extension 'cmake'
[0.219s] Level 1:colcon.colcon_core.package_identification:_identify(src/crazyswarm2/ros_ws/src/crazyswarm/scripts/crossing2_pps) by extension 'python'
[0.219s] Level 1:colcon.colcon_core.package_identification:_identify(src/crazyswarm2/ros_ws/src/crazyswarm/scripts/crossing2_pps) by extensions ['python_setup_py']
[0.219s] Level 1:colcon.colcon_core.package_identification:_identify(src/crazyswarm2/ros_ws/src/crazyswarm/scripts/crossing2_pps) by extension 'python_setup_py'
[0.219s] Level 1:colcon.colcon_core.package_identification:_identify(src/crazyswarm2/ros_ws/src/crazyswarm/scripts/crossing4_pps) by extensions ['ignore', 'ignore_ament_install']
[0.219s] Level 1:colcon.colcon_core.package_identification:_identify(src/crazyswarm2/ros_ws/src/crazyswarm/scripts/crossing4_pps) by extension 'ignore'
[0.219s] Level 1:colcon.colcon_core.package_identification:_identify(src/crazyswarm2/ros_ws/src/crazyswarm/scripts/crossing4_pps) by extension 'ignore_ament_install'
[0.219s] Level 1:colcon.colcon_core.package_identification:_identify(src/crazyswarm2/ros_ws/src/crazyswarm/scripts/crossing4_pps) by extensions ['colcon_pkg']
[0.219s] Level 1:colcon.colcon_core.package_identification:_identify(src/crazyswarm2/ros_ws/src/crazyswarm/scripts/crossing4_pps) by extension 'colcon_pkg'
[0.219s] Level 1:colcon.colcon_core.package_identification:_identify(src/crazyswarm2/ros_ws/src/crazyswarm/scripts/crossing4_pps) by extensions ['colcon_meta']
[0.219s] Level 1:colcon.colcon_core.package_identification:_identify(src/crazyswarm2/ros_ws/src/crazyswarm/scripts/crossing4_pps) by extension 'colcon_meta'
[0.219s] Level 1:colcon.colcon_core.package_identification:_identify(src/crazyswarm2/ros_ws/src/crazyswarm/scripts/crossing4_pps) by extensions ['ros']
[0.219s] Level 1:colcon.colcon_core.package_identification:_identify(src/crazyswarm2/ros_ws/src/crazyswarm/scripts/crossing4_pps) by extension 'ros'
[0.219s] Level 1:colcon.colcon_core.package_identification:_identify(src/crazyswarm2/ros_ws/src/crazyswarm/scripts/crossing4_pps) by extensions ['cmake', 'python']
[0.219s] Level 1:colcon.colcon_core.package_identification:_identify(src/crazyswarm2/ros_ws/src/crazyswarm/scripts/crossing4_pps) by extension 'cmake'
[0.219s] Level 1:colcon.colcon_core.package_identification:_identify(src/crazyswarm2/ros_ws/src/crazyswarm/scripts/crossing4_pps) by extension 'python'
[0.220s] Level 1:colcon.colcon_core.package_identification:_identify(src/crazyswarm2/ros_ws/src/crazyswarm/scripts/crossing4_pps) by extensions ['python_setup_py']
[0.220s] Level 1:colcon.colcon_core.package_identification:_identify(src/crazyswarm2/ros_ws/src/crazyswarm/scripts/crossing4_pps) by extension 'python_setup_py'
[0.220s] Level 1:colcon.colcon_core.package_identification:_identify(src/crazyswarm2/ros_ws/src/crazyswarm/scripts/sequence_trajectories) by extensions ['ignore', 'ignore_ament_install']
[0.220s] Level 1:colcon.colcon_core.package_identification:_identify(src/crazyswarm2/ros_ws/src/crazyswarm/scripts/sequence_trajectories) by extension 'ignore'
[0.220s] Level 1:colcon.colcon_core.package_identification:_identify(src/crazyswarm2/ros_ws/src/crazyswarm/scripts/sequence_trajectories) by extension 'ignore_ament_install'
[0.220s] Level 1:colcon.colcon_core.package_identification:_identify(src/crazyswarm2/ros_ws/src/crazyswarm/scripts/sequence_trajectories) by extensions ['colcon_pkg']
[0.220s] Level 1:colcon.colcon_core.package_identification:_identify(src/crazyswarm2/ros_ws/src/crazyswarm/scripts/sequence_trajectories) by extension 'colcon_pkg'
[0.220s] Level 1:colcon.colcon_core.package_identification:_identify(src/crazyswarm2/ros_ws/src/crazyswarm/scripts/sequence_trajectories) by extensions ['colcon_meta']
[0.220s] Level 1:colcon.colcon_core.package_identification:_identify(src/crazyswarm2/ros_ws/src/crazyswarm/scripts/sequence_trajectories) by extension 'colcon_meta'
[0.220s] Level 1:colcon.colcon_core.package_identification:_identify(src/crazyswarm2/ros_ws/src/crazyswarm/scripts/sequence_trajectories) by extensions ['ros']
[0.220s] Level 1:colcon.colcon_core.package_identification:_identify(src/crazyswarm2/ros_ws/src/crazyswarm/scripts/sequence_trajectories) by extension 'ros'
[0.220s] Level 1:colcon.colcon_core.package_identification:_identify(src/crazyswarm2/ros_ws/src/crazyswarm/scripts/sequence_trajectories) by extensions ['cmake', 'python']
[0.220s] Level 1:colcon.colcon_core.package_identification:_identify(src/crazyswarm2/ros_ws/src/crazyswarm/scripts/sequence_trajectories) by extension 'cmake'
[0.220s] Level 1:colcon.colcon_core.package_identification:_identify(src/crazyswarm2/ros_ws/src/crazyswarm/scripts/sequence_trajectories) by extension 'python'
[0.220s] Level 1:colcon.colcon_core.package_identification:_identify(src/crazyswarm2/ros_ws/src/crazyswarm/scripts/sequence_trajectories) by extensions ['python_setup_py']
[0.220s] Level 1:colcon.colcon_core.package_identification:_identify(src/crazyswarm2/ros_ws/src/crazyswarm/scripts/sequence_trajectories) by extension 'python_setup_py'
[0.220s] Level 1:colcon.colcon_core.package_identification:_identify(src/crazyswarm2/ros_ws/src/crazyswarm/scripts/sequence_trajectories/1) by extensions ['ignore', 'ignore_ament_install']
[0.220s] Level 1:colcon.colcon_core.package_identification:_identify(src/crazyswarm2/ros_ws/src/crazyswarm/scripts/sequence_trajectories/1) by extension 'ignore'
[0.220s] Level 1:colcon.colcon_core.package_identification:_identify(src/crazyswarm2/ros_ws/src/crazyswarm/scripts/sequence_trajectories/1) by extension 'ignore_ament_install'
[0.220s] Level 1:colcon.colcon_core.package_identification:_identify(src/crazyswarm2/ros_ws/src/crazyswarm/scripts/sequence_trajectories/1) by extensions ['colcon_pkg']
[0.220s] Level 1:colcon.colcon_core.package_identification:_identify(src/crazyswarm2/ros_ws/src/crazyswarm/scripts/sequence_trajectories/1) by extension 'colcon_pkg'
[0.220s] Level 1:colcon.colcon_core.package_identification:_identify(src/crazyswarm2/ros_ws/src/crazyswarm/scripts/sequence_trajectories/1) by extensions ['colcon_meta']
[0.220s] Level 1:colcon.colcon_core.package_identification:_identify(src/crazyswarm2/ros_ws/src/crazyswarm/scripts/sequence_trajectories/1) by extension 'colcon_meta'
[0.220s] Level 1:colcon.colcon_core.package_identification:_identify(src/crazyswarm2/ros_ws/src/crazyswarm/scripts/sequence_trajectories/1) by extensions ['ros']
[0.220s] Level 1:colcon.colcon_core.package_identification:_identify(src/crazyswarm2/ros_ws/src/crazyswarm/scripts/sequence_trajectories/1) by extension 'ros'
[0.220s] Level 1:colcon.colcon_core.package_identification:_identify(src/crazyswarm2/ros_ws/src/crazyswarm/scripts/sequence_trajectories/1) by extensions ['cmake', 'python']
[0.220s] Level 1:colcon.colcon_core.package_identification:_identify(src/crazyswarm2/ros_ws/src/crazyswarm/scripts/sequence_trajectories/1) by extension 'cmake'
[0.220s] Level 1:colcon.colcon_core.package_identification:_identify(src/crazyswarm2/ros_ws/src/crazyswarm/scripts/sequence_trajectories/1) by extension 'python'
[0.220s] Level 1:colcon.colcon_core.package_identification:_identify(src/crazyswarm2/ros_ws/src/crazyswarm/scripts/sequence_trajectories/1) by extensions ['python_setup_py']
[0.220s] Level 1:colcon.colcon_core.package_identification:_identify(src/crazyswarm2/ros_ws/src/crazyswarm/scripts/sequence_trajectories/1) by extension 'python_setup_py'
[0.220s] Level 1:colcon.colcon_core.package_identification:_identify(src/crazyswarm2/ros_ws/src/crazyswarm/scripts/sequence_trajectories/2) by extensions ['ignore', 'ignore_ament_install']
[0.220s] Level 1:colcon.colcon_core.package_identification:_identify(src/crazyswarm2/ros_ws/src/crazyswarm/scripts/sequence_trajectories/2) by extension 'ignore'
[0.220s] Level 1:colcon.colcon_core.package_identification:_identify(src/crazyswarm2/ros_ws/src/crazyswarm/scripts/sequence_trajectories/2) by extension 'ignore_ament_install'
[0.220s] Level 1:colcon.colcon_core.package_identification:_identify(src/crazyswarm2/ros_ws/src/crazyswarm/scripts/sequence_trajectories/2) by extensions ['colcon_pkg']
[0.220s] Level 1:colcon.colcon_core.package_identification:_identify(src/crazyswarm2/ros_ws/src/crazyswarm/scripts/sequence_trajectories/2) by extension 'colcon_pkg'
[0.220s] Level 1:colcon.colcon_core.package_identification:_identify(src/crazyswarm2/ros_ws/src/crazyswarm/scripts/sequence_trajectories/2) by extensions ['colcon_meta']
[0.220s] Level 1:colcon.colcon_core.package_identification:_identify(src/crazyswarm2/ros_ws/src/crazyswarm/scripts/sequence_trajectories/2) by extension 'colcon_meta'
[0.220s] Level 1:colcon.colcon_core.package_identification:_identify(src/crazyswarm2/ros_ws/src/crazyswarm/scripts/sequence_trajectories/2) by extensions ['ros']
[0.220s] Level 1:colcon.colcon_core.package_identification:_identify(src/crazyswarm2/ros_ws/src/crazyswarm/scripts/sequence_trajectories/2) by extension 'ros'
[0.220s] Level 1:colcon.colcon_core.package_identification:_identify(src/crazyswarm2/ros_ws/src/crazyswarm/scripts/sequence_trajectories/2) by extensions ['cmake', 'python']
[0.220s] Level 1:colcon.colcon_core.package_identification:_identify(src/crazyswarm2/ros_ws/src/crazyswarm/scripts/sequence_trajectories/2) by extension 'cmake'
[0.220s] Level 1:colcon.colcon_core.package_identification:_identify(src/crazyswarm2/ros_ws/src/crazyswarm/scripts/sequence_trajectories/2) by extension 'python'
[0.220s] Level 1:colcon.colcon_core.package_identification:_identify(src/crazyswarm2/ros_ws/src/crazyswarm/scripts/sequence_trajectories/2) by extensions ['python_setup_py']
[0.220s] Level 1:colcon.colcon_core.package_identification:_identify(src/crazyswarm2/ros_ws/src/crazyswarm/scripts/sequence_trajectories/2) by extension 'python_setup_py'
[0.220s] Level 1:colcon.colcon_core.package_identification:_identify(src/crazyswarm2/ros_ws/src/crazyswarm/scripts/sequence_trajectories/3) by extensions ['ignore', 'ignore_ament_install']
[0.220s] Level 1:colcon.colcon_core.package_identification:_identify(src/crazyswarm2/ros_ws/src/crazyswarm/scripts/sequence_trajectories/3) by extension 'ignore'
[0.220s] Level 1:colcon.colcon_core.package_identification:_identify(src/crazyswarm2/ros_ws/src/crazyswarm/scripts/sequence_trajectories/3) by extension 'ignore_ament_install'
[0.220s] Level 1:colcon.colcon_core.package_identification:_identify(src/crazyswarm2/ros_ws/src/crazyswarm/scripts/sequence_trajectories/3) by extensions ['colcon_pkg']
[0.220s] Level 1:colcon.colcon_core.package_identification:_identify(src/crazyswarm2/ros_ws/src/crazyswarm/scripts/sequence_trajectories/3) by extension 'colcon_pkg'
[0.220s] Level 1:colcon.colcon_core.package_identification:_identify(src/crazyswarm2/ros_ws/src/crazyswarm/scripts/sequence_trajectories/3) by extensions ['colcon_meta']
[0.220s] Level 1:colcon.colcon_core.package_identification:_identify(src/crazyswarm2/ros_ws/src/crazyswarm/scripts/sequence_trajectories/3) by extension 'colcon_meta'
[0.221s] Level 1:colcon.colcon_core.package_identification:_identify(src/crazyswarm2/ros_ws/src/crazyswarm/scripts/sequence_trajectories/3) by extensions ['ros']
[0.221s] Level 1:colcon.colcon_core.package_identification:_identify(src/crazyswarm2/ros_ws/src/crazyswarm/scripts/sequence_trajectories/3) by extension 'ros'
[0.221s] Level 1:colcon.colcon_core.package_identification:_identify(src/crazyswarm2/ros_ws/src/crazyswarm/scripts/sequence_trajectories/3) by extensions ['cmake', 'python']
[0.221s] Level 1:colcon.colcon_core.package_identification:_identify(src/crazyswarm2/ros_ws/src/crazyswarm/scripts/sequence_trajectories/3) by extension 'cmake'
[0.221s] Level 1:colcon.colcon_core.package_identification:_identify(src/crazyswarm2/ros_ws/src/crazyswarm/scripts/sequence_trajectories/3) by extension 'python'
[0.221s] Level 1:colcon.colcon_core.package_identification:_identify(src/crazyswarm2/ros_ws/src/crazyswarm/scripts/sequence_trajectories/3) by extensions ['python_setup_py']
[0.221s] Level 1:colcon.colcon_core.package_identification:_identify(src/crazyswarm2/ros_ws/src/crazyswarm/scripts/sequence_trajectories/3) by extension 'python_setup_py'
[0.221s] Level 1:colcon.colcon_core.package_identification:_identify(src/crazyswarm2/ros_ws/src/crazyswarm/scripts/sequence_trajectories/4) by extensions ['ignore', 'ignore_ament_install']
[0.221s] Level 1:colcon.colcon_core.package_identification:_identify(src/crazyswarm2/ros_ws/src/crazyswarm/scripts/sequence_trajectories/4) by extension 'ignore'
[0.221s] Level 1:colcon.colcon_core.package_identification:_identify(src/crazyswarm2/ros_ws/src/crazyswarm/scripts/sequence_trajectories/4) by extension 'ignore_ament_install'
[0.221s] Level 1:colcon.colcon_core.package_identification:_identify(src/crazyswarm2/ros_ws/src/crazyswarm/scripts/sequence_trajectories/4) by extensions ['colcon_pkg']
[0.221s] Level 1:colcon.colcon_core.package_identification:_identify(src/crazyswarm2/ros_ws/src/crazyswarm/scripts/sequence_trajectories/4) by extension 'colcon_pkg'
[0.221s] Level 1:colcon.colcon_core.package_identification:_identify(src/crazyswarm2/ros_ws/src/crazyswarm/scripts/sequence_trajectories/4) by extensions ['colcon_meta']
[0.221s] Level 1:colcon.colcon_core.package_identification:_identify(src/crazyswarm2/ros_ws/src/crazyswarm/scripts/sequence_trajectories/4) by extension 'colcon_meta'
[0.221s] Level 1:colcon.colcon_core.package_identification:_identify(src/crazyswarm2/ros_ws/src/crazyswarm/scripts/sequence_trajectories/4) by extensions ['ros']
[0.221s] Level 1:colcon.colcon_core.package_identification:_identify(src/crazyswarm2/ros_ws/src/crazyswarm/scripts/sequence_trajectories/4) by extension 'ros'
[0.221s] Level 1:colcon.colcon_core.package_identification:_identify(src/crazyswarm2/ros_ws/src/crazyswarm/scripts/sequence_trajectories/4) by extensions ['cmake', 'python']
[0.221s] Level 1:colcon.colcon_core.package_identification:_identify(src/crazyswarm2/ros_ws/src/crazyswarm/scripts/sequence_trajectories/4) by extension 'cmake'
[0.221s] Level 1:colcon.colcon_core.package_identification:_identify(src/crazyswarm2/ros_ws/src/crazyswarm/scripts/sequence_trajectories/4) by extension 'python'
[0.221s] Level 1:colcon.colcon_core.package_identification:_identify(src/crazyswarm2/ros_ws/src/crazyswarm/scripts/sequence_trajectories/4) by extensions ['python_setup_py']
[0.221s] Level 1:colcon.colcon_core.package_identification:_identify(src/crazyswarm2/ros_ws/src/crazyswarm/scripts/sequence_trajectories/4) by extension 'python_setup_py'
[0.221s] Level 1:colcon.colcon_core.package_identification:_identify(src/crazyswarm2/ros_ws/src/crazyswarm/scripts/sequence_trajectories/5) by extensions ['ignore', 'ignore_ament_install']
[0.221s] Level 1:colcon.colcon_core.package_identification:_identify(src/crazyswarm2/ros_ws/src/crazyswarm/scripts/sequence_trajectories/5) by extension 'ignore'
[0.221s] Level 1:colcon.colcon_core.package_identification:_identify(src/crazyswarm2/ros_ws/src/crazyswarm/scripts/sequence_trajectories/5) by extension 'ignore_ament_install'
[0.221s] Level 1:colcon.colcon_core.package_identification:_identify(src/crazyswarm2/ros_ws/src/crazyswarm/scripts/sequence_trajectories/5) by extensions ['colcon_pkg']
[0.221s] Level 1:colcon.colcon_core.package_identification:_identify(src/crazyswarm2/ros_ws/src/crazyswarm/scripts/sequence_trajectories/5) by extension 'colcon_pkg'
[0.221s] Level 1:colcon.colcon_core.package_identification:_identify(src/crazyswarm2/ros_ws/src/crazyswarm/scripts/sequence_trajectories/5) by extensions ['colcon_meta']
[0.221s] Level 1:colcon.colcon_core.package_identification:_identify(src/crazyswarm2/ros_ws/src/crazyswarm/scripts/sequence_trajectories/5) by extension 'colcon_meta'
[0.221s] Level 1:colcon.colcon_core.package_identification:_identify(src/crazyswarm2/ros_ws/src/crazyswarm/scripts/sequence_trajectories/5) by extensions ['ros']
[0.221s] Level 1:colcon.colcon_core.package_identification:_identify(src/crazyswarm2/ros_ws/src/crazyswarm/scripts/sequence_trajectories/5) by extension 'ros'
[0.221s] Level 1:colcon.colcon_core.package_identification:_identify(src/crazyswarm2/ros_ws/src/crazyswarm/scripts/sequence_trajectories/5) by extensions ['cmake', 'python']
[0.221s] Level 1:colcon.colcon_core.package_identification:_identify(src/crazyswarm2/ros_ws/src/crazyswarm/scripts/sequence_trajectories/5) by extension 'cmake'
[0.221s] Level 1:colcon.colcon_core.package_identification:_identify(src/crazyswarm2/ros_ws/src/crazyswarm/scripts/sequence_trajectories/5) by extension 'python'
[0.221s] Level 1:colcon.colcon_core.package_identification:_identify(src/crazyswarm2/ros_ws/src/crazyswarm/scripts/sequence_trajectories/5) by extensions ['python_setup_py']
[0.221s] Level 1:colcon.colcon_core.package_identification:_identify(src/crazyswarm2/ros_ws/src/crazyswarm/scripts/sequence_trajectories/5) by extension 'python_setup_py'
[0.221s] Level 1:colcon.colcon_core.package_identification:_identify(src/crazyswarm2/ros_ws/src/crazyswarm/scripts/sequence_trajectories/6) by extensions ['ignore', 'ignore_ament_install']
[0.221s] Level 1:colcon.colcon_core.package_identification:_identify(src/crazyswarm2/ros_ws/src/crazyswarm/scripts/sequence_trajectories/6) by extension 'ignore'
[0.221s] Level 1:colcon.colcon_core.package_identification:_identify(src/crazyswarm2/ros_ws/src/crazyswarm/scripts/sequence_trajectories/6) by extension 'ignore_ament_install'
[0.221s] Level 1:colcon.colcon_core.package_identification:_identify(src/crazyswarm2/ros_ws/src/crazyswarm/scripts/sequence_trajectories/6) by extensions ['colcon_pkg']
[0.221s] Level 1:colcon.colcon_core.package_identification:_identify(src/crazyswarm2/ros_ws/src/crazyswarm/scripts/sequence_trajectories/6) by extension 'colcon_pkg'
[0.221s] Level 1:colcon.colcon_core.package_identification:_identify(src/crazyswarm2/ros_ws/src/crazyswarm/scripts/sequence_trajectories/6) by extensions ['colcon_meta']
[0.221s] Level 1:colcon.colcon_core.package_identification:_identify(src/crazyswarm2/ros_ws/src/crazyswarm/scripts/sequence_trajectories/6) by extension 'colcon_meta'
[0.221s] Level 1:colcon.colcon_core.package_identification:_identify(src/crazyswarm2/ros_ws/src/crazyswarm/scripts/sequence_trajectories/6) by extensions ['ros']
[0.221s] Level 1:colcon.colcon_core.package_identification:_identify(src/crazyswarm2/ros_ws/src/crazyswarm/scripts/sequence_trajectories/6) by extension 'ros'
[0.221s] Level 1:colcon.colcon_core.package_identification:_identify(src/crazyswarm2/ros_ws/src/crazyswarm/scripts/sequence_trajectories/6) by extensions ['cmake', 'python']
[0.221s] Level 1:colcon.colcon_core.package_identification:_identify(src/crazyswarm2/ros_ws/src/crazyswarm/scripts/sequence_trajectories/6) by extension 'cmake'
[0.221s] Level 1:colcon.colcon_core.package_identification:_identify(src/crazyswarm2/ros_ws/src/crazyswarm/scripts/sequence_trajectories/6) by extension 'python'
[0.221s] Level 1:colcon.colcon_core.package_identification:_identify(src/crazyswarm2/ros_ws/src/crazyswarm/scripts/sequence_trajectories/6) by extensions ['python_setup_py']
[0.221s] Level 1:colcon.colcon_core.package_identification:_identify(src/crazyswarm2/ros_ws/src/crazyswarm/scripts/sequence_trajectories/6) by extension 'python_setup_py'
[0.221s] Level 1:colcon.colcon_core.package_identification:_identify(src/crazyswarm2/ros_ws/src/crazyswarm/scripts/sequence_trajectories/7) by extensions ['ignore', 'ignore_ament_install']
[0.221s] Level 1:colcon.colcon_core.package_identification:_identify(src/crazyswarm2/ros_ws/src/crazyswarm/scripts/sequence_trajectories/7) by extension 'ignore'
[0.222s] Level 1:colcon.colcon_core.package_identification:_identify(src/crazyswarm2/ros_ws/src/crazyswarm/scripts/sequence_trajectories/7) by extension 'ignore_ament_install'
[0.222s] Level 1:colcon.colcon_core.package_identification:_identify(src/crazyswarm2/ros_ws/src/crazyswarm/scripts/sequence_trajectories/7) by extensions ['colcon_pkg']
[0.222s] Level 1:colcon.colcon_core.package_identification:_identify(src/crazyswarm2/ros_ws/src/crazyswarm/scripts/sequence_trajectories/7) by extension 'colcon_pkg'
[0.222s] Level 1:colcon.colcon_core.package_identification:_identify(src/crazyswarm2/ros_ws/src/crazyswarm/scripts/sequence_trajectories/7) by extensions ['colcon_meta']
[0.222s] Level 1:colcon.colcon_core.package_identification:_identify(src/crazyswarm2/ros_ws/src/crazyswarm/scripts/sequence_trajectories/7) by extension 'colcon_meta'
[0.222s] Level 1:colcon.colcon_core.package_identification:_identify(src/crazyswarm2/ros_ws/src/crazyswarm/scripts/sequence_trajectories/7) by extensions ['ros']
[0.222s] Level 1:colcon.colcon_core.package_identification:_identify(src/crazyswarm2/ros_ws/src/crazyswarm/scripts/sequence_trajectories/7) by extension 'ros'
[0.222s] Level 1:colcon.colcon_core.package_identification:_identify(src/crazyswarm2/ros_ws/src/crazyswarm/scripts/sequence_trajectories/7) by extensions ['cmake', 'python']
[0.222s] Level 1:colcon.colcon_core.package_identification:_identify(src/crazyswarm2/ros_ws/src/crazyswarm/scripts/sequence_trajectories/7) by extension 'cmake'
[0.222s] Level 1:colcon.colcon_core.package_identification:_identify(src/crazyswarm2/ros_ws/src/crazyswarm/scripts/sequence_trajectories/7) by extension 'python'
[0.222s] Level 1:colcon.colcon_core.package_identification:_identify(src/crazyswarm2/ros_ws/src/crazyswarm/scripts/sequence_trajectories/7) by extensions ['python_setup_py']
[0.222s] Level 1:colcon.colcon_core.package_identification:_identify(src/crazyswarm2/ros_ws/src/crazyswarm/scripts/sequence_trajectories/7) by extension 'python_setup_py'
[0.222s] Level 1:colcon.colcon_core.package_identification:_identify(src/crazyswarm2/ros_ws/src/crazyswarm/scripts/swap6v_pps) by extensions ['ignore', 'ignore_ament_install']
[0.222s] Level 1:colcon.colcon_core.package_identification:_identify(src/crazyswarm2/ros_ws/src/crazyswarm/scripts/swap6v_pps) by extension 'ignore'
[0.222s] Level 1:colcon.colcon_core.package_identification:_identify(src/crazyswarm2/ros_ws/src/crazyswarm/scripts/swap6v_pps) by extension 'ignore_ament_install'
[0.222s] Level 1:colcon.colcon_core.package_identification:_identify(src/crazyswarm2/ros_ws/src/crazyswarm/scripts/swap6v_pps) by extensions ['colcon_pkg']
[0.222s] Level 1:colcon.colcon_core.package_identification:_identify(src/crazyswarm2/ros_ws/src/crazyswarm/scripts/swap6v_pps) by extension 'colcon_pkg'
[0.222s] Level 1:colcon.colcon_core.package_identification:_identify(src/crazyswarm2/ros_ws/src/crazyswarm/scripts/swap6v_pps) by extensions ['colcon_meta']
[0.222s] Level 1:colcon.colcon_core.package_identification:_identify(src/crazyswarm2/ros_ws/src/crazyswarm/scripts/swap6v_pps) by extension 'colcon_meta'
[0.222s] Level 1:colcon.colcon_core.package_identification:_identify(src/crazyswarm2/ros_ws/src/crazyswarm/scripts/swap6v_pps) by extensions ['ros']
[0.222s] Level 1:colcon.colcon_core.package_identification:_identify(src/crazyswarm2/ros_ws/src/crazyswarm/scripts/swap6v_pps) by extension 'ros'
[0.222s] Level 1:colcon.colcon_core.package_identification:_identify(src/crazyswarm2/ros_ws/src/crazyswarm/scripts/swap6v_pps) by extensions ['cmake', 'python']
[0.222s] Level 1:colcon.colcon_core.package_identification:_identify(src/crazyswarm2/ros_ws/src/crazyswarm/scripts/swap6v_pps) by extension 'cmake'
[0.222s] Level 1:colcon.colcon_core.package_identification:_identify(src/crazyswarm2/ros_ws/src/crazyswarm/scripts/swap6v_pps) by extension 'python'
[0.222s] Level 1:colcon.colcon_core.package_identification:_identify(src/crazyswarm2/ros_ws/src/crazyswarm/scripts/swap6v_pps) by extensions ['python_setup_py']
[0.222s] Level 1:colcon.colcon_core.package_identification:_identify(src/crazyswarm2/ros_ws/src/crazyswarm/scripts/swap6v_pps) by extension 'python_setup_py'
[0.222s] Level 1:colcon.colcon_core.package_identification:_identify(src/crazyswarm2/systemtests) by extensions ['ignore', 'ignore_ament_install']
[0.222s] Level 1:colcon.colcon_core.package_identification:_identify(src/crazyswarm2/systemtests) by extension 'ignore'
[0.222s] Level 1:colcon.colcon_core.package_identification:_identify(src/crazyswarm2/systemtests) by extension 'ignore_ament_install'
[0.222s] Level 1:colcon.colcon_core.package_identification:_identify(src/crazyswarm2/systemtests) by extensions ['colcon_pkg']
[0.222s] Level 1:colcon.colcon_core.package_identification:_identify(src/crazyswarm2/systemtests) by extension 'colcon_pkg'
[0.222s] Level 1:colcon.colcon_core.package_identification:_identify(src/crazyswarm2/systemtests) by extensions ['colcon_meta']
[0.222s] Level 1:colcon.colcon_core.package_identification:_identify(src/crazyswarm2/systemtests) by extension 'colcon_meta'
[0.222s] Level 1:colcon.colcon_core.package_identification:_identify(src/crazyswarm2/systemtests) by extensions ['ros']
[0.222s] Level 1:colcon.colcon_core.package_identification:_identify(src/crazyswarm2/systemtests) by extension 'ros'
[0.222s] Level 1:colcon.colcon_core.package_identification:_identify(src/crazyswarm2/systemtests) by extensions ['cmake', 'python']
[0.222s] Level 1:colcon.colcon_core.package_identification:_identify(src/crazyswarm2/systemtests) by extension 'cmake'
[0.222s] Level 1:colcon.colcon_core.package_identification:_identify(src/crazyswarm2/systemtests) by extension 'python'
[0.222s] Level 1:colcon.colcon_core.package_identification:_identify(src/crazyswarm2/systemtests) by extensions ['python_setup_py']
[0.222s] Level 1:colcon.colcon_core.package_identification:_identify(src/crazyswarm2/systemtests) by extension 'python_setup_py'
[0.222s] Level 1:colcon.colcon_core.package_identification:_identify(src/crazyswarm2/systemtests/SDplotting) by extensions ['ignore', 'ignore_ament_install']
[0.222s] Level 1:colcon.colcon_core.package_identification:_identify(src/crazyswarm2/systemtests/SDplotting) by extension 'ignore'
[0.222s] Level 1:colcon.colcon_core.package_identification:_identify(src/crazyswarm2/systemtests/SDplotting) by extension 'ignore_ament_install'
[0.222s] Level 1:colcon.colcon_core.package_identification:_identify(src/crazyswarm2/systemtests/SDplotting) by extensions ['colcon_pkg']
[0.222s] Level 1:colcon.colcon_core.package_identification:_identify(src/crazyswarm2/systemtests/SDplotting) by extension 'colcon_pkg'
[0.222s] Level 1:colcon.colcon_core.package_identification:_identify(src/crazyswarm2/systemtests/SDplotting) by extensions ['colcon_meta']
[0.222s] Level 1:colcon.colcon_core.package_identification:_identify(src/crazyswarm2/systemtests/SDplotting) by extension 'colcon_meta'
[0.222s] Level 1:colcon.colcon_core.package_identification:_identify(src/crazyswarm2/systemtests/SDplotting) by extensions ['ros']
[0.222s] Level 1:colcon.colcon_core.package_identification:_identify(src/crazyswarm2/systemtests/SDplotting) by extension 'ros'
[0.222s] Level 1:colcon.colcon_core.package_identification:_identify(src/crazyswarm2/systemtests/SDplotting) by extensions ['cmake', 'python']
[0.222s] Level 1:colcon.colcon_core.package_identification:_identify(src/crazyswarm2/systemtests/SDplotting) by extension 'cmake'
[0.222s] Level 1:colcon.colcon_core.package_identification:_identify(src/crazyswarm2/systemtests/SDplotting) by extension 'python'
[0.222s] Level 1:colcon.colcon_core.package_identification:_identify(src/crazyswarm2/systemtests/SDplotting) by extensions ['python_setup_py']
[0.222s] Level 1:colcon.colcon_core.package_identification:_identify(src/crazyswarm2/systemtests/SDplotting) by extension 'python_setup_py'
[0.222s] Level 1:colcon.colcon_core.package_identification:_identify(src/my_crazyflie) by extensions ['ignore', 'ignore_ament_install']
[0.223s] Level 1:colcon.colcon_core.package_identification:_identify(src/my_crazyflie) by extension 'ignore'
[0.223s] Level 1:colcon.colcon_core.package_identification:_identify(src/my_crazyflie) by extension 'ignore_ament_install'
[0.223s] Level 1:colcon.colcon_core.package_identification:_identify(src/my_crazyflie) by extensions ['colcon_pkg']
[0.223s] Level 1:colcon.colcon_core.package_identification:_identify(src/my_crazyflie) by extension 'colcon_pkg'
[0.223s] Level 1:colcon.colcon_core.package_identification:_identify(src/my_crazyflie) by extensions ['colcon_meta']
[0.223s] Level 1:colcon.colcon_core.package_identification:_identify(src/my_crazyflie) by extension 'colcon_meta'
[0.223s] Level 1:colcon.colcon_core.package_identification:_identify(src/my_crazyflie) by extensions ['ros']
[0.223s] Level 1:colcon.colcon_core.package_identification:_identify(src/my_crazyflie) by extension 'ros'
[0.223s] DEBUG:colcon.colcon_core.package_identification:Package 'src/my_crazyflie' with type 'ros.ament_python' and name 'my_crazyflie'
[0.223s] Level 1:colcon.colcon_core.package_discovery:discover_packages(recursive) using defaults
[0.223s] Level 1:colcon.colcon_core.package_discovery:discover_packages(ignore) discover
[0.223s] Level 1:colcon.colcon_core.package_discovery:discover_packages(ignore) using defaults
[0.223s] Level 1:colcon.colcon_core.package_discovery:discover_packages(path) discover
[0.223s] Level 1:colcon.colcon_core.package_discovery:discover_packages(path) using defaults
[0.237s] INFO:colcon.colcon_metadata.metadata.colcon_pkg:Updating descriptor of package 'src/crazyswarm2/crazyflie_py' from colcon.pkg: {'python-testing': 'pytest'}
[0.239s] Level 1:colcon.colcon_core.package_discovery:discover_packages(prefix_path) check parameters
[0.239s] Level 1:colcon.colcon_core.package_discovery:discover_packages(prefix_path) discover
[0.240s] DEBUG:colcon.colcon_installed_package_information.package_discovery:Found 7 installed packages in /home/iiitd/cf_ws/install
[0.241s] DEBUG:colcon.colcon_installed_package_information.package_discovery:Found 424 installed packages in /opt/ros/humble
[0.242s] Level 1:colcon.colcon_core.package_discovery:discover_packages(prefix_path) using defaults
[0.265s] Level 5:colcon.colcon_core.verb:set package 'crazyflie_description' build argument 'cmake_args' from command line to 'None'
[0.265s] Level 5:colcon.colcon_core.verb:set package 'crazyflie_description' build argument 'cmake_target' from command line to 'None'
[0.265s] Level 5:colcon.colcon_core.verb:set package 'crazyflie_description' build argument 'cmake_target_skip_unavailable' from command line to 'False'
[0.265s] Level 5:colcon.colcon_core.verb:set package 'crazyflie_description' build argument 'cmake_clean_cache' from command line to 'False'
[0.265s] Level 5:colcon.colcon_core.verb:set package 'crazyflie_description' build argument 'cmake_clean_first' from command line to 'False'
[0.265s] Level 5:colcon.colcon_core.verb:set package 'crazyflie_description' build argument 'cmake_force_configure' from command line to 'False'
[0.265s] Level 5:colcon.colcon_core.verb:set package 'crazyflie_description' build argument 'ament_cmake_args' from command line to 'None'
[0.265s] Level 5:colcon.colcon_core.verb:set package 'crazyflie_description' build argument 'catkin_cmake_args' from command line to 'None'
[0.265s] Level 5:colcon.colcon_core.verb:set package 'crazyflie_description' build argument 'catkin_skip_building_tests' from command line to 'False'
[0.265s] DEBUG:colcon.colcon_core.verb:Building package 'crazyflie_description' with the following arguments: {'ament_cmake_args': None, 'build_base': '/home/iiitd/cf_ws/build/crazyflie_description', 'catkin_cmake_args': None, 'catkin_skip_building_tests': False, 'cmake_args': None, 'cmake_clean_cache': False, 'cmake_clean_first': False, 'cmake_force_configure': False, 'cmake_target': None, 'cmake_target_skip_unavailable': False, 'install_base': '/home/iiitd/cf_ws/install/crazyflie_description', 'merge_install': False, 'path': '/home/iiitd/cf_ws/src/crazyswarm2/crazyflie_description', 'symlink_install': True, 'test_result_base': None}
[0.265s] Level 5:colcon.colcon_core.verb:set package 'crazyflie_interfaces' build argument 'cmake_args' from command line to 'None'
[0.265s] Level 5:colcon.colcon_core.verb:set package 'crazyflie_interfaces' build argument 'cmake_target' from command line to 'None'
[0.265s] Level 5:colcon.colcon_core.verb:set package 'crazyflie_interfaces' build argument 'cmake_target_skip_unavailable' from command line to 'False'
[0.265s] Level 5:colcon.colcon_core.verb:set package 'crazyflie_interfaces' build argument 'cmake_clean_cache' from command line to 'False'
[0.265s] Level 5:colcon.colcon_core.verb:set package 'crazyflie_interfaces' build argument 'cmake_clean_first' from command line to 'False'
[0.265s] Level 5:colcon.colcon_core.verb:set package 'crazyflie_interfaces' build argument 'cmake_force_configure' from command line to 'False'
[0.265s] Level 5:colcon.colcon_core.verb:set package 'crazyflie_interfaces' build argument 'ament_cmake_args' from command line to 'None'
[0.265s] Level 5:colcon.colcon_core.verb:set package 'crazyflie_interfaces' build argument 'catkin_cmake_args' from command line to 'None'
[0.265s] Level 5:colcon.colcon_core.verb:set package 'crazyflie_interfaces' build argument 'catkin_skip_building_tests' from command line to 'False'
[0.265s] DEBUG:colcon.colcon_core.verb:Building package 'crazyflie_interfaces' with the following arguments: {'ament_cmake_args': None, 'build_base': '/home/iiitd/cf_ws/build/crazyflie_interfaces', 'catkin_cmake_args': None, 'catkin_skip_building_tests': False, 'cmake_args': None, 'cmake_clean_cache': False, 'cmake_clean_first': False, 'cmake_force_configure': False, 'cmake_target': None, 'cmake_target_skip_unavailable': False, 'install_base': '/home/iiitd/cf_ws/install/crazyflie_interfaces', 'merge_install': False, 'path': '/home/iiitd/cf_ws/src/crazyswarm2/crazyflie_interfaces', 'symlink_install': True, 'test_result_base': None}
[0.265s] Level 5:colcon.colcon_core.verb:set package 'crazyflie' build argument 'cmake_args' from command line to 'None'
[0.265s] Level 5:colcon.colcon_core.verb:set package 'crazyflie' build argument 'cmake_target' from command line to 'None'
[0.265s] Level 5:colcon.colcon_core.verb:set package 'crazyflie' build argument 'cmake_target_skip_unavailable' from command line to 'False'
[0.265s] Level 5:colcon.colcon_core.verb:set package 'crazyflie' build argument 'cmake_clean_cache' from command line to 'False'
[0.265s] Level 5:colcon.colcon_core.verb:set package 'crazyflie' build argument 'cmake_clean_first' from command line to 'False'
[0.265s] Level 5:colcon.colcon_core.verb:set package 'crazyflie' build argument 'cmake_force_configure' from command line to 'False'
[0.265s] Level 5:colcon.colcon_core.verb:set package 'crazyflie' build argument 'ament_cmake_args' from command line to 'None'
[0.265s] Level 5:colcon.colcon_core.verb:set package 'crazyflie' build argument 'catkin_cmake_args' from command line to 'None'
[0.265s] Level 5:colcon.colcon_core.verb:set package 'crazyflie' build argument 'catkin_skip_building_tests' from command line to 'False'
[0.265s] DEBUG:colcon.colcon_core.verb:Building package 'crazyflie' with the following arguments: {'ament_cmake_args': None, 'build_base': '/home/iiitd/cf_ws/build/crazyflie', 'catkin_cmake_args': None, 'catkin_skip_building_tests': False, 'cmake_args': None, 'cmake_clean_cache': False, 'cmake_clean_first': False, 'cmake_force_configure': False, 'cmake_target': None, 'cmake_target_skip_unavailable': False, 'install_base': '/home/iiitd/cf_ws/install/crazyflie', 'merge_install': False, 'path': '/home/iiitd/cf_ws/src/crazyswarm2/crazyflie', 'symlink_install': True, 'test_result_base': None}
[0.266s] Level 5:colcon.colcon_core.verb:set package 'crazyflie_py' build argument 'cmake_args' from command line to 'None'
[0.266s] Level 5:colcon.colcon_core.verb:set package 'crazyflie_py' build argument 'cmake_target' from command line to 'None'
[0.266s] Level 5:colcon.colcon_core.verb:set package 'crazyflie_py' build argument 'cmake_target_skip_unavailable' from command line to 'False'
[0.266s] Level 5:colcon.colcon_core.verb:set package 'crazyflie_py' build argument 'cmake_clean_cache' from command line to 'False'
[0.266s] Level 5:colcon.colcon_core.verb:set package 'crazyflie_py' build argument 'cmake_clean_first' from command line to 'False'
[0.266s] Level 5:colcon.colcon_core.verb:set package 'crazyflie_py' build argument 'cmake_force_configure' from command line to 'False'
[0.266s] Level 5:colcon.colcon_core.verb:set package 'crazyflie_py' build argument 'ament_cmake_args' from command line to 'None'
[0.266s] Level 5:colcon.colcon_core.verb:set package 'crazyflie_py' build argument 'catkin_cmake_args' from command line to 'None'
[0.266s] Level 5:colcon.colcon_core.verb:set package 'crazyflie_py' build argument 'catkin_skip_building_tests' from command line to 'False'
[0.266s] DEBUG:colcon.colcon_core.verb:Building package 'crazyflie_py' with the following arguments: {'ament_cmake_args': None, 'build_base': '/home/iiitd/cf_ws/build/crazyflie_py', 'catkin_cmake_args': None, 'catkin_skip_building_tests': False, 'cmake_args': None, 'cmake_clean_cache': False, 'cmake_clean_first': False, 'cmake_force_configure': False, 'cmake_target': None, 'cmake_target_skip_unavailable': False, 'install_base': '/home/iiitd/cf_ws/install/crazyflie_py', 'merge_install': False, 'path': '/home/iiitd/cf_ws/src/crazyswarm2/crazyflie_py', 'symlink_install': True, 'test_result_base': None}
[0.266s] Level 5:colcon.colcon_core.verb:set package 'crazyflie_server_py' build argument 'cmake_args' from command line to 'None'
[0.266s] Level 5:colcon.colcon_core.verb:set package 'crazyflie_server_py' build argument 'cmake_target' from command line to 'None'
[0.266s] Level 5:colcon.colcon_core.verb:set package 'crazyflie_server_py' build argument 'cmake_target_skip_unavailable' from command line to 'False'
[0.266s] Level 5:colcon.colcon_core.verb:set package 'crazyflie_server_py' build argument 'cmake_clean_cache' from command line to 'False'
[0.266s] Level 5:colcon.colcon_core.verb:set package 'crazyflie_server_py' build argument 'cmake_clean_first' from command line to 'False'
[0.266s] Level 5:colcon.colcon_core.verb:set package 'crazyflie_server_py' build argument 'cmake_force_configure' from command line to 'False'
[0.266s] Level 5:colcon.colcon_core.verb:set package 'crazyflie_server_py' build argument 'ament_cmake_args' from command line to 'None'
[0.266s] Level 5:colcon.colcon_core.verb:set package 'crazyflie_server_py' build argument 'catkin_cmake_args' from command line to 'None'
[0.266s] Level 5:colcon.colcon_core.verb:set package 'crazyflie_server_py' build argument 'catkin_skip_building_tests' from command line to 'False'
[0.266s] DEBUG:colcon.colcon_core.verb:Building package 'crazyflie_server_py' with the following arguments: {'ament_cmake_args': None, 'build_base': '/home/iiitd/cf_ws/build/crazyflie_server_py', 'catkin_cmake_args': None, 'catkin_skip_building_tests': False, 'cmake_args': None, 'cmake_clean_cache': False, 'cmake_clean_first': False, 'cmake_force_configure': False, 'cmake_target': None, 'cmake_target_skip_unavailable': False, 'install_base': '/home/iiitd/cf_ws/install/crazyflie_server_py', 'merge_install': False, 'path': '/home/iiitd/cf_ws/src/crazyswarm2/crazyflie_server_py', 'symlink_install': True, 'test_result_base': None}
[0.266s] Level 5:colcon.colcon_core.verb:set package 'crazyflie_sim' build argument 'cmake_args' from command line to 'None'
[0.266s] Level 5:colcon.colcon_core.verb:set package 'crazyflie_sim' build argument 'cmake_target' from command line to 'None'
[0.266s] Level 5:colcon.colcon_core.verb:set package 'crazyflie_sim' build argument 'cmake_target_skip_unavailable' from command line to 'False'
[0.266s] Level 5:colcon.colcon_core.verb:set package 'crazyflie_sim' build argument 'cmake_clean_cache' from command line to 'False'
[0.266s] Level 5:colcon.colcon_core.verb:set package 'crazyflie_sim' build argument 'cmake_clean_first' from command line to 'False'
[0.266s] Level 5:colcon.colcon_core.verb:set package 'crazyflie_sim' build argument 'cmake_force_configure' from command line to 'False'
[0.266s] Level 5:colcon.colcon_core.verb:set package 'crazyflie_sim' build argument 'ament_cmake_args' from command line to 'None'
[0.266s] Level 5:colcon.colcon_core.verb:set package 'crazyflie_sim' build argument 'catkin_cmake_args' from command line to 'None'
[0.266s] Level 5:colcon.colcon_core.verb:set package 'crazyflie_sim' build argument 'catkin_skip_building_tests' from command line to 'False'
[0.266s] DEBUG:colcon.colcon_core.verb:Building package 'crazyflie_sim' with the following arguments: {'ament_cmake_args': None, 'build_base': '/home/iiitd/cf_ws/build/crazyflie_sim', 'catkin_cmake_args': None, 'catkin_skip_building_tests': False, 'cmake_args': None, 'cmake_clean_cache': False, 'cmake_clean_first': False, 'cmake_force_configure': False, 'cmake_target': None, 'cmake_target_skip_unavailable': False, 'install_base': '/home/iiitd/cf_ws/install/crazyflie_sim', 'merge_install': False, 'path': '/home/iiitd/cf_ws/src/crazyswarm2/crazyflie_sim', 'symlink_install': True, 'test_result_base': None}
[0.266s] Level 5:colcon.colcon_core.verb:set package 'my_crazyflie' build argument 'cmake_args' from command line to 'None'
[0.266s] Level 5:colcon.colcon_core.verb:set package 'my_crazyflie' build argument 'cmake_target' from command line to 'None'
[0.266s] Level 5:colcon.colcon_core.verb:set package 'my_crazyflie' build argument 'cmake_target_skip_unavailable' from command line to 'False'
[0.266s] Level 5:colcon.colcon_core.verb:set package 'my_crazyflie' build argument 'cmake_clean_cache' from command line to 'False'
[0.266s] Level 5:colcon.colcon_core.verb:set package 'my_crazyflie' build argument 'cmake_clean_first' from command line to 'False'
[0.266s] Level 5:colcon.colcon_core.verb:set package 'my_crazyflie' build argument 'cmake_force_configure' from command line to 'False'
[0.266s] Level 5:colcon.colcon_core.verb:set package 'my_crazyflie' build argument 'ament_cmake_args' from command line to 'None'
[0.266s] Level 5:colcon.colcon_core.verb:set package 'my_crazyflie' build argument 'catkin_cmake_args' from command line to 'None'
[0.266s] Level 5:colcon.colcon_core.verb:set package 'my_crazyflie' build argument 'catkin_skip_building_tests' from command line to 'False'
[0.266s] DEBUG:colcon.colcon_core.verb:Building package 'my_crazyflie' with the following arguments: {'ament_cmake_args': None, 'build_base': '/home/iiitd/cf_ws/build/my_crazyflie', 'catkin_cmake_args': None, 'catkin_skip_building_tests': False, 'cmake_args': None, 'cmake_clean_cache': False, 'cmake_clean_first': False, 'cmake_force_configure': False, 'cmake_target': None, 'cmake_target_skip_unavailable': False, 'install_base': '/home/iiitd/cf_ws/install/my_crazyflie', 'merge_install': False, 'path': '/home/iiitd/cf_ws/src/my_crazyflie', 'symlink_install': True, 'test_result_base': None}
[0.266s] Level 5:colcon.colcon_core.verb:set package 'crazyflie_examples' build argument 'cmake_args' from command line to 'None'
[0.266s] Level 5:colcon.colcon_core.verb:set package 'crazyflie_examples' build argument 'cmake_target' from command line to 'None'
[0.266s] Level 5:colcon.colcon_core.verb:set package 'crazyflie_examples' build argument 'cmake_target_skip_unavailable' from command line to 'False'
[0.266s] Level 5:colcon.colcon_core.verb:set package 'crazyflie_examples' build argument 'cmake_clean_cache' from command line to 'False'
[0.266s] Level 5:colcon.colcon_core.verb:set package 'crazyflie_examples' build argument 'cmake_clean_first' from command line to 'False'
[0.266s] Level 5:colcon.colcon_core.verb:set package 'crazyflie_examples' build argument 'cmake_force_configure' from command line to 'False'
[0.266s] Level 5:colcon.colcon_core.verb:set package 'crazyflie_examples' build argument 'ament_cmake_args' from command line to 'None'
[0.266s] Level 5:colcon.colcon_core.verb:set package 'crazyflie_examples' build argument 'catkin_cmake_args' from command line to 'None'
[0.266s] Level 5:colcon.colcon_core.verb:set package 'crazyflie_examples' build argument 'catkin_skip_building_tests' from command line to 'False'
[0.266s] DEBUG:colcon.colcon_core.verb:Building package 'crazyflie_examples' with the following arguments: {'ament_cmake_args': None, 'build_base': '/home/iiitd/cf_ws/build/crazyflie_examples', 'catkin_cmake_args': None, 'catkin_skip_building_tests': False, 'cmake_args': None, 'cmake_clean_cache': False, 'cmake_clean_first': False, 'cmake_force_configure': False, 'cmake_target': None, 'cmake_target_skip_unavailable': False, 'install_base': '/home/iiitd/cf_ws/install/crazyflie_examples', 'merge_install': False, 'path': '/home/iiitd/cf_ws/src/crazyswarm2/crazyflie_examples', 'symlink_install': True, 'test_result_base': None}
[0.267s] INFO:colcon.colcon_core.executor:Executing jobs using 'parallel' executor
[0.267s] DEBUG:colcon.colcon_parallel_executor.executor.parallel:run_until_complete
[0.267s] INFO:colcon.colcon_ros.task.ament_cmake.build:Building ROS package in '/home/iiitd/cf_ws/src/crazyswarm2/crazyflie_interfaces' with build type 'ament_cmake'
[0.267s] INFO:colcon.colcon_cmake.task.cmake.build:Building CMake package in '/home/iiitd/cf_ws/src/crazyswarm2/crazyflie_interfaces'
[0.270s] INFO:colcon.colcon_core.plugin_system:Skipping extension 'colcon_core.shell.bat': Not used on non-Windows systems
[0.270s] INFO:colcon.colcon_core.shell:Skip shell extension 'powershell' for command environment: Not usable outside of PowerShell
[0.270s] DEBUG:colcon.colcon_core.shell:Skip shell extension 'dsv' for command environment
[0.272s] INFO:colcon.colcon_ros.task.ament_cmake.build:Building ROS package in '/home/iiitd/cf_ws/src/crazyswarm2/crazyflie_description' with build type 'ament_cmake'
[0.272s] INFO:colcon.colcon_cmake.task.cmake.build:Building CMake package in '/home/iiitd/cf_ws/src/crazyswarm2/crazyflie_description'
[0.272s] INFO:colcon.colcon_core.shell:Skip shell extension 'powershell' for command environment: Not usable outside of PowerShell
[0.272s] DEBUG:colcon.colcon_core.shell:Skip shell extension 'dsv' for command environment
[0.278s] DEBUG:colcon.colcon_core.event_handler.log_command:Invoking command in '/home/iiitd/cf_ws/build/crazyflie_interfaces': CMAKE_PREFIX_PATH=${CMAKE_PREFIX_PATH}:/home/iiitd/cf_ws/install/crazyflie_server_py:/home/iiitd/cf_ws/install/crazyflie_py:/opt/ros/humble /usr/bin/cmake --build /home/iiitd/cf_ws/build/crazyflie_interfaces -- -j28 -l28
[0.280s] DEBUG:colcon.colcon_core.event_handler.log_command:Invoking command in '/home/iiitd/cf_ws/build/crazyflie_description': CMAKE_PREFIX_PATH=${CMAKE_PREFIX_PATH}:/home/iiitd/cf_ws/install/crazyflie_server_py:/home/iiitd/cf_ws/install/crazyflie_py:/opt/ros/humble /usr/bin/cmake --build /home/iiitd/cf_ws/build/crazyflie_description -- -j28 -l28
[0.359s] DEBUG:colcon.colcon_core.event_handler.log_command:Invoked command in '/home/iiitd/cf_ws/build/crazyflie_description' returned '0': CMAKE_PREFIX_PATH=${CMAKE_PREFIX_PATH}:/home/iiitd/cf_ws/install/crazyflie_server_py:/home/iiitd/cf_ws/install/crazyflie_py:/opt/ros/humble /usr/bin/cmake --build /home/iiitd/cf_ws/build/crazyflie_description -- -j28 -l28
[0.365s] DEBUG:colcon.colcon_core.event_handler.log_command:Invoking command in '/home/iiitd/cf_ws/build/crazyflie_description': CMAKE_PREFIX_PATH=${CMAKE_PREFIX_PATH}:/home/iiitd/cf_ws/install/crazyflie_server_py:/home/iiitd/cf_ws/install/crazyflie_py:/opt/ros/humble /usr/bin/cmake --install /home/iiitd/cf_ws/build/crazyflie_description
[0.383s] Level 1:colcon.colcon_core.environment:create_environment_scripts_only(crazyflie_description)
[0.383s] DEBUG:colcon.colcon_core.event_handler.log_command:Invoked command in '/home/iiitd/cf_ws/build/crazyflie_description' returned '0': CMAKE_PREFIX_PATH=${CMAKE_PREFIX_PATH}:/home/iiitd/cf_ws/install/crazyflie_server_py:/home/iiitd/cf_ws/install/crazyflie_py:/opt/ros/humble /usr/bin/cmake --install /home/iiitd/cf_ws/build/crazyflie_description
[0.387s] Level 1:colcon.colcon_core.environment:checking '/home/iiitd/cf_ws/install/crazyflie_description' for CMake module files
[0.388s] Level 1:colcon.colcon_core.environment:checking '/home/iiitd/cf_ws/install/crazyflie_description' for CMake config files
[0.388s] Level 1:colcon.colcon_core.shell:create_environment_hook('crazyflie_description', 'cmake_prefix_path')
[0.388s] INFO:colcon.colcon_core.shell:Creating environment hook '/home/iiitd/cf_ws/install/crazyflie_description/share/crazyflie_description/hook/cmake_prefix_path.ps1'
[0.389s] INFO:colcon.colcon_core.shell:Creating environment descriptor '/home/iiitd/cf_ws/install/crazyflie_description/share/crazyflie_description/hook/cmake_prefix_path.dsv'
[0.389s] INFO:colcon.colcon_core.shell:Creating environment hook '/home/iiitd/cf_ws/install/crazyflie_description/share/crazyflie_description/hook/cmake_prefix_path.sh'
[0.390s] Level 1:colcon.colcon_core.environment:checking '/home/iiitd/cf_ws/install/crazyflie_description/bin'
[0.390s] Level 1:colcon.colcon_core.environment:checking '/home/iiitd/cf_ws/install/crazyflie_description/lib/pkgconfig/crazyflie_description.pc'
[0.390s] Level 1:colcon.colcon_core.environment:checking '/home/iiitd/cf_ws/install/crazyflie_description/lib/python3.10/site-packages'
[0.390s] Level 1:colcon.colcon_core.environment:checking '/home/iiitd/cf_ws/install/crazyflie_description/bin'
[0.390s] INFO:colcon.colcon_core.shell:Creating package script '/home/iiitd/cf_ws/install/crazyflie_description/share/crazyflie_description/package.ps1'
[0.391s] INFO:colcon.colcon_core.shell:Creating package descriptor '/home/iiitd/cf_ws/install/crazyflie_description/share/crazyflie_description/package.dsv'
[0.392s] INFO:colcon.colcon_core.shell:Creating package script '/home/iiitd/cf_ws/install/crazyflie_description/share/crazyflie_description/package.sh'
[0.392s] INFO:colcon.colcon_core.shell:Creating package script '/home/iiitd/cf_ws/install/crazyflie_description/share/crazyflie_description/package.bash'
[0.393s] INFO:colcon.colcon_core.shell:Creating package script '/home/iiitd/cf_ws/install/crazyflie_description/share/crazyflie_description/package.zsh'
[0.393s] Level 1:colcon.colcon_core.environment:create_file_with_runtime_dependencies(/home/iiitd/cf_ws/install/crazyflie_description/share/colcon-core/packages/crazyflie_description)
[0.394s] Level 1:colcon.colcon_core.environment:create_environment_scripts_only(crazyflie_description)
[0.394s] Level 1:colcon.colcon_core.environment:checking '/home/iiitd/cf_ws/install/crazyflie_description' for CMake module files
[0.394s] Level 1:colcon.colcon_core.environment:checking '/home/iiitd/cf_ws/install/crazyflie_description' for CMake config files
[0.394s] Level 1:colcon.colcon_core.shell:create_environment_hook('crazyflie_description', 'cmake_prefix_path')
[0.394s] INFO:colcon.colcon_core.shell:Creating environment hook '/home/iiitd/cf_ws/install/crazyflie_description/share/crazyflie_description/hook/cmake_prefix_path.ps1'
[0.395s] INFO:colcon.colcon_core.shell:Creating environment descriptor '/home/iiitd/cf_ws/install/crazyflie_description/share/crazyflie_description/hook/cmake_prefix_path.dsv'
[0.395s] INFO:colcon.colcon_core.shell:Creating environment hook '/home/iiitd/cf_ws/install/crazyflie_description/share/crazyflie_description/hook/cmake_prefix_path.sh'
[0.395s] Level 1:colcon.colcon_core.environment:checking '/home/iiitd/cf_ws/install/crazyflie_description/bin'
[0.395s] Level 1:colcon.colcon_core.environment:checking '/home/iiitd/cf_ws/install/crazyflie_description/lib/pkgconfig/crazyflie_description.pc'
[0.395s] Level 1:colcon.colcon_core.environment:checking '/home/iiitd/cf_ws/install/crazyflie_description/lib/python3.10/site-packages'
[0.395s] Level 1:colcon.colcon_core.environment:checking '/home/iiitd/cf_ws/install/crazyflie_description/bin'
[0.396s] INFO:colcon.colcon_core.shell:Creating package script '/home/iiitd/cf_ws/install/crazyflie_description/share/crazyflie_description/package.ps1'
[0.396s] INFO:colcon.colcon_core.shell:Creating package descriptor '/home/iiitd/cf_ws/install/crazyflie_description/share/crazyflie_description/package.dsv'
[0.396s] INFO:colcon.colcon_core.shell:Creating package script '/home/iiitd/cf_ws/install/crazyflie_description/share/crazyflie_description/package.sh'
[0.397s] INFO:colcon.colcon_core.shell:Creating package script '/home/iiitd/cf_ws/install/crazyflie_description/share/crazyflie_description/package.bash'
[0.397s] INFO:colcon.colcon_core.shell:Creating package script '/home/iiitd/cf_ws/install/crazyflie_description/share/crazyflie_description/package.zsh'
[0.397s] Level 1:colcon.colcon_core.environment:create_file_with_runtime_dependencies(/home/iiitd/cf_ws/install/crazyflie_description/share/colcon-core/packages/crazyflie_description)
[0.539s] DEBUG:colcon.colcon_core.event_handler.log_command:Invoked command in '/home/iiitd/cf_ws/build/crazyflie_interfaces' returned '0': CMAKE_PREFIX_PATH=${CMAKE_PREFIX_PATH}:/home/iiitd/cf_ws/install/crazyflie_server_py:/home/iiitd/cf_ws/install/crazyflie_py:/opt/ros/humble /usr/bin/cmake --build /home/iiitd/cf_ws/build/crazyflie_interfaces -- -j28 -l28
[0.541s] DEBUG:colcon.colcon_core.event_handler.log_command:Invoking command in '/home/iiitd/cf_ws/build/crazyflie_interfaces': CMAKE_PREFIX_PATH=${CMAKE_PREFIX_PATH}:/home/iiitd/cf_ws/install/crazyflie_server_py:/home/iiitd/cf_ws/install/crazyflie_py:/opt/ros/humble /usr/bin/cmake --install /home/iiitd/cf_ws/build/crazyflie_interfaces
[0.595s] Level 1:colcon.colcon_core.environment:create_environment_scripts_only(crazyflie_interfaces)
[0.595s] DEBUG:colcon.colcon_core.event_handler.log_command:Invoked command in '/home/iiitd/cf_ws/build/crazyflie_interfaces' returned '0': CMAKE_PREFIX_PATH=${CMAKE_PREFIX_PATH}:/home/iiitd/cf_ws/install/crazyflie_server_py:/home/iiitd/cf_ws/install/crazyflie_py:/opt/ros/humble /usr/bin/cmake --install /home/iiitd/cf_ws/build/crazyflie_interfaces
[0.596s] Level 1:colcon.colcon_core.environment:checking '/home/iiitd/cf_ws/install/crazyflie_interfaces' for CMake module files
[0.596s] Level 1:colcon.colcon_core.environment:checking '/home/iiitd/cf_ws/install/crazyflie_interfaces' for CMake config files
[0.597s] Level 1:colcon.colcon_core.shell:create_environment_hook('crazyflie_interfaces', 'cmake_prefix_path')
[0.597s] INFO:colcon.colcon_core.shell:Creating environment hook '/home/iiitd/cf_ws/install/crazyflie_interfaces/share/crazyflie_interfaces/hook/cmake_prefix_path.ps1'
[0.597s] INFO:colcon.colcon_core.shell:Creating environment descriptor '/home/iiitd/cf_ws/install/crazyflie_interfaces/share/crazyflie_interfaces/hook/cmake_prefix_path.dsv'
[0.598s] INFO:colcon.colcon_core.shell:Creating environment hook '/home/iiitd/cf_ws/install/crazyflie_interfaces/share/crazyflie_interfaces/hook/cmake_prefix_path.sh'
[0.598s] Level 1:colcon.colcon_core.environment:checking '/home/iiitd/cf_ws/install/crazyflie_interfaces/lib'
[0.598s] Level 1:colcon.colcon_core.shell:create_environment_hook('crazyflie_interfaces', 'ld_library_path_lib')
[0.598s] INFO:colcon.colcon_core.shell:Creating environment hook '/home/iiitd/cf_ws/install/crazyflie_interfaces/share/crazyflie_interfaces/hook/ld_library_path_lib.ps1'
[0.599s] INFO:colcon.colcon_core.shell:Creating environment descriptor '/home/iiitd/cf_ws/install/crazyflie_interfaces/share/crazyflie_interfaces/hook/ld_library_path_lib.dsv'
[0.599s] INFO:colcon.colcon_core.shell:Creating environment hook '/home/iiitd/cf_ws/install/crazyflie_interfaces/share/crazyflie_interfaces/hook/ld_library_path_lib.sh'
[0.599s] Level 1:colcon.colcon_core.environment:checking '/home/iiitd/cf_ws/install/crazyflie_interfaces/bin'
[0.599s] Level 1:colcon.colcon_core.environment:checking '/home/iiitd/cf_ws/install/crazyflie_interfaces/lib/pkgconfig/crazyflie_interfaces.pc'
[0.599s] Level 1:colcon.colcon_core.environment:checking '/home/iiitd/cf_ws/install/crazyflie_interfaces/lib/python3.10/site-packages'
[0.599s] Level 1:colcon.colcon_core.environment:checking '/home/iiitd/cf_ws/install/crazyflie_interfaces/bin'
[0.599s] INFO:colcon.colcon_core.shell:Creating package script '/home/iiitd/cf_ws/install/crazyflie_interfaces/share/crazyflie_interfaces/package.ps1'
[0.600s] INFO:colcon.colcon_core.shell:Creating package descriptor '/home/iiitd/cf_ws/install/crazyflie_interfaces/share/crazyflie_interfaces/package.dsv'
[0.600s] INFO:colcon.colcon_core.shell:Creating package script '/home/iiitd/cf_ws/install/crazyflie_interfaces/share/crazyflie_interfaces/package.sh'
[0.600s] INFO:colcon.colcon_core.shell:Creating package script '/home/iiitd/cf_ws/install/crazyflie_interfaces/share/crazyflie_interfaces/package.bash'
[0.600s] INFO:colcon.colcon_core.shell:Creating package script '/home/iiitd/cf_ws/install/crazyflie_interfaces/share/crazyflie_interfaces/package.zsh'
[0.600s] Level 1:colcon.colcon_core.environment:create_file_with_runtime_dependencies(/home/iiitd/cf_ws/install/crazyflie_interfaces/share/colcon-core/packages/crazyflie_interfaces)
[0.601s] Level 1:colcon.colcon_core.environment:create_environment_scripts_only(crazyflie_interfaces)
[0.601s] Level 1:colcon.colcon_core.environment:checking '/home/iiitd/cf_ws/install/crazyflie_interfaces' for CMake module files
[0.601s] Level 1:colcon.colcon_core.environment:checking '/home/iiitd/cf_ws/install/crazyflie_interfaces' for CMake config files
[0.601s] Level 1:colcon.colcon_core.shell:create_environment_hook('crazyflie_interfaces', 'cmake_prefix_path')
[0.601s] INFO:colcon.colcon_core.shell:Creating environment hook '/home/iiitd/cf_ws/install/crazyflie_interfaces/share/crazyflie_interfaces/hook/cmake_prefix_path.ps1'
[0.601s] INFO:colcon.colcon_core.shell:Creating environment descriptor '/home/iiitd/cf_ws/install/crazyflie_interfaces/share/crazyflie_interfaces/hook/cmake_prefix_path.dsv'
[0.602s] INFO:colcon.colcon_core.shell:Creating environment hook '/home/iiitd/cf_ws/install/crazyflie_interfaces/share/crazyflie_interfaces/hook/cmake_prefix_path.sh'
[0.602s] Level 1:colcon.colcon_core.environment:checking '/home/iiitd/cf_ws/install/crazyflie_interfaces/lib'
[0.602s] Level 1:colcon.colcon_core.shell:create_environment_hook('crazyflie_interfaces', 'ld_library_path_lib')
[0.602s] INFO:colcon.colcon_core.shell:Creating environment hook '/home/iiitd/cf_ws/install/crazyflie_interfaces/share/crazyflie_interfaces/hook/ld_library_path_lib.ps1'
[0.602s] INFO:colcon.colcon_core.shell:Creating environment descriptor '/home/iiitd/cf_ws/install/crazyflie_interfaces/share/crazyflie_interfaces/hook/ld_library_path_lib.dsv'
[0.602s] INFO:colcon.colcon_core.shell:Creating environment hook '/home/iiitd/cf_ws/install/crazyflie_interfaces/share/crazyflie_interfaces/hook/ld_library_path_lib.sh'
[0.602s] Level 1:colcon.colcon_core.environment:checking '/home/iiitd/cf_ws/install/crazyflie_interfaces/bin'
[0.602s] Level 1:colcon.colcon_core.environment:checking '/home/iiitd/cf_ws/install/crazyflie_interfaces/lib/pkgconfig/crazyflie_interfaces.pc'
[0.602s] Level 1:colcon.colcon_core.environment:checking '/home/iiitd/cf_ws/install/crazyflie_interfaces/lib/python3.10/site-packages'
[0.603s] Level 1:colcon.colcon_core.environment:checking '/home/iiitd/cf_ws/install/crazyflie_interfaces/bin'
[0.603s] INFO:colcon.colcon_core.shell:Creating package script '/home/iiitd/cf_ws/install/crazyflie_interfaces/share/crazyflie_interfaces/package.ps1'
[0.603s] INFO:colcon.colcon_core.shell:Creating package descriptor '/home/iiitd/cf_ws/install/crazyflie_interfaces/share/crazyflie_interfaces/package.dsv'
[0.603s] INFO:colcon.colcon_core.shell:Creating package script '/home/iiitd/cf_ws/install/crazyflie_interfaces/share/crazyflie_interfaces/package.sh'
[0.603s] INFO:colcon.colcon_core.shell:Creating package script '/home/iiitd/cf_ws/install/crazyflie_interfaces/share/crazyflie_interfaces/package.bash'
[0.603s] INFO:colcon.colcon_core.shell:Creating package script '/home/iiitd/cf_ws/install/crazyflie_interfaces/share/crazyflie_interfaces/package.zsh'
[0.604s] Level 1:colcon.colcon_core.environment:create_file_with_runtime_dependencies(/home/iiitd/cf_ws/install/crazyflie_interfaces/share/colcon-core/packages/crazyflie_interfaces)
[0.604s] INFO:colcon.colcon_ros.task.ament_python.build:Building ROS package in '/home/iiitd/cf_ws/src/crazyswarm2/crazyflie_py' with build type 'ament_python'
[0.604s] Level 1:colcon.colcon_core.shell:create_environment_hook('crazyflie_py', 'ament_prefix_path')
[0.604s] INFO:colcon.colcon_core.shell:Creating environment hook '/home/iiitd/cf_ws/install/crazyflie_py/share/crazyflie_py/hook/ament_prefix_path.ps1'
[0.604s] INFO:colcon.colcon_core.shell:Creating environment descriptor '/home/iiitd/cf_ws/install/crazyflie_py/share/crazyflie_py/hook/ament_prefix_path.dsv'
[0.605s] INFO:colcon.colcon_core.shell:Creating environment hook '/home/iiitd/cf_ws/install/crazyflie_py/share/crazyflie_py/hook/ament_prefix_path.sh'
[0.605s] INFO:colcon.colcon_core.shell:Skip shell extension 'powershell' for command environment: Not usable outside of PowerShell
[0.605s] DEBUG:colcon.colcon_core.shell:Skip shell extension 'dsv' for command environment
[0.607s] INFO:colcon.colcon_ros.task.ament_cmake.build:Building ROS package in '/home/iiitd/cf_ws/src/crazyswarm2/crazyflie' with build type 'ament_cmake'
[0.607s] INFO:colcon.colcon_cmake.task.cmake.build:Building CMake package in '/home/iiitd/cf_ws/src/crazyswarm2/crazyflie'
[0.607s] INFO:colcon.colcon_core.shell:Skip shell extension 'powershell' for command environment: Not usable outside of PowerShell
[0.607s] DEBUG:colcon.colcon_core.shell:Skip shell extension 'dsv' for command environment
[0.609s] INFO:colcon.colcon_ros.task.ament_python.build:Building ROS package in '/home/iiitd/cf_ws/src/crazyswarm2/crazyflie_server_py' with build type 'ament_python'
[0.609s] Level 1:colcon.colcon_core.shell:create_environment_hook('crazyflie_server_py', 'ament_prefix_path')
[0.609s] INFO:colcon.colcon_core.shell:Creating environment hook '/home/iiitd/cf_ws/install/crazyflie_server_py/share/crazyflie_server_py/hook/ament_prefix_path.ps1'
[0.609s] INFO:colcon.colcon_core.shell:Creating environment descriptor '/home/iiitd/cf_ws/install/crazyflie_server_py/share/crazyflie_server_py/hook/ament_prefix_path.dsv'
[0.609s] INFO:colcon.colcon_core.shell:Creating environment hook '/home/iiitd/cf_ws/install/crazyflie_server_py/share/crazyflie_server_py/hook/ament_prefix_path.sh'
[0.609s] INFO:colcon.colcon_core.shell:Skip shell extension 'powershell' for command environment: Not usable outside of PowerShell
[0.609s] DEBUG:colcon.colcon_core.shell:Skip shell extension 'dsv' for command environment
[0.611s] INFO:colcon.colcon_ros.task.ament_cmake.build:Building ROS package in '/home/iiitd/cf_ws/src/crazyswarm2/crazyflie_sim' with build type 'ament_cmake'
[0.611s] INFO:colcon.colcon_cmake.task.cmake.build:Building CMake package in '/home/iiitd/cf_ws/src/crazyswarm2/crazyflie_sim'
[0.611s] INFO:colcon.colcon_core.shell:Skip shell extension 'powershell' for command environment: Not usable outside of PowerShell
[0.611s] DEBUG:colcon.colcon_core.shell:Skip shell extension 'dsv' for command environment
[0.613s] INFO:colcon.colcon_ros.task.ament_python.build:Building ROS package in '/home/iiitd/cf_ws/src/my_crazyflie' with build type 'ament_python'
[0.613s] Level 1:colcon.colcon_core.shell:create_environment_hook('my_crazyflie', 'ament_prefix_path')
[0.613s] INFO:colcon.colcon_core.shell:Creating environment hook '/home/iiitd/cf_ws/install/my_crazyflie/share/my_crazyflie/hook/ament_prefix_path.ps1'
[0.614s] INFO:colcon.colcon_core.shell:Creating environment descriptor '/home/iiitd/cf_ws/install/my_crazyflie/share/my_crazyflie/hook/ament_prefix_path.dsv'
[0.614s] INFO:colcon.colcon_core.shell:Creating environment hook '/home/iiitd/cf_ws/install/my_crazyflie/share/my_crazyflie/hook/ament_prefix_path.sh'
[0.614s] INFO:colcon.colcon_core.shell:Skip shell extension 'powershell' for command environment: Not usable outside of PowerShell
[0.614s] DEBUG:colcon.colcon_core.shell:Skip shell extension 'dsv' for command environment
[0.745s] INFO:colcon.colcon_core.task.python.build:Building Python package in '/home/iiitd/cf_ws/src/crazyswarm2/crazyflie_py'
[0.746s] INFO:colcon.colcon_core.shell:Skip shell extension 'powershell' for command environment: Not usable outside of PowerShell
[0.746s] DEBUG:colcon.colcon_core.shell:Skip shell extension 'dsv' for command environment
[0.750s] DEBUG:colcon.colcon_core.event_handler.log_command:Invoking command in '/home/iiitd/cf_ws/build/crazyflie': CMAKE_PREFIX_PATH=/home/iiitd/cf_ws/install/crazyflie_interfaces:/home/iiitd/cf_ws/install/crazyflie_description:/home/iiitd/cf_ws/install/crazyflie_sim:/home/iiitd/cf_ws/install/crazyflie_examples:/home/iiitd/cf_ws/install/crazyflie:/home/iiitd/cf_ws/install/crazyflie_server_py:/home/iiitd/cf_ws/install/crazyflie_py:/opt/ros/humble /usr/bin/cmake --build /home/iiitd/cf_ws/build/crazyflie -- -j28 -l28
[0.888s] INFO:colcon.colcon_core.task.python.build:Building Python package in '/home/iiitd/cf_ws/src/crazyswarm2/crazyflie_server_py'
[0.888s] INFO:colcon.colcon_core.shell:Skip shell extension 'powershell' for command environment: Not usable outside of PowerShell
[0.888s] DEBUG:colcon.colcon_core.shell:Skip shell extension 'dsv' for command environment
[0.892s] DEBUG:colcon.colcon_core.event_handler.log_command:Invoking command in '/home/iiitd/cf_ws/build/crazyflie_sim': CMAKE_PREFIX_PATH=/home/iiitd/cf_ws/install/crazyflie_interfaces:/home/iiitd/cf_ws/install/crazyflie_sim:/home/iiitd/cf_ws/install/crazyflie_examples:/home/iiitd/cf_ws/install/crazyflie:/home/iiitd/cf_ws/install/crazyflie_description:/home/iiitd/cf_ws/install/crazyflie_server_py:/home/iiitd/cf_ws/install/crazyflie_py:/opt/ros/humble /usr/bin/cmake --build /home/iiitd/cf_ws/build/crazyflie_sim -- -j28 -l28
[1.024s] INFO:colcon.colcon_core.task.python.build:Building Python package in '/home/iiitd/cf_ws/src/my_crazyflie'
[1.024s] INFO:colcon.colcon_core.shell:Skip shell extension 'powershell' for command environment: Not usable outside of PowerShell
[1.024s] DEBUG:colcon.colcon_core.shell:Skip shell extension 'dsv' for command environment
[1.027s] DEBUG:colcon.colcon_core.event_handler.log_command:Invoked command in '/home/iiitd/cf_ws/build/crazyflie' returned '0': CMAKE_PREFIX_PATH=/home/iiitd/cf_ws/install/crazyflie_interfaces:/home/iiitd/cf_ws/install/crazyflie_description:/home/iiitd/cf_ws/install/crazyflie_sim:/home/iiitd/cf_ws/install/crazyflie_examples:/home/iiitd/cf_ws/install/crazyflie:/home/iiitd/cf_ws/install/crazyflie_server_py:/home/iiitd/cf_ws/install/crazyflie_py:/opt/ros/humble /usr/bin/cmake --build /home/iiitd/cf_ws/build/crazyflie -- -j28 -l28
[1.028s] DEBUG:colcon.colcon_core.event_handler.log_command:Invoking command in '/home/iiitd/cf_ws/build/crazyflie': CMAKE_PREFIX_PATH=/home/iiitd/cf_ws/install/crazyflie_interfaces:/home/iiitd/cf_ws/install/crazyflie_description:/home/iiitd/cf_ws/install/crazyflie_sim:/home/iiitd/cf_ws/install/crazyflie_examples:/home/iiitd/cf_ws/install/crazyflie:/home/iiitd/cf_ws/install/crazyflie_server_py:/home/iiitd/cf_ws/install/crazyflie_py:/opt/ros/humble /usr/bin/cmake --install /home/iiitd/cf_ws/build/crazyflie
[1.044s] Level 1:colcon.colcon_core.environment:create_environment_scripts_only(crazyflie)
[1.044s] Level 1:colcon.colcon_core.environment:checking '/home/iiitd/cf_ws/install/crazyflie' for CMake module files
[1.045s] DEBUG:colcon.colcon_core.event_handler.log_command:Invoked command in '/home/iiitd/cf_ws/build/crazyflie' returned '0': CMAKE_PREFIX_PATH=/home/iiitd/cf_ws/install/crazyflie_interfaces:/home/iiitd/cf_ws/install/crazyflie_description:/home/iiitd/cf_ws/install/crazyflie_sim:/home/iiitd/cf_ws/install/crazyflie_examples:/home/iiitd/cf_ws/install/crazyflie:/home/iiitd/cf_ws/install/crazyflie_server_py:/home/iiitd/cf_ws/install/crazyflie_py:/opt/ros/humble /usr/bin/cmake --install /home/iiitd/cf_ws/build/crazyflie
[1.045s] Level 1:colcon.colcon_core.environment:checking '/home/iiitd/cf_ws/install/crazyflie' for CMake config files
[1.045s] Level 1:colcon.colcon_core.shell:create_environment_hook('crazyflie', 'cmake_prefix_path')
[1.045s] INFO:colcon.colcon_core.shell:Creating environment hook '/home/iiitd/cf_ws/install/crazyflie/share/crazyflie/hook/cmake_prefix_path.ps1'
[1.045s] INFO:colcon.colcon_core.shell:Creating environment descriptor '/home/iiitd/cf_ws/install/crazyflie/share/crazyflie/hook/cmake_prefix_path.dsv'
[1.046s] INFO:colcon.colcon_core.shell:Creating environment hook '/home/iiitd/cf_ws/install/crazyflie/share/crazyflie/hook/cmake_prefix_path.sh'
[1.046s] Level 1:colcon.colcon_core.environment:checking '/home/iiitd/cf_ws/install/crazyflie/lib'
[1.046s] Level 1:colcon.colcon_core.environment:checking '/home/iiitd/cf_ws/install/crazyflie/bin'
[1.046s] Level 1:colcon.colcon_core.environment:checking '/home/iiitd/cf_ws/install/crazyflie/lib/pkgconfig/crazyflie.pc'
[1.046s] Level 1:colcon.colcon_core.environment:checking '/home/iiitd/cf_ws/install/crazyflie/lib/python3.10/site-packages'
[1.046s] Level 1:colcon.colcon_core.environment:checking '/home/iiitd/cf_ws/install/crazyflie/bin'
[1.046s] INFO:colcon.colcon_core.shell:Creating package script '/home/iiitd/cf_ws/install/crazyflie/share/crazyflie/package.ps1'
[1.047s] INFO:colcon.colcon_core.shell:Creating package descriptor '/home/iiitd/cf_ws/install/crazyflie/share/crazyflie/package.dsv'
[1.047s] INFO:colcon.colcon_core.shell:Creating package script '/home/iiitd/cf_ws/install/crazyflie/share/crazyflie/package.sh'
[1.047s] INFO:colcon.colcon_core.shell:Creating package script '/home/iiitd/cf_ws/install/crazyflie/share/crazyflie/package.bash'
[1.047s] INFO:colcon.colcon_core.shell:Creating package script '/home/iiitd/cf_ws/install/crazyflie/share/crazyflie/package.zsh'
[1.047s] Level 1:colcon.colcon_core.environment:create_file_with_runtime_dependencies(/home/iiitd/cf_ws/install/crazyflie/share/colcon-core/packages/crazyflie)
[1.048s] Level 1:colcon.colcon_core.environment:create_environment_scripts_only(crazyflie)
[1.048s] Level 1:colcon.colcon_core.environment:checking '/home/iiitd/cf_ws/install/crazyflie' for CMake module files
[1.048s] Level 1:colcon.colcon_core.environment:checking '/home/iiitd/cf_ws/install/crazyflie' for CMake config files
[1.048s] Level 1:colcon.colcon_core.shell:create_environment_hook('crazyflie', 'cmake_prefix_path')
[1.048s] INFO:colcon.colcon_core.shell:Creating environment hook '/home/iiitd/cf_ws/install/crazyflie/share/crazyflie/hook/cmake_prefix_path.ps1'
[1.048s] INFO:colcon.colcon_core.shell:Creating environment descriptor '/home/iiitd/cf_ws/install/crazyflie/share/crazyflie/hook/cmake_prefix_path.dsv'
[1.048s] INFO:colcon.colcon_core.shell:Creating environment hook '/home/iiitd/cf_ws/install/crazyflie/share/crazyflie/hook/cmake_prefix_path.sh'
[1.049s] Level 1:colcon.colcon_core.environment:checking '/home/iiitd/cf_ws/install/crazyflie/lib'
[1.049s] Level 1:colcon.colcon_core.environment:checking '/home/iiitd/cf_ws/install/crazyflie/bin'
[1.049s] Level 1:colcon.colcon_core.environment:checking '/home/iiitd/cf_ws/install/crazyflie/lib/pkgconfig/crazyflie.pc'
[1.049s] Level 1:colcon.colcon_core.environment:checking '/home/iiitd/cf_ws/install/crazyflie/lib/python3.10/site-packages'
[1.049s] Level 1:colcon.colcon_core.environment:checking '/home/iiitd/cf_ws/install/crazyflie/bin'
[1.049s] INFO:colcon.colcon_core.shell:Creating package script '/home/iiitd/cf_ws/install/crazyflie/share/crazyflie/package.ps1'
[1.049s] INFO:colcon.colcon_core.shell:Creating package descriptor '/home/iiitd/cf_ws/install/crazyflie/share/crazyflie/package.dsv'
[1.050s] INFO:colcon.colcon_core.shell:Creating package script '/home/iiitd/cf_ws/install/crazyflie/share/crazyflie/package.sh'
[1.050s] INFO:colcon.colcon_core.shell:Creating package script '/home/iiitd/cf_ws/install/crazyflie/share/crazyflie/package.bash'
[1.050s] INFO:colcon.colcon_core.shell:Creating package script '/home/iiitd/cf_ws/install/crazyflie/share/crazyflie/package.zsh'
[1.050s] Level 1:colcon.colcon_core.environment:create_file_with_runtime_dependencies(/home/iiitd/cf_ws/install/crazyflie/share/colcon-core/packages/crazyflie)
[1.097s] DEBUG:colcon.colcon_core.event_handler.log_command:Invoked command in '/home/iiitd/cf_ws/build/crazyflie_sim' returned '0': CMAKE_PREFIX_PATH=/home/iiitd/cf_ws/install/crazyflie_interfaces:/home/iiitd/cf_ws/install/crazyflie_sim:/home/iiitd/cf_ws/install/crazyflie_examples:/home/iiitd/cf_ws/install/crazyflie:/home/iiitd/cf_ws/install/crazyflie_description:/home/iiitd/cf_ws/install/crazyflie_server_py:/home/iiitd/cf_ws/install/crazyflie_py:/opt/ros/humble /usr/bin/cmake --build /home/iiitd/cf_ws/build/crazyflie_sim -- -j28 -l28
[1.098s] DEBUG:colcon.colcon_core.event_handler.log_command:Invoking command in '/home/iiitd/cf_ws/build/crazyflie_sim': CMAKE_PREFIX_PATH=/home/iiitd/cf_ws/install/crazyflie_interfaces:/home/iiitd/cf_ws/install/crazyflie_sim:/home/iiitd/cf_ws/install/crazyflie_examples:/home/iiitd/cf_ws/install/crazyflie:/home/iiitd/cf_ws/install/crazyflie_description:/home/iiitd/cf_ws/install/crazyflie_server_py:/home/iiitd/cf_ws/install/crazyflie_py:/opt/ros/humble /usr/bin/cmake --install /home/iiitd/cf_ws/build/crazyflie_sim
[1.136s] Level 1:colcon.colcon_core.environment:create_environment_scripts_only(crazyflie_sim)
[1.136s] Level 1:colcon.colcon_core.environment:checking '/home/iiitd/cf_ws/install/crazyflie_sim' for CMake module files
[1.136s] DEBUG:colcon.colcon_core.event_handler.log_command:Invoked command in '/home/iiitd/cf_ws/build/crazyflie_sim' returned '0': CMAKE_PREFIX_PATH=/home/iiitd/cf_ws/install/crazyflie_interfaces:/home/iiitd/cf_ws/install/crazyflie_sim:/home/iiitd/cf_ws/install/crazyflie_examples:/home/iiitd/cf_ws/install/crazyflie:/home/iiitd/cf_ws/install/crazyflie_description:/home/iiitd/cf_ws/install/crazyflie_server_py:/home/iiitd/cf_ws/install/crazyflie_py:/opt/ros/humble /usr/bin/cmake --install /home/iiitd/cf_ws/build/crazyflie_sim
[1.137s] Level 1:colcon.colcon_core.environment:checking '/home/iiitd/cf_ws/install/crazyflie_sim' for CMake config files
[1.137s] Level 1:colcon.colcon_core.shell:create_environment_hook('crazyflie_sim', 'cmake_prefix_path')
[1.137s] INFO:colcon.colcon_core.shell:Creating environment hook '/home/iiitd/cf_ws/install/crazyflie_sim/share/crazyflie_sim/hook/cmake_prefix_path.ps1'
[1.137s] INFO:colcon.colcon_core.shell:Creating environment descriptor '/home/iiitd/cf_ws/install/crazyflie_sim/share/crazyflie_sim/hook/cmake_prefix_path.dsv'
[1.138s] INFO:colcon.colcon_core.shell:Creating environment hook '/home/iiitd/cf_ws/install/crazyflie_sim/share/crazyflie_sim/hook/cmake_prefix_path.sh'
[1.138s] Level 1:colcon.colcon_core.environment:checking '/home/iiitd/cf_ws/install/crazyflie_sim/lib'
[1.138s] Level 1:colcon.colcon_core.environment:checking '/home/iiitd/cf_ws/install/crazyflie_sim/bin'
[1.138s] Level 1:colcon.colcon_core.environment:checking '/home/iiitd/cf_ws/install/crazyflie_sim/lib/pkgconfig/crazyflie_sim.pc'
[1.139s] Level 1:colcon.colcon_core.environment:checking '/home/iiitd/cf_ws/install/crazyflie_sim/lib/python3.10/site-packages'
[1.139s] Level 1:colcon.colcon_core.environment:checking '/home/iiitd/cf_ws/install/crazyflie_sim/bin'
[1.139s] INFO:colcon.colcon_core.shell:Creating package script '/home/iiitd/cf_ws/install/crazyflie_sim/share/crazyflie_sim/package.ps1'
[1.139s] INFO:colcon.colcon_core.shell:Creating package descriptor '/home/iiitd/cf_ws/install/crazyflie_sim/share/crazyflie_sim/package.dsv'
[1.139s] INFO:colcon.colcon_core.shell:Creating package script '/home/iiitd/cf_ws/install/crazyflie_sim/share/crazyflie_sim/package.sh'
[1.140s] INFO:colcon.colcon_core.shell:Creating package script '/home/iiitd/cf_ws/install/crazyflie_sim/share/crazyflie_sim/package.bash'
[1.140s] INFO:colcon.colcon_core.shell:Creating package script '/home/iiitd/cf_ws/install/crazyflie_sim/share/crazyflie_sim/package.zsh'
[1.140s] Level 1:colcon.colcon_core.environment:create_file_with_runtime_dependencies(/home/iiitd/cf_ws/install/crazyflie_sim/share/colcon-core/packages/crazyflie_sim)
[1.140s] Level 1:colcon.colcon_core.environment:create_environment_scripts_only(crazyflie_sim)
[1.140s] Level 1:colcon.colcon_core.environment:checking '/home/iiitd/cf_ws/install/crazyflie_sim' for CMake module files
[1.140s] Level 1:colcon.colcon_core.environment:checking '/home/iiitd/cf_ws/install/crazyflie_sim' for CMake config files
[1.141s] Level 1:colcon.colcon_core.shell:create_environment_hook('crazyflie_sim', 'cmake_prefix_path')
[1.141s] INFO:colcon.colcon_core.shell:Creating environment hook '/home/iiitd/cf_ws/install/crazyflie_sim/share/crazyflie_sim/hook/cmake_prefix_path.ps1'
[1.141s] INFO:colcon.colcon_core.shell:Creating environment descriptor '/home/iiitd/cf_ws/install/crazyflie_sim/share/crazyflie_sim/hook/cmake_prefix_path.dsv'
[1.141s] INFO:colcon.colcon_core.shell:Creating environment hook '/home/iiitd/cf_ws/install/crazyflie_sim/share/crazyflie_sim/hook/cmake_prefix_path.sh'
[1.141s] Level 1:colcon.colcon_core.environment:checking '/home/iiitd/cf_ws/install/crazyflie_sim/lib'
[1.141s] Level 1:colcon.colcon_core.environment:checking '/home/iiitd/cf_ws/install/crazyflie_sim/bin'
[1.141s] Level 1:colcon.colcon_core.environment:checking '/home/iiitd/cf_ws/install/crazyflie_sim/lib/pkgconfig/crazyflie_sim.pc'
[1.141s] Level 1:colcon.colcon_core.environment:checking '/home/iiitd/cf_ws/install/crazyflie_sim/lib/python3.10/site-packages'
[1.141s] Level 1:colcon.colcon_core.environment:checking '/home/iiitd/cf_ws/install/crazyflie_sim/bin'
[1.142s] INFO:colcon.colcon_core.shell:Creating package script '/home/iiitd/cf_ws/install/crazyflie_sim/share/crazyflie_sim/package.ps1'
[1.142s] INFO:colcon.colcon_core.shell:Creating package descriptor '/home/iiitd/cf_ws/install/crazyflie_sim/share/crazyflie_sim/package.dsv'
[1.142s] INFO:colcon.colcon_core.shell:Creating package script '/home/iiitd/cf_ws/install/crazyflie_sim/share/crazyflie_sim/package.sh'
[1.142s] INFO:colcon.colcon_core.shell:Creating package script '/home/iiitd/cf_ws/install/crazyflie_sim/share/crazyflie_sim/package.bash'
[1.142s] INFO:colcon.colcon_core.shell:Creating package script '/home/iiitd/cf_ws/install/crazyflie_sim/share/crazyflie_sim/package.zsh'
[1.143s] Level 1:colcon.colcon_core.environment:create_file_with_runtime_dependencies(/home/iiitd/cf_ws/install/crazyflie_sim/share/colcon-core/packages/crazyflie_sim)
[1.227s] DEBUG:colcon.colcon_core.task.python.build:Available setuptools commands: bdist_rpm, alias, build_ext, clean, bdist_dumb, install_egg_info, symlink_data, extract_messages, bdist_wheel, build_py, compile_catalog, build_scripts, setopt, install, test, upload_docs, install_scripts, upload, dist_info, register, update_catalog, egg_info, init_catalog, install_headers, easy_install, sdist, check, rotate, build, install_lib, bdist, develop, build_clib, install_data, bdist_egg, saveopts
[1.228s] DEBUG:colcon.colcon_core.task.python.build:Available setuptools commands: bdist_rpm, alias, build_ext, clean, bdist_dumb, install_egg_info, symlink_data, extract_messages, bdist_wheel, build_py, compile_catalog, build_scripts, setopt, install, test, upload_docs, install_scripts, upload, dist_info, register, update_catalog, egg_info, init_catalog, install_headers, easy_install, sdist, check, rotate, build, install_lib, bdist, develop, build_clib, install_data, bdist_egg, saveopts
[1.229s] DEBUG:colcon.colcon_core.task.python.build:Available setuptools commands: bdist_rpm, alias, build_ext, clean, bdist_dumb, install_egg_info, symlink_data, extract_messages, bdist_wheel, build_py, compile_catalog, build_scripts, setopt, install, test, upload_docs, install_scripts, upload, dist_info, register, update_catalog, egg_info, init_catalog, install_headers, easy_install, sdist, check, rotate, build, install_lib, bdist, develop, build_clib, install_data, bdist_egg, saveopts
[1.362s] DEBUG:colcon.colcon_core.task.python.build:Available setuptools 'develop' options: --script-dir, --no-deps, --quiet, --build-directory, --install-dir, --exclude-scripts, --install-layout, --zip-ok, --verbose, --optimize, --allow-hosts, --prefix, --record, --index-url, --egg-path, --dry-run, --user, --local-snapshots-ok, --help, --site-dirs, --find-links, --no-find-links, --uninstall, --upgrade, --editable, --always-unzip, --force-installation-into-system-dir, --version, --no-user-cfg, --always-copy, --multi-version
[1.363s] DEBUG:colcon.colcon_core.task.python.build:Available setuptools 'develop' options: --script-dir, --no-deps, --quiet, --build-directory, --install-dir, --exclude-scripts, --install-layout, --zip-ok, --verbose, --optimize, --allow-hosts, --prefix, --record, --index-url, --egg-path, --dry-run, --user, --local-snapshots-ok, --help, --site-dirs, --find-links, --no-find-links, --uninstall, --upgrade, --editable, --always-unzip, --force-installation-into-system-dir, --version, --no-user-cfg, --always-copy, --multi-version
[1.364s] DEBUG:colcon.colcon_core.event_handler.log_command:Invoking command in '/home/iiitd/cf_ws/build/crazyflie_server_py': CMAKE_PREFIX_PATH=/home/iiitd/cf_ws/install/crazyflie_interfaces:/home/iiitd/cf_ws/install/crazyflie_sim:/home/iiitd/cf_ws/install/crazyflie_examples:/home/iiitd/cf_ws/install/crazyflie:/home/iiitd/cf_ws/install/crazyflie_description PYTHONPATH=/home/iiitd/cf_ws/build/crazyflie_server_py/prefix_override:/usr/lib/python3/dist-packages/colcon_core/task/python/colcon_distutils_commands:/home/iiitd/cf_ws/install/crazyflie_server_py/lib/python3.10/site-packages:${PYTHONPATH} /usr/bin/python3 -W ignore:setup.py install is deprecated -W ignore:easy_install command is deprecated setup.py develop --editable --build-directory /home/iiitd/cf_ws/build/crazyflie_server_py/build --no-deps symlink_data
[1.365s] DEBUG:colcon.colcon_core.event_handler.log_command:Invoking command in '/home/iiitd/cf_ws/build/my_crazyflie': CMAKE_PREFIX_PATH=/home/iiitd/cf_ws/install/crazyflie_interfaces:/home/iiitd/cf_ws/install/crazyflie_sim:/home/iiitd/cf_ws/install/crazyflie_examples:/home/iiitd/cf_ws/install/crazyflie:/home/iiitd/cf_ws/install/crazyflie_description PYTHONPATH=/home/iiitd/cf_ws/build/my_crazyflie/prefix_override:/usr/lib/python3/dist-packages/colcon_core/task/python/colcon_distutils_commands:/home/iiitd/cf_ws/install/my_crazyflie/lib/python3.10/site-packages:${PYTHONPATH} /usr/bin/python3 -W ignore:setup.py install is deprecated -W ignore:easy_install command is deprecated setup.py develop --editable --build-directory /home/iiitd/cf_ws/build/my_crazyflie/build --no-deps symlink_data
[1.371s] DEBUG:colcon.colcon_core.task.python.build:Available setuptools 'develop' options: --script-dir, --no-deps, --quiet, --build-directory, --install-dir, --exclude-scripts, --install-layout, --zip-ok, --verbose, --optimize, --allow-hosts, --prefix, --record, --index-url, --egg-path, --dry-run, --user, --local-snapshots-ok, --help, --site-dirs, --find-links, --no-find-links, --uninstall, --upgrade, --editable, --always-unzip, --force-installation-into-system-dir, --version, --no-user-cfg, --always-copy, --multi-version
[1.372s] DEBUG:colcon.colcon_core.event_handler.log_command:Invoking command in '/home/iiitd/cf_ws/build/crazyflie_py': CMAKE_PREFIX_PATH=/home/iiitd/cf_ws/install/crazyflie_interfaces:/home/iiitd/cf_ws/install/crazyflie_sim:/home/iiitd/cf_ws/install/crazyflie_examples:/home/iiitd/cf_ws/install/crazyflie:/home/iiitd/cf_ws/install/crazyflie_description PYTHONPATH=/home/iiitd/cf_ws/build/crazyflie_py/prefix_override:/usr/lib/python3/dist-packages/colcon_core/task/python/colcon_distutils_commands:/home/iiitd/cf_ws/install/crazyflie_py/lib/python3.10/site-packages:${PYTHONPATH} /usr/bin/python3 -W ignore:setup.py install is deprecated -W ignore:easy_install command is deprecated setup.py develop --editable --build-directory /home/iiitd/cf_ws/build/crazyflie_py/build --no-deps symlink_data
[1.595s] Level 1:colcon.colcon_core.shell:create_environment_hook('crazyflie_server_py', 'pythonpath_develop')
[1.595s] INFO:colcon.colcon_core.shell:Creating environment hook '/home/iiitd/cf_ws/build/crazyflie_server_py/share/crazyflie_server_py/hook/pythonpath_develop.ps1'
[1.596s] DEBUG:colcon.colcon_core.event_handler.log_command:Invoked command in '/home/iiitd/cf_ws/build/crazyflie_server_py' returned '0': CMAKE_PREFIX_PATH=/home/iiitd/cf_ws/install/crazyflie_interfaces:/home/iiitd/cf_ws/install/crazyflie_sim:/home/iiitd/cf_ws/install/crazyflie_examples:/home/iiitd/cf_ws/install/crazyflie:/home/iiitd/cf_ws/install/crazyflie_description PYTHONPATH=/home/iiitd/cf_ws/build/crazyflie_server_py/prefix_override:/usr/lib/python3/dist-packages/colcon_core/task/python/colcon_distutils_commands:/home/iiitd/cf_ws/install/crazyflie_server_py/lib/python3.10/site-packages:${PYTHONPATH} /usr/bin/python3 -W ignore:setup.py install is deprecated -W ignore:easy_install command is deprecated setup.py develop --editable --build-directory /home/iiitd/cf_ws/build/crazyflie_server_py/build --no-deps symlink_data
[1.596s] INFO:colcon.colcon_core.shell:Creating environment descriptor '/home/iiitd/cf_ws/build/crazyflie_server_py/share/crazyflie_server_py/hook/pythonpath_develop.dsv'
[1.596s] INFO:colcon.colcon_core.shell:Creating environment hook '/home/iiitd/cf_ws/build/crazyflie_server_py/share/crazyflie_server_py/hook/pythonpath_develop.sh'
[1.597s] Level 1:colcon.colcon_core.environment:checking '/home/iiitd/cf_ws/install/crazyflie_server_py' for CMake module files
[1.597s] Level 1:colcon.colcon_core.environment:checking '/home/iiitd/cf_ws/install/crazyflie_server_py' for CMake config files
[1.598s] Level 1:colcon.colcon_core.environment:checking '/home/iiitd/cf_ws/install/crazyflie_server_py/lib'
[1.598s] Level 1:colcon.colcon_core.environment:checking '/home/iiitd/cf_ws/install/crazyflie_server_py/bin'
[1.598s] Level 1:colcon.colcon_core.environment:checking '/home/iiitd/cf_ws/install/crazyflie_server_py/lib/pkgconfig/crazyflie_server_py.pc'
[1.598s] Level 1:colcon.colcon_core.environment:checking '/home/iiitd/cf_ws/install/crazyflie_server_py/lib/python3.10/site-packages'
[1.598s] Level 1:colcon.colcon_core.shell:create_environment_hook('crazyflie_server_py', 'pythonpath')
[1.598s] INFO:colcon.colcon_core.shell:Creating environment hook '/home/iiitd/cf_ws/install/crazyflie_server_py/share/crazyflie_server_py/hook/pythonpath.ps1'
[1.599s] INFO:colcon.colcon_core.shell:Creating environment descriptor '/home/iiitd/cf_ws/install/crazyflie_server_py/share/crazyflie_server_py/hook/pythonpath.dsv'
[1.599s] INFO:colcon.colcon_core.shell:Creating environment hook '/home/iiitd/cf_ws/install/crazyflie_server_py/share/crazyflie_server_py/hook/pythonpath.sh'
[1.600s] Level 1:colcon.colcon_core.environment:checking '/home/iiitd/cf_ws/install/crazyflie_server_py/bin'
[1.600s] Level 1:colcon.colcon_core.environment:create_environment_scripts_only(crazyflie_server_py)
[1.600s] INFO:colcon.colcon_core.shell:Creating package script '/home/iiitd/cf_ws/install/crazyflie_server_py/share/crazyflie_server_py/package.ps1'
[1.601s] INFO:colcon.colcon_core.shell:Creating package descriptor '/home/iiitd/cf_ws/install/crazyflie_server_py/share/crazyflie_server_py/package.dsv'
[1.601s] INFO:colcon.colcon_core.shell:Creating package script '/home/iiitd/cf_ws/install/crazyflie_server_py/share/crazyflie_server_py/package.sh'
[1.601s] INFO:colcon.colcon_core.shell:Creating package script '/home/iiitd/cf_ws/install/crazyflie_server_py/share/crazyflie_server_py/package.bash'
[1.602s] INFO:colcon.colcon_core.shell:Creating package script '/home/iiitd/cf_ws/install/crazyflie_server_py/share/crazyflie_server_py/package.zsh'
[1.602s] Level 1:colcon.colcon_core.environment:create_file_with_runtime_dependencies(/home/iiitd/cf_ws/install/crazyflie_server_py/share/colcon-core/packages/crazyflie_server_py)
[1.605s] Level 1:colcon.colcon_core.shell:create_environment_hook('my_crazyflie', 'pythonpath_develop')
[1.605s] INFO:colcon.colcon_core.shell:Creating environment hook '/home/iiitd/cf_ws/build/my_crazyflie/share/my_crazyflie/hook/pythonpath_develop.ps1'
[1.606s] DEBUG:colcon.colcon_core.event_handler.log_command:Invoked command in '/home/iiitd/cf_ws/build/my_crazyflie' returned '0': CMAKE_PREFIX_PATH=/home/iiitd/cf_ws/install/crazyflie_interfaces:/home/iiitd/cf_ws/install/crazyflie_sim:/home/iiitd/cf_ws/install/crazyflie_examples:/home/iiitd/cf_ws/install/crazyflie:/home/iiitd/cf_ws/install/crazyflie_description PYTHONPATH=/home/iiitd/cf_ws/build/my_crazyflie/prefix_override:/usr/lib/python3/dist-packages/colcon_core/task/python/colcon_distutils_commands:/home/iiitd/cf_ws/install/my_crazyflie/lib/python3.10/site-packages:${PYTHONPATH} /usr/bin/python3 -W ignore:setup.py install is deprecated -W ignore:easy_install command is deprecated setup.py develop --editable --build-directory /home/iiitd/cf_ws/build/my_crazyflie/build --no-deps symlink_data
[1.606s] INFO:colcon.colcon_core.shell:Creating environment descriptor '/home/iiitd/cf_ws/build/my_crazyflie/share/my_crazyflie/hook/pythonpath_develop.dsv'
[1.606s] INFO:colcon.colcon_core.shell:Creating environment hook '/home/iiitd/cf_ws/build/my_crazyflie/share/my_crazyflie/hook/pythonpath_develop.sh'
[1.607s] Level 1:colcon.colcon_core.environment:checking '/home/iiitd/cf_ws/install/my_crazyflie' for CMake module files
[1.607s] Level 1:colcon.colcon_core.environment:checking '/home/iiitd/cf_ws/install/my_crazyflie' for CMake config files
[1.607s] Level 1:colcon.colcon_core.environment:checking '/home/iiitd/cf_ws/install/my_crazyflie/lib'
[1.607s] Level 1:colcon.colcon_core.environment:checking '/home/iiitd/cf_ws/install/my_crazyflie/bin'
[1.607s] Level 1:colcon.colcon_core.environment:checking '/home/iiitd/cf_ws/install/my_crazyflie/lib/pkgconfig/my_crazyflie.pc'
[1.607s] Level 1:colcon.colcon_core.environment:checking '/home/iiitd/cf_ws/install/my_crazyflie/lib/python3.10/site-packages'
[1.607s] Level 1:colcon.colcon_core.shell:create_environment_hook('my_crazyflie', 'pythonpath')
[1.607s] INFO:colcon.colcon_core.shell:Creating environment hook '/home/iiitd/cf_ws/install/my_crazyflie/share/my_crazyflie/hook/pythonpath.ps1'
[1.607s] INFO:colcon.colcon_core.shell:Creating environment descriptor '/home/iiitd/cf_ws/install/my_crazyflie/share/my_crazyflie/hook/pythonpath.dsv'
[1.608s] INFO:colcon.colcon_core.shell:Creating environment hook '/home/iiitd/cf_ws/install/my_crazyflie/share/my_crazyflie/hook/pythonpath.sh'
[1.608s] Level 1:colcon.colcon_core.environment:checking '/home/iiitd/cf_ws/install/my_crazyflie/bin'
[1.608s] Level 1:colcon.colcon_core.environment:create_environment_scripts_only(my_crazyflie)
[1.608s] INFO:colcon.colcon_core.shell:Creating package script '/home/iiitd/cf_ws/install/my_crazyflie/share/my_crazyflie/package.ps1'
[1.608s] INFO:colcon.colcon_core.shell:Creating package descriptor '/home/iiitd/cf_ws/install/my_crazyflie/share/my_crazyflie/package.dsv'
[1.608s] INFO:colcon.colcon_core.shell:Creating package script '/home/iiitd/cf_ws/install/my_crazyflie/share/my_crazyflie/package.sh'
[1.609s] INFO:colcon.colcon_core.shell:Creating package script '/home/iiitd/cf_ws/install/my_crazyflie/share/my_crazyflie/package.bash'
[1.609s] INFO:colcon.colcon_core.shell:Creating package script '/home/iiitd/cf_ws/install/my_crazyflie/share/my_crazyflie/package.zsh'
[1.609s] Level 1:colcon.colcon_core.environment:create_file_with_runtime_dependencies(/home/iiitd/cf_ws/install/my_crazyflie/share/colcon-core/packages/my_crazyflie)
[1.609s] Level 1:colcon.colcon_core.shell:create_environment_hook('crazyflie_py', 'pythonpath_develop')
[1.610s] INFO:colcon.colcon_core.shell:Creating environment hook '/home/iiitd/cf_ws/build/crazyflie_py/share/crazyflie_py/hook/pythonpath_develop.ps1'
[1.610s] DEBUG:colcon.colcon_core.event_handler.log_command:Invoked command in '/home/iiitd/cf_ws/build/crazyflie_py' returned '0': CMAKE_PREFIX_PATH=/home/iiitd/cf_ws/install/crazyflie_interfaces:/home/iiitd/cf_ws/install/crazyflie_sim:/home/iiitd/cf_ws/install/crazyflie_examples:/home/iiitd/cf_ws/install/crazyflie:/home/iiitd/cf_ws/install/crazyflie_description PYTHONPATH=/home/iiitd/cf_ws/build/crazyflie_py/prefix_override:/usr/lib/python3/dist-packages/colcon_core/task/python/colcon_distutils_commands:/home/iiitd/cf_ws/install/crazyflie_py/lib/python3.10/site-packages:${PYTHONPATH} /usr/bin/python3 -W ignore:setup.py install is deprecated -W ignore:easy_install command is deprecated setup.py develop --editable --build-directory /home/iiitd/cf_ws/build/crazyflie_py/build --no-deps symlink_data
[1.610s] INFO:colcon.colcon_core.shell:Creating environment descriptor '/home/iiitd/cf_ws/build/crazyflie_py/share/crazyflie_py/hook/pythonpath_develop.dsv'
[1.610s] INFO:colcon.colcon_core.shell:Creating environment hook '/home/iiitd/cf_ws/build/crazyflie_py/share/crazyflie_py/hook/pythonpath_develop.sh'
[1.610s] Level 1:colcon.colcon_core.environment:checking '/home/iiitd/cf_ws/install/crazyflie_py' for CMake module files
[1.610s] Level 1:colcon.colcon_core.environment:checking '/home/iiitd/cf_ws/install/crazyflie_py' for CMake config files
[1.611s] Level 1:colcon.colcon_core.environment:checking '/home/iiitd/cf_ws/install/crazyflie_py/lib'
[1.611s] Level 1:colcon.colcon_core.environment:checking '/home/iiitd/cf_ws/install/crazyflie_py/bin'
[1.611s] Level 1:colcon.colcon_core.environment:checking '/home/iiitd/cf_ws/install/crazyflie_py/lib/pkgconfig/crazyflie_py.pc'
[1.611s] Level 1:colcon.colcon_core.environment:checking '/home/iiitd/cf_ws/install/crazyflie_py/lib/python3.10/site-packages'
[1.611s] Level 1:colcon.colcon_core.shell:create_environment_hook('crazyflie_py', 'pythonpath')
[1.611s] INFO:colcon.colcon_core.shell:Creating environment hook '/home/iiitd/cf_ws/install/crazyflie_py/share/crazyflie_py/hook/pythonpath.ps1'
[1.611s] INFO:colcon.colcon_core.shell:Creating environment descriptor '/home/iiitd/cf_ws/install/crazyflie_py/share/crazyflie_py/hook/pythonpath.dsv'
[1.611s] INFO:colcon.colcon_core.shell:Creating environment hook '/home/iiitd/cf_ws/install/crazyflie_py/share/crazyflie_py/hook/pythonpath.sh'
[1.612s] Level 1:colcon.colcon_core.environment:checking '/home/iiitd/cf_ws/install/crazyflie_py/bin'
[1.612s] Level 1:colcon.colcon_core.environment:create_environment_scripts_only(crazyflie_py)
[1.612s] INFO:colcon.colcon_core.shell:Creating package script '/home/iiitd/cf_ws/install/crazyflie_py/share/crazyflie_py/package.ps1'
[1.612s] INFO:colcon.colcon_core.shell:Creating package descriptor '/home/iiitd/cf_ws/install/crazyflie_py/share/crazyflie_py/package.dsv'
[1.612s] INFO:colcon.colcon_core.shell:Creating package script '/home/iiitd/cf_ws/install/crazyflie_py/share/crazyflie_py/package.sh'
[1.612s] INFO:colcon.colcon_core.shell:Creating package script '/home/iiitd/cf_ws/install/crazyflie_py/share/crazyflie_py/package.bash'
[1.612s] INFO:colcon.colcon_core.shell:Creating package script '/home/iiitd/cf_ws/install/crazyflie_py/share/crazyflie_py/package.zsh'
[1.613s] Level 1:colcon.colcon_core.environment:create_file_with_runtime_dependencies(/home/iiitd/cf_ws/install/crazyflie_py/share/colcon-core/packages/crazyflie_py)
[1.613s] INFO:colcon.colcon_ros.task.ament_cmake.build:Building ROS package in '/home/iiitd/cf_ws/src/crazyswarm2/crazyflie_examples' with build type 'ament_cmake'
[1.613s] INFO:colcon.colcon_cmake.task.cmake.build:Building CMake package in '/home/iiitd/cf_ws/src/crazyswarm2/crazyflie_examples'
[1.613s] INFO:colcon.colcon_core.shell:Skip shell extension 'powershell' for command environment: Not usable outside of PowerShell
[1.613s] DEBUG:colcon.colcon_core.shell:Skip shell extension 'dsv' for command environment
[1.621s] DEBUG:colcon.colcon_core.event_handler.log_command:Invoking command in '/home/iiitd/cf_ws/build/crazyflie_examples': AMENT_PREFIX_PATH=/home/iiitd/cf_ws/install/crazyflie_py:/home/iiitd/cf_ws/install/crazyflie_sim:/home/iiitd/cf_ws/install/crazyflie_server_py:/home/iiitd/cf_ws/install/crazyflie_examples:/home/iiitd/cf_ws/install/crazyflie:/home/iiitd/cf_ws/install/crazyflie_interfaces:/home/iiitd/cf_ws/install/crazyflie_description:/opt/ros/humble CMAKE_PREFIX_PATH=/home/iiitd/cf_ws/install/crazyflie_interfaces:/home/iiitd/cf_ws/install/crazyflie_sim:/home/iiitd/cf_ws/install/crazyflie_examples:/home/iiitd/cf_ws/install/crazyflie:/home/iiitd/cf_ws/install/crazyflie_description:/home/iiitd/cf_ws/install/crazyflie_server_py:/home/iiitd/cf_ws/install/crazyflie_py:/opt/ros/humble PYTHONPATH=/home/iiitd/cf_ws/build/crazyflie_py:/home/iiitd/cf_ws/install/crazyflie_py/lib/python3.10/site-packages:/home/iiitd/cf_ws/install/crazyflie_sim/local/lib/python3.10/dist-packages:/home/iiitd/cf_ws/build/crazyflie_server_py:/home/iiitd/cf_ws/install/crazyflie_server_py/lib/python3.10/site-packages:/home/iiitd/cf_ws/install/crazyflie_examples/local/lib/python3.10/dist-packages:/home/iiitd/cf_ws/install/crazyflie_interfaces/local/lib/python3.10/dist-packages:/opt/ros/humble/lib/python3.10/site-packages:/opt/ros/humble/local/lib/python3.10/dist-packages /usr/bin/cmake --build /home/iiitd/cf_ws/build/crazyflie_examples -- -j28 -l28
[1.822s] DEBUG:colcon.colcon_core.event_handler.log_command:Invoked command in '/home/iiitd/cf_ws/build/crazyflie_examples' returned '0': AMENT_PREFIX_PATH=/home/iiitd/cf_ws/install/crazyflie_py:/home/iiitd/cf_ws/install/crazyflie_sim:/home/iiitd/cf_ws/install/crazyflie_server_py:/home/iiitd/cf_ws/install/crazyflie_examples:/home/iiitd/cf_ws/install/crazyflie:/home/iiitd/cf_ws/install/crazyflie_interfaces:/home/iiitd/cf_ws/install/crazyflie_description:/opt/ros/humble CMAKE_PREFIX_PATH=/home/iiitd/cf_ws/install/crazyflie_interfaces:/home/iiitd/cf_ws/install/crazyflie_sim:/home/iiitd/cf_ws/install/crazyflie_examples:/home/iiitd/cf_ws/install/crazyflie:/home/iiitd/cf_ws/install/crazyflie_description:/home/iiitd/cf_ws/install/crazyflie_server_py:/home/iiitd/cf_ws/install/crazyflie_py:/opt/ros/humble PYTHONPATH=/home/iiitd/cf_ws/build/crazyflie_py:/home/iiitd/cf_ws/install/crazyflie_py/lib/python3.10/site-packages:/home/iiitd/cf_ws/install/crazyflie_sim/local/lib/python3.10/dist-packages:/home/iiitd/cf_ws/build/crazyflie_server_py:/home/iiitd/cf_ws/install/crazyflie_server_py/lib/python3.10/site-packages:/home/iiitd/cf_ws/install/crazyflie_examples/local/lib/python3.10/dist-packages:/home/iiitd/cf_ws/install/crazyflie_interfaces/local/lib/python3.10/dist-packages:/opt/ros/humble/lib/python3.10/site-packages:/opt/ros/humble/local/lib/python3.10/dist-packages /usr/bin/cmake --build /home/iiitd/cf_ws/build/crazyflie_examples -- -j28 -l28
[1.823s] DEBUG:colcon.colcon_core.event_handler.log_command:Invoking command in '/home/iiitd/cf_ws/build/crazyflie_examples': AMENT_PREFIX_PATH=/home/iiitd/cf_ws/install/crazyflie_py:/home/iiitd/cf_ws/install/crazyflie_sim:/home/iiitd/cf_ws/install/crazyflie_server_py:/home/iiitd/cf_ws/install/crazyflie_examples:/home/iiitd/cf_ws/install/crazyflie:/home/iiitd/cf_ws/install/crazyflie_interfaces:/home/iiitd/cf_ws/install/crazyflie_description:/opt/ros/humble CMAKE_PREFIX_PATH=/home/iiitd/cf_ws/install/crazyflie_interfaces:/home/iiitd/cf_ws/install/crazyflie_sim:/home/iiitd/cf_ws/install/crazyflie_examples:/home/iiitd/cf_ws/install/crazyflie:/home/iiitd/cf_ws/install/crazyflie_description:/home/iiitd/cf_ws/install/crazyflie_server_py:/home/iiitd/cf_ws/install/crazyflie_py:/opt/ros/humble PYTHONPATH=/home/iiitd/cf_ws/build/crazyflie_py:/home/iiitd/cf_ws/install/crazyflie_py/lib/python3.10/site-packages:/home/iiitd/cf_ws/install/crazyflie_sim/local/lib/python3.10/dist-packages:/home/iiitd/cf_ws/build/crazyflie_server_py:/home/iiitd/cf_ws/install/crazyflie_server_py/lib/python3.10/site-packages:/home/iiitd/cf_ws/install/crazyflie_examples/local/lib/python3.10/dist-packages:/home/iiitd/cf_ws/install/crazyflie_interfaces/local/lib/python3.10/dist-packages:/opt/ros/humble/lib/python3.10/site-packages:/opt/ros/humble/local/lib/python3.10/dist-packages /usr/bin/cmake --install /home/iiitd/cf_ws/build/crazyflie_examples
[1.860s] Level 1:colcon.colcon_core.environment:create_environment_scripts_only(crazyflie_examples)
[1.861s] Level 1:colcon.colcon_core.environment:checking '/home/iiitd/cf_ws/install/crazyflie_examples' for CMake module files
[1.861s] DEBUG:colcon.colcon_core.event_handler.log_command:Invoked command in '/home/iiitd/cf_ws/build/crazyflie_examples' returned '0': AMENT_PREFIX_PATH=/home/iiitd/cf_ws/install/crazyflie_py:/home/iiitd/cf_ws/install/crazyflie_sim:/home/iiitd/cf_ws/install/crazyflie_server_py:/home/iiitd/cf_ws/install/crazyflie_examples:/home/iiitd/cf_ws/install/crazyflie:/home/iiitd/cf_ws/install/crazyflie_interfaces:/home/iiitd/cf_ws/install/crazyflie_description:/opt/ros/humble CMAKE_PREFIX_PATH=/home/iiitd/cf_ws/install/crazyflie_interfaces:/home/iiitd/cf_ws/install/crazyflie_sim:/home/iiitd/cf_ws/install/crazyflie_examples:/home/iiitd/cf_ws/install/crazyflie:/home/iiitd/cf_ws/install/crazyflie_description:/home/iiitd/cf_ws/install/crazyflie_server_py:/home/iiitd/cf_ws/install/crazyflie_py:/opt/ros/humble PYTHONPATH=/home/iiitd/cf_ws/build/crazyflie_py:/home/iiitd/cf_ws/install/crazyflie_py/lib/python3.10/site-packages:/home/iiitd/cf_ws/install/crazyflie_sim/local/lib/python3.10/dist-packages:/home/iiitd/cf_ws/build/crazyflie_server_py:/home/iiitd/cf_ws/install/crazyflie_server_py/lib/python3.10/site-packages:/home/iiitd/cf_ws/install/crazyflie_examples/local/lib/python3.10/dist-packages:/home/iiitd/cf_ws/install/crazyflie_interfaces/local/lib/python3.10/dist-packages:/opt/ros/humble/lib/python3.10/site-packages:/opt/ros/humble/local/lib/python3.10/dist-packages /usr/bin/cmake --install /home/iiitd/cf_ws/build/crazyflie_examples
[1.862s] Level 1:colcon.colcon_core.environment:checking '/home/iiitd/cf_ws/install/crazyflie_examples' for CMake config files
[1.862s] Level 1:colcon.colcon_core.shell:create_environment_hook('crazyflie_examples', 'cmake_prefix_path')
[1.862s] INFO:colcon.colcon_core.shell:Creating environment hook '/home/iiitd/cf_ws/install/crazyflie_examples/share/crazyflie_examples/hook/cmake_prefix_path.ps1'
[1.863s] INFO:colcon.colcon_core.shell:Creating environment descriptor '/home/iiitd/cf_ws/install/crazyflie_examples/share/crazyflie_examples/hook/cmake_prefix_path.dsv'
[1.863s] INFO:colcon.colcon_core.shell:Creating environment hook '/home/iiitd/cf_ws/install/crazyflie_examples/share/crazyflie_examples/hook/cmake_prefix_path.sh'
[1.863s] Level 1:colcon.colcon_core.environment:checking '/home/iiitd/cf_ws/install/crazyflie_examples/lib'
[1.863s] Level 1:colcon.colcon_core.environment:checking '/home/iiitd/cf_ws/install/crazyflie_examples/bin'
[1.863s] Level 1:colcon.colcon_core.environment:checking '/home/iiitd/cf_ws/install/crazyflie_examples/lib/pkgconfig/crazyflie_examples.pc'
[1.863s] Level 1:colcon.colcon_core.environment:checking '/home/iiitd/cf_ws/install/crazyflie_examples/lib/python3.10/site-packages'
[1.864s] Level 1:colcon.colcon_core.environment:checking '/home/iiitd/cf_ws/install/crazyflie_examples/bin'
[1.864s] INFO:colcon.colcon_core.shell:Creating package script '/home/iiitd/cf_ws/install/crazyflie_examples/share/crazyflie_examples/package.ps1'
[1.864s] INFO:colcon.colcon_core.shell:Creating package descriptor '/home/iiitd/cf_ws/install/crazyflie_examples/share/crazyflie_examples/package.dsv'
[1.864s] INFO:colcon.colcon_core.shell:Creating package script '/home/iiitd/cf_ws/install/crazyflie_examples/share/crazyflie_examples/package.sh'
[1.864s] INFO:colcon.colcon_core.shell:Creating package script '/home/iiitd/cf_ws/install/crazyflie_examples/share/crazyflie_examples/package.bash'
[1.864s] INFO:colcon.colcon_core.shell:Creating package script '/home/iiitd/cf_ws/install/crazyflie_examples/share/crazyflie_examples/package.zsh'
[1.864s] Level 1:colcon.colcon_core.environment:create_file_with_runtime_dependencies(/home/iiitd/cf_ws/install/crazyflie_examples/share/colcon-core/packages/crazyflie_examples)
[1.865s] Level 1:colcon.colcon_core.environment:create_environment_scripts_only(crazyflie_examples)
[1.865s] Level 1:colcon.colcon_core.environment:checking '/home/iiitd/cf_ws/install/crazyflie_examples' for CMake module files
[1.865s] Level 1:colcon.colcon_core.environment:checking '/home/iiitd/cf_ws/install/crazyflie_examples' for CMake config files
[1.865s] Level 1:colcon.colcon_core.shell:create_environment_hook('crazyflie_examples', 'cmake_prefix_path')
[1.865s] INFO:colcon.colcon_core.shell:Creating environment hook '/home/iiitd/cf_ws/install/crazyflie_examples/share/crazyflie_examples/hook/cmake_prefix_path.ps1'
[1.865s] INFO:colcon.colcon_core.shell:Creating environment descriptor '/home/iiitd/cf_ws/install/crazyflie_examples/share/crazyflie_examples/hook/cmake_prefix_path.dsv'
[1.866s] INFO:colcon.colcon_core.shell:Creating environment hook '/home/iiitd/cf_ws/install/crazyflie_examples/share/crazyflie_examples/hook/cmake_prefix_path.sh'
[1.866s] Level 1:colcon.colcon_core.environment:checking '/home/iiitd/cf_ws/install/crazyflie_examples/lib'
[1.866s] Level 1:colcon.colcon_core.environment:checking '/home/iiitd/cf_ws/install/crazyflie_examples/bin'
[1.866s] Level 1:colcon.colcon_core.environment:checking '/home/iiitd/cf_ws/install/crazyflie_examples/lib/pkgconfig/crazyflie_examples.pc'
[1.866s] Level 1:colcon.colcon_core.environment:checking '/home/iiitd/cf_ws/install/crazyflie_examples/lib/python3.10/site-packages'
[1.866s] Level 1:colcon.colcon_core.environment:checking '/home/iiitd/cf_ws/install/crazyflie_examples/bin'
[1.866s] INFO:colcon.colcon_core.shell:Creating package script '/home/iiitd/cf_ws/install/crazyflie_examples/share/crazyflie_examples/package.ps1'
[1.867s] INFO:colcon.colcon_core.shell:Creating package descriptor '/home/iiitd/cf_ws/install/crazyflie_examples/share/crazyflie_examples/package.dsv'
[1.867s] INFO:colcon.colcon_core.shell:Creating package script '/home/iiitd/cf_ws/install/crazyflie_examples/share/crazyflie_examples/package.sh'
[1.867s] INFO:colcon.colcon_core.shell:Creating package script '/home/iiitd/cf_ws/install/crazyflie_examples/share/crazyflie_examples/package.bash'
[1.867s] INFO:colcon.colcon_core.shell:Creating package script '/home/iiitd/cf_ws/install/crazyflie_examples/share/crazyflie_examples/package.zsh'
[1.867s] Level 1:colcon.colcon_core.environment:create_file_with_runtime_dependencies(/home/iiitd/cf_ws/install/crazyflie_examples/share/colcon-core/packages/crazyflie_examples)
[1.867s] DEBUG:colcon.colcon_parallel_executor.executor.parallel:closing loop
[1.868s] DEBUG:colcon.colcon_parallel_executor.executor.parallel:loop closed
[1.868s] DEBUG:colcon.colcon_parallel_executor.executor.parallel:run_until_complete finished with '0'
[1.868s] DEBUG:colcon.colcon_core.event_reactor:joining thread
[1.871s] INFO:colcon.colcon_core.plugin_system:Skipping extension 'colcon_notification.desktop_notification.terminal_notifier': Not used on non-Darwin systems
[1.871s] INFO:colcon.colcon_core.plugin_system:Skipping extension 'colcon_notification.desktop_notification.win32': Not used on non-Windows systems
[1.871s] INFO:colcon.colcon_notification.desktop_notification:Sending desktop notification using 'notify2'
[1.882s] DEBUG:colcon.colcon_core.event_reactor:joined thread
[1.882s] INFO:colcon.colcon_core.shell:Creating prefix script '/home/iiitd/cf_ws/install/local_setup.ps1'
[1.883s] INFO:colcon.colcon_core.shell:Creating prefix util module '/home/iiitd/cf_ws/install/_local_setup_util_ps1.py'
[1.883s] INFO:colcon.colcon_core.shell:Creating prefix chain script '/home/iiitd/cf_ws/install/setup.ps1'
[1.884s] INFO:colcon.colcon_core.shell:Creating prefix script '/home/iiitd/cf_ws/install/local_setup.sh'
[1.885s] INFO:colcon.colcon_core.shell:Creating prefix util module '/home/iiitd/cf_ws/install/_local_setup_util_sh.py'
[1.885s] INFO:colcon.colcon_core.shell:Creating prefix chain script '/home/iiitd/cf_ws/install/setup.sh'
[1.886s] INFO:colcon.colcon_core.shell:Creating prefix script '/home/iiitd/cf_ws/install/local_setup.bash'
[1.886s] INFO:colcon.colcon_core.shell:Creating prefix chain script '/home/iiitd/cf_ws/install/setup.bash'
[1.886s] INFO:colcon.colcon_core.shell:Creating prefix script '/home/iiitd/cf_ws/install/local_setup.zsh'
[1.887s] INFO:colcon.colcon_core.shell:Creating prefix chain script '/home/iiitd/cf_ws/install/setup.zsh'
