[0.045s] DEBUG:colcon:Command line arguments: ['/usr/bin/colcon', 'build', '--symlink-install']
[0.045s] DEBUG:colcon:Parsed command line arguments: Namespace(log_base=None, log_level=None, verb_name='build', build_base='build', install_base='install', merge_install=False, symlink_install=True, test_result_base=None, continue_on_error=False, executor='parallel', parallel_workers=28, event_handlers=None, ignore_user_meta=False, metas=['./colcon.meta'], base_paths=['.'], packages_ignore=None, packages_ignore_regex=None, paths=None, packages_up_to=None, packages_up_to_regex=None, packages_above=None, packages_above_and_dependencies=None, packages_above_depth=None, packages_select_by_dep=None, packages_skip_by_dep=None, packages_skip_up_to=None, packages_select_build_failed=False, packages_skip_build_finished=False, packages_select_test_failures=False, packages_skip_test_passed=False, packages_select=None, packages_skip=None, packages_select_regex=None, packages_skip_regex=None, packages_start=None, packages_end=None, allow_overriding=[], cmake_args=None, cmake_target=None, cmake_target_skip_unavailable=False, cmake_clean_cache=False, cmake_clean_first=False, cmake_force_configure=False, ament_cmake_args=None, catkin_cmake_args=None, catkin_skip_building_tests=False, verb_parser=<colcon_defaults.argument_parser.defaults.DefaultArgumentsDecorator object at 0x7a6313e72290>, verb_extension=<colcon_core.verb.build.BuildVerb object at 0x7a6313fef880>, main=<bound method BuildVerb.main of <colcon_core.verb.build.BuildVerb object at 0x7a6313fef880>>)
[0.118s] Level 1:colcon.colcon_core.package_discovery:discover_packages(colcon_meta) check parameters
[0.118s] Level 1:colcon.colcon_core.package_discovery:discover_packages(recursive) check parameters
[0.118s] Level 1:colcon.colcon_core.package_discovery:discover_packages(ignore) check parameters
[0.118s] Level 1:colcon.colcon_core.package_discovery:discover_packages(path) check parameters
[0.118s] Level 1:colcon.colcon_core.package_discovery:discover_packages(colcon_meta) discover
[0.118s] Level 1:colcon.colcon_core.package_discovery:discover_packages(recursive) discover
[0.118s] INFO:colcon.colcon_core.package_discovery:Crawling recursively for packages in '/home/iiitd/cf_ws'
[0.118s] Level 1:colcon.colcon_core.package_identification:_identify(.) by extensions ['ignore', 'ignore_ament_install']
[0.118s] Level 1:colcon.colcon_core.package_identification:_identify(.) by extension 'ignore'
[0.118s] Level 1:colcon.colcon_core.package_identification:_identify(.) by extension 'ignore_ament_install'
[0.118s] Level 1:colcon.colcon_core.package_identification:_identify(.) by extensions ['colcon_pkg']
[0.118s] Level 1:colcon.colcon_core.package_identification:_identify(.) by extension 'colcon_pkg'
[0.118s] Level 1:colcon.colcon_core.package_identification:_identify(.) by extensions ['colcon_meta']
[0.118s] Level 1:colcon.colcon_core.package_identification:_identify(.) by extension 'colcon_meta'
[0.118s] Level 1:colcon.colcon_core.package_identification:_identify(.) by extensions ['ros']
[0.118s] Level 1:colcon.colcon_core.package_identification:_identify(.) by extension 'ros'
[0.123s] Level 1:colcon.colcon_core.package_identification:_identify(.) by extensions ['cmake', 'python']
[0.123s] Level 1:colcon.colcon_core.package_identification:_identify(.) by extension 'cmake'
[0.123s] Level 1:colcon.colcon_core.package_identification:_identify(.) by extension 'python'
[0.123s] Level 1:colcon.colcon_core.package_identification:_identify(.) by extensions ['python_setup_py']
[0.123s] Level 1:colcon.colcon_core.package_identification:_identify(.) by extension 'python_setup_py'
[0.123s] Level 1:colcon.colcon_core.package_identification:_identify(Documentation) by extensions ['ignore', 'ignore_ament_install']
[0.123s] Level 1:colcon.colcon_core.package_identification:_identify(Documentation) by extension 'ignore'
[0.123s] Level 1:colcon.colcon_core.package_identification:_identify(Documentation) by extension 'ignore_ament_install'
[0.123s] Level 1:colcon.colcon_core.package_identification:_identify(Documentation) by extensions ['colcon_pkg']
[0.123s] Level 1:colcon.colcon_core.package_identification:_identify(Documentation) by extension 'colcon_pkg'
[0.123s] Level 1:colcon.colcon_core.package_identification:_identify(Documentation) by extensions ['colcon_meta']
[0.123s] Level 1:colcon.colcon_core.package_identification:_identify(Documentation) by extension 'colcon_meta'
[0.123s] Level 1:colcon.colcon_core.package_identification:_identify(Documentation) by extensions ['ros']
[0.124s] Level 1:colcon.colcon_core.package_identification:_identify(Documentation) by extension 'ros'
[0.124s] Level 1:colcon.colcon_core.package_identification:_identify(Documentation) by extensions ['cmake', 'python']
[0.124s] Level 1:colcon.colcon_core.package_identification:_identify(Documentation) by extension 'cmake'
[0.124s] Level 1:colcon.colcon_core.package_identification:_identify(Documentation) by extension 'python'
[0.124s] Level 1:colcon.colcon_core.package_identification:_identify(Documentation) by extensions ['python_setup_py']
[0.124s] Level 1:colcon.colcon_core.package_identification:_identify(Documentation) by extension 'python_setup_py'
[0.124s] Level 1:colcon.colcon_core.package_identification:_identify(build) by extensions ['ignore', 'ignore_ament_install']
[0.124s] Level 1:colcon.colcon_core.package_identification:_identify(build) by extension 'ignore'
[0.124s] Level 1:colcon.colcon_core.package_identification:_identify(build) ignored
[0.124s] Level 1:colcon.colcon_core.package_identification:_identify(install) by extensions ['ignore', 'ignore_ament_install']
[0.124s] Level 1:colcon.colcon_core.package_identification:_identify(install) by extension 'ignore'
[0.124s] Level 1:colcon.colcon_core.package_identification:_identify(install) ignored
[0.124s] Level 1:colcon.colcon_core.package_identification:_identify(log) by extensions ['ignore', 'ignore_ament_install']
[0.124s] Level 1:colcon.colcon_core.package_identification:_identify(log) by extension 'ignore'
[0.124s] Level 1:colcon.colcon_core.package_identification:_identify(log) ignored
[0.124s] Level 1:colcon.colcon_core.package_identification:_identify(src) by extensions ['ignore', 'ignore_ament_install']
[0.124s] Level 1:colcon.colcon_core.package_identification:_identify(src) by extension 'ignore'
[0.124s] Level 1:colcon.colcon_core.package_identification:_identify(src) by extension 'ignore_ament_install'
[0.124s] Level 1:colcon.colcon_core.package_identification:_identify(src) by extensions ['colcon_pkg']
[0.124s] Level 1:colcon.colcon_core.package_identification:_identify(src) by extension 'colcon_pkg'
[0.124s] Level 1:colcon.colcon_core.package_identification:_identify(src) by extensions ['colcon_meta']
[0.124s] Level 1:colcon.colcon_core.package_identification:_identify(src) by extension 'colcon_meta'
[0.124s] Level 1:colcon.colcon_core.package_identification:_identify(src) by extensions ['ros']
[0.124s] Level 1:colcon.colcon_core.package_identification:_identify(src) by extension 'ros'
[0.124s] Level 1:colcon.colcon_core.package_identification:_identify(src) by extensions ['cmake', 'python']
[0.124s] Level 1:colcon.colcon_core.package_identification:_identify(src) by extension 'cmake'
[0.124s] Level 1:colcon.colcon_core.package_identification:_identify(src) by extension 'python'
[0.124s] Level 1:colcon.colcon_core.package_identification:_identify(src) by extensions ['python_setup_py']
[0.124s] Level 1:colcon.colcon_core.package_identification:_identify(src) by extension 'python_setup_py'
[0.124s] Level 1:colcon.colcon_core.package_identification:_identify(src/crazyswarm2) by extensions ['ignore', 'ignore_ament_install']
[0.124s] Level 1:colcon.colcon_core.package_identification:_identify(src/crazyswarm2) by extension 'ignore'
[0.124s] Level 1:colcon.colcon_core.package_identification:_identify(src/crazyswarm2) by extension 'ignore_ament_install'
[0.124s] Level 1:colcon.colcon_core.package_identification:_identify(src/crazyswarm2) by extensions ['colcon_pkg']
[0.124s] Level 1:colcon.colcon_core.package_identification:_identify(src/crazyswarm2) by extension 'colcon_pkg'
[0.124s] Level 1:colcon.colcon_core.package_identification:_identify(src/crazyswarm2) by extensions ['colcon_meta']
[0.124s] Level 1:colcon.colcon_core.package_identification:_identify(src/crazyswarm2) by extension 'colcon_meta'
[0.124s] Level 1:colcon.colcon_core.package_identification:_identify(src/crazyswarm2) by extensions ['ros']
[0.124s] Level 1:colcon.colcon_core.package_identification:_identify(src/crazyswarm2) by extension 'ros'
[0.124s] Level 1:colcon.colcon_core.package_identification:_identify(src/crazyswarm2) by extensions ['cmake', 'python']
[0.124s] Level 1:colcon.colcon_core.package_identification:_identify(src/crazyswarm2) by extension 'cmake'
[0.124s] Level 1:colcon.colcon_core.package_identification:_identify(src/crazyswarm2) by extension 'python'
[0.124s] Level 1:colcon.colcon_core.package_identification:_identify(src/crazyswarm2) by extensions ['python_setup_py']
[0.124s] Level 1:colcon.colcon_core.package_identification:_identify(src/crazyswarm2) by extension 'python_setup_py'
[0.124s] Level 1:colcon.colcon_core.package_identification:_identify(src/crazyswarm2/crazyflie) by extensions ['ignore', 'ignore_ament_install']
[0.124s] Level 1:colcon.colcon_core.package_identification:_identify(src/crazyswarm2/crazyflie) by extension 'ignore'
[0.124s] Level 1:colcon.colcon_core.package_identification:_identify(src/crazyswarm2/crazyflie) by extension 'ignore_ament_install'
[0.124s] Level 1:colcon.colcon_core.package_identification:_identify(src/crazyswarm2/crazyflie) by extensions ['colcon_pkg']
[0.124s] Level 1:colcon.colcon_core.package_identification:_identify(src/crazyswarm2/crazyflie) by extension 'colcon_pkg'
[0.124s] Level 1:colcon.colcon_core.package_identification:_identify(src/crazyswarm2/crazyflie) by extensions ['colcon_meta']
[0.125s] Level 1:colcon.colcon_core.package_identification:_identify(src/crazyswarm2/crazyflie) by extension 'colcon_meta'
[0.125s] Level 1:colcon.colcon_core.package_identification:_identify(src/crazyswarm2/crazyflie) by extensions ['ros']
[0.125s] Level 1:colcon.colcon_core.package_identification:_identify(src/crazyswarm2/crazyflie) by extension 'ros'
[0.126s] DEBUG:colcon.colcon_core.package_identification:Package 'src/crazyswarm2/crazyflie' with type 'ros.ament_cmake' and name 'crazyflie'
[0.126s] Level 1:colcon.colcon_core.package_identification:_identify(src/crazyswarm2/crazyflie_description) by extensions ['ignore', 'ignore_ament_install']
[0.126s] Level 1:colcon.colcon_core.package_identification:_identify(src/crazyswarm2/crazyflie_description) by extension 'ignore'
[0.126s] Level 1:colcon.colcon_core.package_identification:_identify(src/crazyswarm2/crazyflie_description) by extension 'ignore_ament_install'
[0.126s] Level 1:colcon.colcon_core.package_identification:_identify(src/crazyswarm2/crazyflie_description) by extensions ['colcon_pkg']
[0.126s] Level 1:colcon.colcon_core.package_identification:_identify(src/crazyswarm2/crazyflie_description) by extension 'colcon_pkg'
[0.126s] Level 1:colcon.colcon_core.package_identification:_identify(src/crazyswarm2/crazyflie_description) by extensions ['colcon_meta']
[0.126s] Level 1:colcon.colcon_core.package_identification:_identify(src/crazyswarm2/crazyflie_description) by extension 'colcon_meta'
[0.126s] Level 1:colcon.colcon_core.package_identification:_identify(src/crazyswarm2/crazyflie_description) by extensions ['ros']
[0.126s] Level 1:colcon.colcon_core.package_identification:_identify(src/crazyswarm2/crazyflie_description) by extension 'ros'
[0.126s] DEBUG:colcon.colcon_core.package_identification:Package 'src/crazyswarm2/crazyflie_description' with type 'ros.ament_cmake' and name 'crazyflie_description'
[0.127s] Level 1:colcon.colcon_core.package_identification:_identify(src/crazyswarm2/crazyflie_examples) by extensions ['ignore', 'ignore_ament_install']
[0.127s] Level 1:colcon.colcon_core.package_identification:_identify(src/crazyswarm2/crazyflie_examples) by extension 'ignore'
[0.127s] Level 1:colcon.colcon_core.package_identification:_identify(src/crazyswarm2/crazyflie_examples) by extension 'ignore_ament_install'
[0.127s] Level 1:colcon.colcon_core.package_identification:_identify(src/crazyswarm2/crazyflie_examples) by extensions ['colcon_pkg']
[0.127s] Level 1:colcon.colcon_core.package_identification:_identify(src/crazyswarm2/crazyflie_examples) by extension 'colcon_pkg'
[0.127s] Level 1:colcon.colcon_core.package_identification:_identify(src/crazyswarm2/crazyflie_examples) by extensions ['colcon_meta']
[0.127s] Level 1:colcon.colcon_core.package_identification:_identify(src/crazyswarm2/crazyflie_examples) by extension 'colcon_meta'
[0.127s] Level 1:colcon.colcon_core.package_identification:_identify(src/crazyswarm2/crazyflie_examples) by extensions ['ros']
[0.127s] Level 1:colcon.colcon_core.package_identification:_identify(src/crazyswarm2/crazyflie_examples) by extension 'ros'
[0.127s] DEBUG:colcon.colcon_core.package_identification:Package 'src/crazyswarm2/crazyflie_examples' with type 'ros.ament_cmake' and name 'crazyflie_examples'
[0.127s] Level 1:colcon.colcon_core.package_identification:_identify(src/crazyswarm2/crazyflie_interfaces) by extensions ['ignore', 'ignore_ament_install']
[0.127s] Level 1:colcon.colcon_core.package_identification:_identify(src/crazyswarm2/crazyflie_interfaces) by extension 'ignore'
[0.127s] Level 1:colcon.colcon_core.package_identification:_identify(src/crazyswarm2/crazyflie_interfaces) by extension 'ignore_ament_install'
[0.127s] Level 1:colcon.colcon_core.package_identification:_identify(src/crazyswarm2/crazyflie_interfaces) by extensions ['colcon_pkg']
[0.127s] Level 1:colcon.colcon_core.package_identification:_identify(src/crazyswarm2/crazyflie_interfaces) by extension 'colcon_pkg'
[0.127s] Level 1:colcon.colcon_core.package_identification:_identify(src/crazyswarm2/crazyflie_interfaces) by extensions ['colcon_meta']
[0.127s] Level 1:colcon.colcon_core.package_identification:_identify(src/crazyswarm2/crazyflie_interfaces) by extension 'colcon_meta'
[0.127s] Level 1:colcon.colcon_core.package_identification:_identify(src/crazyswarm2/crazyflie_interfaces) by extensions ['ros']
[0.127s] Level 1:colcon.colcon_core.package_identification:_identify(src/crazyswarm2/crazyflie_interfaces) by extension 'ros'
[0.128s] DEBUG:colcon.colcon_core.package_identification:Package 'src/crazyswarm2/crazyflie_interfaces' with type 'ros.ament_cmake' and name 'crazyflie_interfaces'
[0.128s] Level 1:colcon.colcon_core.package_identification:_identify(src/crazyswarm2/crazyflie_py) by extensions ['ignore', 'ignore_ament_install']
[0.128s] Level 1:colcon.colcon_core.package_identification:_identify(src/crazyswarm2/crazyflie_py) by extension 'ignore'
[0.128s] Level 1:colcon.colcon_core.package_identification:_identify(src/crazyswarm2/crazyflie_py) by extension 'ignore_ament_install'
[0.128s] Level 1:colcon.colcon_core.package_identification:_identify(src/crazyswarm2/crazyflie_py) by extensions ['colcon_pkg']
[0.128s] Level 1:colcon.colcon_core.package_identification:_identify(src/crazyswarm2/crazyflie_py) by extension 'colcon_pkg'
[0.128s] Level 1:colcon.colcon_core.package_identification:_identify(src/crazyswarm2/crazyflie_py) by extensions ['colcon_meta']
[0.128s] Level 1:colcon.colcon_core.package_identification:_identify(src/crazyswarm2/crazyflie_py) by extension 'colcon_meta'
[0.128s] Level 1:colcon.colcon_core.package_identification:_identify(src/crazyswarm2/crazyflie_py) by extensions ['ros']
[0.128s] Level 1:colcon.colcon_core.package_identification:_identify(src/crazyswarm2/crazyflie_py) by extension 'ros'
[0.128s] DEBUG:colcon.colcon_core.package_identification:Package 'src/crazyswarm2/crazyflie_py' with type 'ros.ament_python' and name 'crazyflie_py'
[0.128s] Level 1:colcon.colcon_core.package_identification:_identify(src/crazyswarm2/crazyflie_server_py) by extensions ['ignore', 'ignore_ament_install']
[0.128s] Level 1:colcon.colcon_core.package_identification:_identify(src/crazyswarm2/crazyflie_server_py) by extension 'ignore'
[0.128s] Level 1:colcon.colcon_core.package_identification:_identify(src/crazyswarm2/crazyflie_server_py) by extension 'ignore_ament_install'
[0.128s] Level 1:colcon.colcon_core.package_identification:_identify(src/crazyswarm2/crazyflie_server_py) by extensions ['colcon_pkg']
[0.128s] Level 1:colcon.colcon_core.package_identification:_identify(src/crazyswarm2/crazyflie_server_py) by extension 'colcon_pkg'
[0.128s] Level 1:colcon.colcon_core.package_identification:_identify(src/crazyswarm2/crazyflie_server_py) by extensions ['colcon_meta']
[0.128s] Level 1:colcon.colcon_core.package_identification:_identify(src/crazyswarm2/crazyflie_server_py) by extension 'colcon_meta'
[0.129s] Level 1:colcon.colcon_core.package_identification:_identify(src/crazyswarm2/crazyflie_server_py) by extensions ['ros']
[0.129s] Level 1:colcon.colcon_core.package_identification:_identify(src/crazyswarm2/crazyflie_server_py) by extension 'ros'
[0.129s] DEBUG:colcon.colcon_core.package_identification:Package 'src/crazyswarm2/crazyflie_server_py' with type 'ros.ament_python' and name 'crazyflie_server_py'
[0.129s] Level 1:colcon.colcon_core.package_identification:_identify(src/crazyswarm2/crazyflie_sim) by extensions ['ignore', 'ignore_ament_install']
[0.129s] Level 1:colcon.colcon_core.package_identification:_identify(src/crazyswarm2/crazyflie_sim) by extension 'ignore'
[0.129s] Level 1:colcon.colcon_core.package_identification:_identify(src/crazyswarm2/crazyflie_sim) by extension 'ignore_ament_install'
[0.129s] Level 1:colcon.colcon_core.package_identification:_identify(src/crazyswarm2/crazyflie_sim) by extensions ['colcon_pkg']
[0.129s] Level 1:colcon.colcon_core.package_identification:_identify(src/crazyswarm2/crazyflie_sim) by extension 'colcon_pkg'
[0.129s] Level 1:colcon.colcon_core.package_identification:_identify(src/crazyswarm2/crazyflie_sim) by extensions ['colcon_meta']
[0.129s] Level 1:colcon.colcon_core.package_identification:_identify(src/crazyswarm2/crazyflie_sim) by extension 'colcon_meta'
[0.129s] Level 1:colcon.colcon_core.package_identification:_identify(src/crazyswarm2/crazyflie_sim) by extensions ['ros']
[0.129s] Level 1:colcon.colcon_core.package_identification:_identify(src/crazyswarm2/crazyflie_sim) by extension 'ros'
[0.129s] DEBUG:colcon.colcon_core.package_identification:Package 'src/crazyswarm2/crazyflie_sim' with type 'ros.ament_cmake' and name 'crazyflie_sim'
[0.130s] Level 1:colcon.colcon_core.package_identification:_identify(src/crazyswarm2/docs) by extensions ['ignore', 'ignore_ament_install']
[0.130s] Level 1:colcon.colcon_core.package_identification:_identify(src/crazyswarm2/docs) by extension 'ignore'
[0.130s] Level 1:colcon.colcon_core.package_identification:_identify(src/crazyswarm2/docs) by extension 'ignore_ament_install'
[0.130s] Level 1:colcon.colcon_core.package_identification:_identify(src/crazyswarm2/docs) by extensions ['colcon_pkg']
[0.130s] Level 1:colcon.colcon_core.package_identification:_identify(src/crazyswarm2/docs) by extension 'colcon_pkg'
[0.130s] Level 1:colcon.colcon_core.package_identification:_identify(src/crazyswarm2/docs) by extensions ['colcon_meta']
[0.130s] Level 1:colcon.colcon_core.package_identification:_identify(src/crazyswarm2/docs) by extension 'colcon_meta'
[0.130s] Level 1:colcon.colcon_core.package_identification:_identify(src/crazyswarm2/docs) by extensions ['ros']
[0.130s] Level 1:colcon.colcon_core.package_identification:_identify(src/crazyswarm2/docs) by extension 'ros'
[0.130s] Level 1:colcon.colcon_core.package_identification:_identify(src/crazyswarm2/docs) by extensions ['cmake', 'python']
[0.130s] Level 1:colcon.colcon_core.package_identification:_identify(src/crazyswarm2/docs) by extension 'cmake'
[0.130s] Level 1:colcon.colcon_core.package_identification:_identify(src/crazyswarm2/docs) by extension 'python'
[0.130s] Level 1:colcon.colcon_core.package_identification:_identify(src/crazyswarm2/docs) by extensions ['python_setup_py']
[0.130s] Level 1:colcon.colcon_core.package_identification:_identify(src/crazyswarm2/docs) by extension 'python_setup_py'
[0.130s] Level 1:colcon.colcon_core.package_identification:_identify(src/crazyswarm2/docs/generated) by extensions ['ignore', 'ignore_ament_install']
[0.130s] Level 1:colcon.colcon_core.package_identification:_identify(src/crazyswarm2/docs/generated) by extension 'ignore'
[0.130s] Level 1:colcon.colcon_core.package_identification:_identify(src/crazyswarm2/docs/generated) by extension 'ignore_ament_install'
[0.130s] Level 1:colcon.colcon_core.package_identification:_identify(src/crazyswarm2/docs/generated) by extensions ['colcon_pkg']
[0.130s] Level 1:colcon.colcon_core.package_identification:_identify(src/crazyswarm2/docs/generated) by extension 'colcon_pkg'
[0.130s] Level 1:colcon.colcon_core.package_identification:_identify(src/crazyswarm2/docs/generated) by extensions ['colcon_meta']
[0.130s] Level 1:colcon.colcon_core.package_identification:_identify(src/crazyswarm2/docs/generated) by extension 'colcon_meta'
[0.130s] Level 1:colcon.colcon_core.package_identification:_identify(src/crazyswarm2/docs/generated) by extensions ['ros']
[0.130s] Level 1:colcon.colcon_core.package_identification:_identify(src/crazyswarm2/docs/generated) by extension 'ros'
[0.130s] Level 1:colcon.colcon_core.package_identification:_identify(src/crazyswarm2/docs/generated) by extensions ['cmake', 'python']
[0.130s] Level 1:colcon.colcon_core.package_identification:_identify(src/crazyswarm2/docs/generated) by extension 'cmake'
[0.130s] Level 1:colcon.colcon_core.package_identification:_identify(src/crazyswarm2/docs/generated) by extension 'python'
[0.130s] Level 1:colcon.colcon_core.package_identification:_identify(src/crazyswarm2/docs/generated) by extensions ['python_setup_py']
[0.130s] Level 1:colcon.colcon_core.package_identification:_identify(src/crazyswarm2/docs/generated) by extension 'python_setup_py'
[0.131s] Level 1:colcon.colcon_core.package_identification:_identify(src/crazyswarm2/docs/howto) by extensions ['ignore', 'ignore_ament_install']
[0.131s] Level 1:colcon.colcon_core.package_identification:_identify(src/crazyswarm2/docs/howto) by extension 'ignore'
[0.131s] Level 1:colcon.colcon_core.package_identification:_identify(src/crazyswarm2/docs/howto) by extension 'ignore_ament_install'
[0.131s] Level 1:colcon.colcon_core.package_identification:_identify(src/crazyswarm2/docs/howto) by extensions ['colcon_pkg']
[0.131s] Level 1:colcon.colcon_core.package_identification:_identify(src/crazyswarm2/docs/howto) by extension 'colcon_pkg'
[0.131s] Level 1:colcon.colcon_core.package_identification:_identify(src/crazyswarm2/docs/howto) by extensions ['colcon_meta']
[0.131s] Level 1:colcon.colcon_core.package_identification:_identify(src/crazyswarm2/docs/howto) by extension 'colcon_meta'
[0.131s] Level 1:colcon.colcon_core.package_identification:_identify(src/crazyswarm2/docs/howto) by extensions ['ros']
[0.131s] Level 1:colcon.colcon_core.package_identification:_identify(src/crazyswarm2/docs/howto) by extension 'ros'
[0.131s] Level 1:colcon.colcon_core.package_identification:_identify(src/crazyswarm2/docs/howto) by extensions ['cmake', 'python']
[0.131s] Level 1:colcon.colcon_core.package_identification:_identify(src/crazyswarm2/docs/howto) by extension 'cmake'
[0.131s] Level 1:colcon.colcon_core.package_identification:_identify(src/crazyswarm2/docs/howto) by extension 'python'
[0.131s] Level 1:colcon.colcon_core.package_identification:_identify(src/crazyswarm2/docs/howto) by extensions ['python_setup_py']
[0.131s] Level 1:colcon.colcon_core.package_identification:_identify(src/crazyswarm2/docs/howto) by extension 'python_setup_py'
[0.131s] Level 1:colcon.colcon_core.package_identification:_identify(src/crazyswarm2/docs/images) by extensions ['ignore', 'ignore_ament_install']
[0.131s] Level 1:colcon.colcon_core.package_identification:_identify(src/crazyswarm2/docs/images) by extension 'ignore'
[0.131s] Level 1:colcon.colcon_core.package_identification:_identify(src/crazyswarm2/docs/images) by extension 'ignore_ament_install'
[0.131s] Level 1:colcon.colcon_core.package_identification:_identify(src/crazyswarm2/docs/images) by extensions ['colcon_pkg']
[0.131s] Level 1:colcon.colcon_core.package_identification:_identify(src/crazyswarm2/docs/images) by extension 'colcon_pkg'
[0.131s] Level 1:colcon.colcon_core.package_identification:_identify(src/crazyswarm2/docs/images) by extensions ['colcon_meta']
[0.131s] Level 1:colcon.colcon_core.package_identification:_identify(src/crazyswarm2/docs/images) by extension 'colcon_meta'
[0.131s] Level 1:colcon.colcon_core.package_identification:_identify(src/crazyswarm2/docs/images) by extensions ['ros']
[0.131s] Level 1:colcon.colcon_core.package_identification:_identify(src/crazyswarm2/docs/images) by extension 'ros'
[0.131s] Level 1:colcon.colcon_core.package_identification:_identify(src/crazyswarm2/docs/images) by extensions ['cmake', 'python']
[0.131s] Level 1:colcon.colcon_core.package_identification:_identify(src/crazyswarm2/docs/images) by extension 'cmake'
[0.131s] Level 1:colcon.colcon_core.package_identification:_identify(src/crazyswarm2/docs/images) by extension 'python'
[0.131s] Level 1:colcon.colcon_core.package_identification:_identify(src/crazyswarm2/docs/images) by extensions ['python_setup_py']
[0.131s] Level 1:colcon.colcon_core.package_identification:_identify(src/crazyswarm2/docs/images) by extension 'python_setup_py'
[0.131s] Level 1:colcon.colcon_core.package_identification:_identify(src/crazyswarm2/docs/tutorials) by extensions ['ignore', 'ignore_ament_install']
[0.131s] Level 1:colcon.colcon_core.package_identification:_identify(src/crazyswarm2/docs/tutorials) by extension 'ignore'
[0.131s] Level 1:colcon.colcon_core.package_identification:_identify(src/crazyswarm2/docs/tutorials) by extension 'ignore_ament_install'
[0.131s] Level 1:colcon.colcon_core.package_identification:_identify(src/crazyswarm2/docs/tutorials) by extensions ['colcon_pkg']
[0.131s] Level 1:colcon.colcon_core.package_identification:_identify(src/crazyswarm2/docs/tutorials) by extension 'colcon_pkg'
[0.131s] Level 1:colcon.colcon_core.package_identification:_identify(src/crazyswarm2/docs/tutorials) by extensions ['colcon_meta']
[0.131s] Level 1:colcon.colcon_core.package_identification:_identify(src/crazyswarm2/docs/tutorials) by extension 'colcon_meta'
[0.131s] Level 1:colcon.colcon_core.package_identification:_identify(src/crazyswarm2/docs/tutorials) by extensions ['ros']
[0.131s] Level 1:colcon.colcon_core.package_identification:_identify(src/crazyswarm2/docs/tutorials) by extension 'ros'
[0.131s] Level 1:colcon.colcon_core.package_identification:_identify(src/crazyswarm2/docs/tutorials) by extensions ['cmake', 'python']
[0.131s] Level 1:colcon.colcon_core.package_identification:_identify(src/crazyswarm2/docs/tutorials) by extension 'cmake'
[0.131s] Level 1:colcon.colcon_core.package_identification:_identify(src/crazyswarm2/docs/tutorials) by extension 'python'
[0.131s] Level 1:colcon.colcon_core.package_identification:_identify(src/crazyswarm2/docs/tutorials) by extensions ['python_setup_py']
[0.131s] Level 1:colcon.colcon_core.package_identification:_identify(src/crazyswarm2/docs/tutorials) by extension 'python_setup_py'
[0.131s] Level 1:colcon.colcon_core.package_identification:_identify(src/crazyswarm2/docs2) by extensions ['ignore', 'ignore_ament_install']
[0.131s] Level 1:colcon.colcon_core.package_identification:_identify(src/crazyswarm2/docs2) by extension 'ignore'
[0.131s] Level 1:colcon.colcon_core.package_identification:_identify(src/crazyswarm2/docs2) by extension 'ignore_ament_install'
[0.131s] Level 1:colcon.colcon_core.package_identification:_identify(src/crazyswarm2/docs2) by extensions ['colcon_pkg']
[0.131s] Level 1:colcon.colcon_core.package_identification:_identify(src/crazyswarm2/docs2) by extension 'colcon_pkg'
[0.131s] Level 1:colcon.colcon_core.package_identification:_identify(src/crazyswarm2/docs2) by extensions ['colcon_meta']
[0.131s] Level 1:colcon.colcon_core.package_identification:_identify(src/crazyswarm2/docs2) by extension 'colcon_meta'
[0.131s] Level 1:colcon.colcon_core.package_identification:_identify(src/crazyswarm2/docs2) by extensions ['ros']
[0.131s] Level 1:colcon.colcon_core.package_identification:_identify(src/crazyswarm2/docs2) by extension 'ros'
[0.131s] Level 1:colcon.colcon_core.package_identification:_identify(src/crazyswarm2/docs2) by extensions ['cmake', 'python']
[0.131s] Level 1:colcon.colcon_core.package_identification:_identify(src/crazyswarm2/docs2) by extension 'cmake'
[0.131s] Level 1:colcon.colcon_core.package_identification:_identify(src/crazyswarm2/docs2) by extension 'python'
[0.132s] Level 1:colcon.colcon_core.package_identification:_identify(src/crazyswarm2/docs2) by extensions ['python_setup_py']
[0.132s] Level 1:colcon.colcon_core.package_identification:_identify(src/crazyswarm2/docs2) by extension 'python_setup_py'
[0.132s] Level 1:colcon.colcon_core.package_identification:_identify(src/crazyswarm2/docs2/images) by extensions ['ignore', 'ignore_ament_install']
[0.132s] Level 1:colcon.colcon_core.package_identification:_identify(src/crazyswarm2/docs2/images) by extension 'ignore'
[0.132s] Level 1:colcon.colcon_core.package_identification:_identify(src/crazyswarm2/docs2/images) by extension 'ignore_ament_install'
[0.132s] Level 1:colcon.colcon_core.package_identification:_identify(src/crazyswarm2/docs2/images) by extensions ['colcon_pkg']
[0.132s] Level 1:colcon.colcon_core.package_identification:_identify(src/crazyswarm2/docs2/images) by extension 'colcon_pkg'
[0.132s] Level 1:colcon.colcon_core.package_identification:_identify(src/crazyswarm2/docs2/images) by extensions ['colcon_meta']
[0.132s] Level 1:colcon.colcon_core.package_identification:_identify(src/crazyswarm2/docs2/images) by extension 'colcon_meta'
[0.132s] Level 1:colcon.colcon_core.package_identification:_identify(src/crazyswarm2/docs2/images) by extensions ['ros']
[0.132s] Level 1:colcon.colcon_core.package_identification:_identify(src/crazyswarm2/docs2/images) by extension 'ros'
[0.132s] Level 1:colcon.colcon_core.package_identification:_identify(src/crazyswarm2/docs2/images) by extensions ['cmake', 'python']
[0.132s] Level 1:colcon.colcon_core.package_identification:_identify(src/crazyswarm2/docs2/images) by extension 'cmake'
[0.132s] Level 1:colcon.colcon_core.package_identification:_identify(src/crazyswarm2/docs2/images) by extension 'python'
[0.132s] Level 1:colcon.colcon_core.package_identification:_identify(src/crazyswarm2/docs2/images) by extensions ['python_setup_py']
[0.132s] Level 1:colcon.colcon_core.package_identification:_identify(src/crazyswarm2/docs2/images) by extension 'python_setup_py'
[0.132s] Level 1:colcon.colcon_core.package_identification:_identify(src/crazyswarm2/prebuilt) by extensions ['ignore', 'ignore_ament_install']
[0.132s] Level 1:colcon.colcon_core.package_identification:_identify(src/crazyswarm2/prebuilt) by extension 'ignore'
[0.132s] Level 1:colcon.colcon_core.package_identification:_identify(src/crazyswarm2/prebuilt) by extension 'ignore_ament_install'
[0.132s] Level 1:colcon.colcon_core.package_identification:_identify(src/crazyswarm2/prebuilt) by extensions ['colcon_pkg']
[0.132s] Level 1:colcon.colcon_core.package_identification:_identify(src/crazyswarm2/prebuilt) by extension 'colcon_pkg'
[0.132s] Level 1:colcon.colcon_core.package_identification:_identify(src/crazyswarm2/prebuilt) by extensions ['colcon_meta']
[0.132s] Level 1:colcon.colcon_core.package_identification:_identify(src/crazyswarm2/prebuilt) by extension 'colcon_meta'
[0.132s] Level 1:colcon.colcon_core.package_identification:_identify(src/crazyswarm2/prebuilt) by extensions ['ros']
[0.132s] Level 1:colcon.colcon_core.package_identification:_identify(src/crazyswarm2/prebuilt) by extension 'ros'
[0.132s] Level 1:colcon.colcon_core.package_identification:_identify(src/crazyswarm2/prebuilt) by extensions ['cmake', 'python']
[0.132s] Level 1:colcon.colcon_core.package_identification:_identify(src/crazyswarm2/prebuilt) by extension 'cmake'
[0.132s] Level 1:colcon.colcon_core.package_identification:_identify(src/crazyswarm2/prebuilt) by extension 'python'
[0.132s] Level 1:colcon.colcon_core.package_identification:_identify(src/crazyswarm2/prebuilt) by extensions ['python_setup_py']
[0.132s] Level 1:colcon.colcon_core.package_identification:_identify(src/crazyswarm2/prebuilt) by extension 'python_setup_py'
[0.132s] Level 1:colcon.colcon_core.package_identification:_identify(src/crazyswarm2/ros_ws) by extensions ['ignore', 'ignore_ament_install']
[0.132s] Level 1:colcon.colcon_core.package_identification:_identify(src/crazyswarm2/ros_ws) by extension 'ignore'
[0.132s] Level 1:colcon.colcon_core.package_identification:_identify(src/crazyswarm2/ros_ws) by extension 'ignore_ament_install'
[0.132s] Level 1:colcon.colcon_core.package_identification:_identify(src/crazyswarm2/ros_ws) by extensions ['colcon_pkg']
[0.132s] Level 1:colcon.colcon_core.package_identification:_identify(src/crazyswarm2/ros_ws) by extension 'colcon_pkg'
[0.132s] Level 1:colcon.colcon_core.package_identification:_identify(src/crazyswarm2/ros_ws) by extensions ['colcon_meta']
[0.132s] Level 1:colcon.colcon_core.package_identification:_identify(src/crazyswarm2/ros_ws) by extension 'colcon_meta'
[0.132s] Level 1:colcon.colcon_core.package_identification:_identify(src/crazyswarm2/ros_ws) by extensions ['ros']
[0.132s] Level 1:colcon.colcon_core.package_identification:_identify(src/crazyswarm2/ros_ws) by extension 'ros'
[0.132s] Level 1:colcon.colcon_core.package_identification:_identify(src/crazyswarm2/ros_ws) by extensions ['cmake', 'python']
[0.132s] Level 1:colcon.colcon_core.package_identification:_identify(src/crazyswarm2/ros_ws) by extension 'cmake'
[0.132s] Level 1:colcon.colcon_core.package_identification:_identify(src/crazyswarm2/ros_ws) by extension 'python'
[0.132s] Level 1:colcon.colcon_core.package_identification:_identify(src/crazyswarm2/ros_ws) by extensions ['python_setup_py']
[0.132s] Level 1:colcon.colcon_core.package_identification:_identify(src/crazyswarm2/ros_ws) by extension 'python_setup_py'
[0.132s] Level 1:colcon.colcon_core.package_identification:_identify(src/crazyswarm2/ros_ws/src) by extensions ['ignore', 'ignore_ament_install']
[0.132s] Level 1:colcon.colcon_core.package_identification:_identify(src/crazyswarm2/ros_ws/src) by extension 'ignore'
[0.132s] Level 1:colcon.colcon_core.package_identification:_identify(src/crazyswarm2/ros_ws/src) by extension 'ignore_ament_install'
[0.132s] Level 1:colcon.colcon_core.package_identification:_identify(src/crazyswarm2/ros_ws/src) by extensions ['colcon_pkg']
[0.132s] Level 1:colcon.colcon_core.package_identification:_identify(src/crazyswarm2/ros_ws/src) by extension 'colcon_pkg'
[0.132s] Level 1:colcon.colcon_core.package_identification:_identify(src/crazyswarm2/ros_ws/src) by extensions ['colcon_meta']
[0.132s] Level 1:colcon.colcon_core.package_identification:_identify(src/crazyswarm2/ros_ws/src) by extension 'colcon_meta'
[0.132s] Level 1:colcon.colcon_core.package_identification:_identify(src/crazyswarm2/ros_ws/src) by extensions ['ros']
[0.132s] Level 1:colcon.colcon_core.package_identification:_identify(src/crazyswarm2/ros_ws/src) by extension 'ros'
[0.132s] Level 1:colcon.colcon_core.package_identification:_identify(src/crazyswarm2/ros_ws/src) by extensions ['cmake', 'python']
[0.132s] Level 1:colcon.colcon_core.package_identification:_identify(src/crazyswarm2/ros_ws/src) by extension 'cmake'
[0.132s] Level 1:colcon.colcon_core.package_identification:_identify(src/crazyswarm2/ros_ws/src) by extension 'python'
[0.132s] Level 1:colcon.colcon_core.package_identification:_identify(src/crazyswarm2/ros_ws/src) by extensions ['python_setup_py']
[0.132s] Level 1:colcon.colcon_core.package_identification:_identify(src/crazyswarm2/ros_ws/src) by extension 'python_setup_py'
[0.133s] Level 1:colcon.colcon_core.package_identification:_identify(src/crazyswarm2/ros_ws/src/crazyswarm) by extensions ['ignore', 'ignore_ament_install']
[0.133s] Level 1:colcon.colcon_core.package_identification:_identify(src/crazyswarm2/ros_ws/src/crazyswarm) by extension 'ignore'
[0.133s] Level 1:colcon.colcon_core.package_identification:_identify(src/crazyswarm2/ros_ws/src/crazyswarm) by extension 'ignore_ament_install'
[0.133s] Level 1:colcon.colcon_core.package_identification:_identify(src/crazyswarm2/ros_ws/src/crazyswarm) by extensions ['colcon_pkg']
[0.133s] Level 1:colcon.colcon_core.package_identification:_identify(src/crazyswarm2/ros_ws/src/crazyswarm) by extension 'colcon_pkg'
[0.133s] Level 1:colcon.colcon_core.package_identification:_identify(src/crazyswarm2/ros_ws/src/crazyswarm) by extensions ['colcon_meta']
[0.133s] Level 1:colcon.colcon_core.package_identification:_identify(src/crazyswarm2/ros_ws/src/crazyswarm) by extension 'colcon_meta'
[0.133s] Level 1:colcon.colcon_core.package_identification:_identify(src/crazyswarm2/ros_ws/src/crazyswarm) by extensions ['ros']
[0.133s] Level 1:colcon.colcon_core.package_identification:_identify(src/crazyswarm2/ros_ws/src/crazyswarm) by extension 'ros'
[0.133s] Level 1:colcon.colcon_core.package_identification:_identify(src/crazyswarm2/ros_ws/src/crazyswarm) by extensions ['cmake', 'python']
[0.133s] Level 1:colcon.colcon_core.package_identification:_identify(src/crazyswarm2/ros_ws/src/crazyswarm) by extension 'cmake'
[0.133s] Level 1:colcon.colcon_core.package_identification:_identify(src/crazyswarm2/ros_ws/src/crazyswarm) by extension 'python'
[0.133s] Level 1:colcon.colcon_core.package_identification:_identify(src/crazyswarm2/ros_ws/src/crazyswarm) by extensions ['python_setup_py']
[0.133s] Level 1:colcon.colcon_core.package_identification:_identify(src/crazyswarm2/ros_ws/src/crazyswarm) by extension 'python_setup_py'
[0.133s] Level 1:colcon.colcon_core.package_identification:_identify(src/crazyswarm2/ros_ws/src/crazyswarm/launch) by extensions ['ignore', 'ignore_ament_install']
[0.133s] Level 1:colcon.colcon_core.package_identification:_identify(src/crazyswarm2/ros_ws/src/crazyswarm/launch) by extension 'ignore'
[0.133s] Level 1:colcon.colcon_core.package_identification:_identify(src/crazyswarm2/ros_ws/src/crazyswarm/launch) by extension 'ignore_ament_install'
[0.133s] Level 1:colcon.colcon_core.package_identification:_identify(src/crazyswarm2/ros_ws/src/crazyswarm/launch) by extensions ['colcon_pkg']
[0.133s] Level 1:colcon.colcon_core.package_identification:_identify(src/crazyswarm2/ros_ws/src/crazyswarm/launch) by extension 'colcon_pkg'
[0.133s] Level 1:colcon.colcon_core.package_identification:_identify(src/crazyswarm2/ros_ws/src/crazyswarm/launch) by extensions ['colcon_meta']
[0.133s] Level 1:colcon.colcon_core.package_identification:_identify(src/crazyswarm2/ros_ws/src/crazyswarm/launch) by extension 'colcon_meta'
[0.133s] Level 1:colcon.colcon_core.package_identification:_identify(src/crazyswarm2/ros_ws/src/crazyswarm/launch) by extensions ['ros']
[0.133s] Level 1:colcon.colcon_core.package_identification:_identify(src/crazyswarm2/ros_ws/src/crazyswarm/launch) by extension 'ros'
[0.133s] Level 1:colcon.colcon_core.package_identification:_identify(src/crazyswarm2/ros_ws/src/crazyswarm/launch) by extensions ['cmake', 'python']
[0.133s] Level 1:colcon.colcon_core.package_identification:_identify(src/crazyswarm2/ros_ws/src/crazyswarm/launch) by extension 'cmake'
[0.133s] Level 1:colcon.colcon_core.package_identification:_identify(src/crazyswarm2/ros_ws/src/crazyswarm/launch) by extension 'python'
[0.133s] Level 1:colcon.colcon_core.package_identification:_identify(src/crazyswarm2/ros_ws/src/crazyswarm/launch) by extensions ['python_setup_py']
[0.133s] Level 1:colcon.colcon_core.package_identification:_identify(src/crazyswarm2/ros_ws/src/crazyswarm/launch) by extension 'python_setup_py'
[0.133s] Level 1:colcon.colcon_core.package_identification:_identify(src/crazyswarm2/ros_ws/src/crazyswarm/scripts) by extensions ['ignore', 'ignore_ament_install']
[0.133s] Level 1:colcon.colcon_core.package_identification:_identify(src/crazyswarm2/ros_ws/src/crazyswarm/scripts) by extension 'ignore'
[0.133s] Level 1:colcon.colcon_core.package_identification:_identify(src/crazyswarm2/ros_ws/src/crazyswarm/scripts) by extension 'ignore_ament_install'
[0.133s] Level 1:colcon.colcon_core.package_identification:_identify(src/crazyswarm2/ros_ws/src/crazyswarm/scripts) by extensions ['colcon_pkg']
[0.133s] Level 1:colcon.colcon_core.package_identification:_identify(src/crazyswarm2/ros_ws/src/crazyswarm/scripts) by extension 'colcon_pkg'
[0.133s] Level 1:colcon.colcon_core.package_identification:_identify(src/crazyswarm2/ros_ws/src/crazyswarm/scripts) by extensions ['colcon_meta']
[0.133s] Level 1:colcon.colcon_core.package_identification:_identify(src/crazyswarm2/ros_ws/src/crazyswarm/scripts) by extension 'colcon_meta'
[0.133s] Level 1:colcon.colcon_core.package_identification:_identify(src/crazyswarm2/ros_ws/src/crazyswarm/scripts) by extensions ['ros']
[0.133s] Level 1:colcon.colcon_core.package_identification:_identify(src/crazyswarm2/ros_ws/src/crazyswarm/scripts) by extension 'ros'
[0.133s] Level 1:colcon.colcon_core.package_identification:_identify(src/crazyswarm2/ros_ws/src/crazyswarm/scripts) by extensions ['cmake', 'python']
[0.133s] Level 1:colcon.colcon_core.package_identification:_identify(src/crazyswarm2/ros_ws/src/crazyswarm/scripts) by extension 'cmake'
[0.133s] Level 1:colcon.colcon_core.package_identification:_identify(src/crazyswarm2/ros_ws/src/crazyswarm/scripts) by extension 'python'
[0.133s] Level 1:colcon.colcon_core.package_identification:_identify(src/crazyswarm2/ros_ws/src/crazyswarm/scripts) by extensions ['python_setup_py']
[0.133s] Level 1:colcon.colcon_core.package_identification:_identify(src/crazyswarm2/ros_ws/src/crazyswarm/scripts) by extension 'python_setup_py'
[0.133s] Level 1:colcon.colcon_core.package_identification:_identify(src/crazyswarm2/ros_ws/src/crazyswarm/scripts/crossing2_pps) by extensions ['ignore', 'ignore_ament_install']
[0.133s] Level 1:colcon.colcon_core.package_identification:_identify(src/crazyswarm2/ros_ws/src/crazyswarm/scripts/crossing2_pps) by extension 'ignore'
[0.133s] Level 1:colcon.colcon_core.package_identification:_identify(src/crazyswarm2/ros_ws/src/crazyswarm/scripts/crossing2_pps) by extension 'ignore_ament_install'
[0.133s] Level 1:colcon.colcon_core.package_identification:_identify(src/crazyswarm2/ros_ws/src/crazyswarm/scripts/crossing2_pps) by extensions ['colcon_pkg']
[0.133s] Level 1:colcon.colcon_core.package_identification:_identify(src/crazyswarm2/ros_ws/src/crazyswarm/scripts/crossing2_pps) by extension 'colcon_pkg'
[0.133s] Level 1:colcon.colcon_core.package_identification:_identify(src/crazyswarm2/ros_ws/src/crazyswarm/scripts/crossing2_pps) by extensions ['colcon_meta']
[0.133s] Level 1:colcon.colcon_core.package_identification:_identify(src/crazyswarm2/ros_ws/src/crazyswarm/scripts/crossing2_pps) by extension 'colcon_meta'
[0.133s] Level 1:colcon.colcon_core.package_identification:_identify(src/crazyswarm2/ros_ws/src/crazyswarm/scripts/crossing2_pps) by extensions ['ros']
[0.133s] Level 1:colcon.colcon_core.package_identification:_identify(src/crazyswarm2/ros_ws/src/crazyswarm/scripts/crossing2_pps) by extension 'ros'
[0.133s] Level 1:colcon.colcon_core.package_identification:_identify(src/crazyswarm2/ros_ws/src/crazyswarm/scripts/crossing2_pps) by extensions ['cmake', 'python']
[0.133s] Level 1:colcon.colcon_core.package_identification:_identify(src/crazyswarm2/ros_ws/src/crazyswarm/scripts/crossing2_pps) by extension 'cmake'
[0.133s] Level 1:colcon.colcon_core.package_identification:_identify(src/crazyswarm2/ros_ws/src/crazyswarm/scripts/crossing2_pps) by extension 'python'
[0.133s] Level 1:colcon.colcon_core.package_identification:_identify(src/crazyswarm2/ros_ws/src/crazyswarm/scripts/crossing2_pps) by extensions ['python_setup_py']
[0.134s] Level 1:colcon.colcon_core.package_identification:_identify(src/crazyswarm2/ros_ws/src/crazyswarm/scripts/crossing2_pps) by extension 'python_setup_py'
[0.134s] Level 1:colcon.colcon_core.package_identification:_identify(src/crazyswarm2/ros_ws/src/crazyswarm/scripts/crossing4_pps) by extensions ['ignore', 'ignore_ament_install']
[0.134s] Level 1:colcon.colcon_core.package_identification:_identify(src/crazyswarm2/ros_ws/src/crazyswarm/scripts/crossing4_pps) by extension 'ignore'
[0.134s] Level 1:colcon.colcon_core.package_identification:_identify(src/crazyswarm2/ros_ws/src/crazyswarm/scripts/crossing4_pps) by extension 'ignore_ament_install'
[0.134s] Level 1:colcon.colcon_core.package_identification:_identify(src/crazyswarm2/ros_ws/src/crazyswarm/scripts/crossing4_pps) by extensions ['colcon_pkg']
[0.134s] Level 1:colcon.colcon_core.package_identification:_identify(src/crazyswarm2/ros_ws/src/crazyswarm/scripts/crossing4_pps) by extension 'colcon_pkg'
[0.134s] Level 1:colcon.colcon_core.package_identification:_identify(src/crazyswarm2/ros_ws/src/crazyswarm/scripts/crossing4_pps) by extensions ['colcon_meta']
[0.134s] Level 1:colcon.colcon_core.package_identification:_identify(src/crazyswarm2/ros_ws/src/crazyswarm/scripts/crossing4_pps) by extension 'colcon_meta'
[0.134s] Level 1:colcon.colcon_core.package_identification:_identify(src/crazyswarm2/ros_ws/src/crazyswarm/scripts/crossing4_pps) by extensions ['ros']
[0.134s] Level 1:colcon.colcon_core.package_identification:_identify(src/crazyswarm2/ros_ws/src/crazyswarm/scripts/crossing4_pps) by extension 'ros'
[0.134s] Level 1:colcon.colcon_core.package_identification:_identify(src/crazyswarm2/ros_ws/src/crazyswarm/scripts/crossing4_pps) by extensions ['cmake', 'python']
[0.134s] Level 1:colcon.colcon_core.package_identification:_identify(src/crazyswarm2/ros_ws/src/crazyswarm/scripts/crossing4_pps) by extension 'cmake'
[0.134s] Level 1:colcon.colcon_core.package_identification:_identify(src/crazyswarm2/ros_ws/src/crazyswarm/scripts/crossing4_pps) by extension 'python'
[0.134s] Level 1:colcon.colcon_core.package_identification:_identify(src/crazyswarm2/ros_ws/src/crazyswarm/scripts/crossing4_pps) by extensions ['python_setup_py']
[0.134s] Level 1:colcon.colcon_core.package_identification:_identify(src/crazyswarm2/ros_ws/src/crazyswarm/scripts/crossing4_pps) by extension 'python_setup_py'
[0.134s] Level 1:colcon.colcon_core.package_identification:_identify(src/crazyswarm2/ros_ws/src/crazyswarm/scripts/sequence_trajectories) by extensions ['ignore', 'ignore_ament_install']
[0.134s] Level 1:colcon.colcon_core.package_identification:_identify(src/crazyswarm2/ros_ws/src/crazyswarm/scripts/sequence_trajectories) by extension 'ignore'
[0.134s] Level 1:colcon.colcon_core.package_identification:_identify(src/crazyswarm2/ros_ws/src/crazyswarm/scripts/sequence_trajectories) by extension 'ignore_ament_install'
[0.134s] Level 1:colcon.colcon_core.package_identification:_identify(src/crazyswarm2/ros_ws/src/crazyswarm/scripts/sequence_trajectories) by extensions ['colcon_pkg']
[0.134s] Level 1:colcon.colcon_core.package_identification:_identify(src/crazyswarm2/ros_ws/src/crazyswarm/scripts/sequence_trajectories) by extension 'colcon_pkg'
[0.134s] Level 1:colcon.colcon_core.package_identification:_identify(src/crazyswarm2/ros_ws/src/crazyswarm/scripts/sequence_trajectories) by extensions ['colcon_meta']
[0.134s] Level 1:colcon.colcon_core.package_identification:_identify(src/crazyswarm2/ros_ws/src/crazyswarm/scripts/sequence_trajectories) by extension 'colcon_meta'
[0.134s] Level 1:colcon.colcon_core.package_identification:_identify(src/crazyswarm2/ros_ws/src/crazyswarm/scripts/sequence_trajectories) by extensions ['ros']
[0.134s] Level 1:colcon.colcon_core.package_identification:_identify(src/crazyswarm2/ros_ws/src/crazyswarm/scripts/sequence_trajectories) by extension 'ros'
[0.134s] Level 1:colcon.colcon_core.package_identification:_identify(src/crazyswarm2/ros_ws/src/crazyswarm/scripts/sequence_trajectories) by extensions ['cmake', 'python']
[0.134s] Level 1:colcon.colcon_core.package_identification:_identify(src/crazyswarm2/ros_ws/src/crazyswarm/scripts/sequence_trajectories) by extension 'cmake'
[0.134s] Level 1:colcon.colcon_core.package_identification:_identify(src/crazyswarm2/ros_ws/src/crazyswarm/scripts/sequence_trajectories) by extension 'python'
[0.134s] Level 1:colcon.colcon_core.package_identification:_identify(src/crazyswarm2/ros_ws/src/crazyswarm/scripts/sequence_trajectories) by extensions ['python_setup_py']
[0.134s] Level 1:colcon.colcon_core.package_identification:_identify(src/crazyswarm2/ros_ws/src/crazyswarm/scripts/sequence_trajectories) by extension 'python_setup_py'
[0.134s] Level 1:colcon.colcon_core.package_identification:_identify(src/crazyswarm2/ros_ws/src/crazyswarm/scripts/sequence_trajectories/1) by extensions ['ignore', 'ignore_ament_install']
[0.134s] Level 1:colcon.colcon_core.package_identification:_identify(src/crazyswarm2/ros_ws/src/crazyswarm/scripts/sequence_trajectories/1) by extension 'ignore'
[0.134s] Level 1:colcon.colcon_core.package_identification:_identify(src/crazyswarm2/ros_ws/src/crazyswarm/scripts/sequence_trajectories/1) by extension 'ignore_ament_install'
[0.134s] Level 1:colcon.colcon_core.package_identification:_identify(src/crazyswarm2/ros_ws/src/crazyswarm/scripts/sequence_trajectories/1) by extensions ['colcon_pkg']
[0.134s] Level 1:colcon.colcon_core.package_identification:_identify(src/crazyswarm2/ros_ws/src/crazyswarm/scripts/sequence_trajectories/1) by extension 'colcon_pkg'
[0.134s] Level 1:colcon.colcon_core.package_identification:_identify(src/crazyswarm2/ros_ws/src/crazyswarm/scripts/sequence_trajectories/1) by extensions ['colcon_meta']
[0.134s] Level 1:colcon.colcon_core.package_identification:_identify(src/crazyswarm2/ros_ws/src/crazyswarm/scripts/sequence_trajectories/1) by extension 'colcon_meta'
[0.134s] Level 1:colcon.colcon_core.package_identification:_identify(src/crazyswarm2/ros_ws/src/crazyswarm/scripts/sequence_trajectories/1) by extensions ['ros']
[0.134s] Level 1:colcon.colcon_core.package_identification:_identify(src/crazyswarm2/ros_ws/src/crazyswarm/scripts/sequence_trajectories/1) by extension 'ros'
[0.134s] Level 1:colcon.colcon_core.package_identification:_identify(src/crazyswarm2/ros_ws/src/crazyswarm/scripts/sequence_trajectories/1) by extensions ['cmake', 'python']
[0.134s] Level 1:colcon.colcon_core.package_identification:_identify(src/crazyswarm2/ros_ws/src/crazyswarm/scripts/sequence_trajectories/1) by extension 'cmake'
[0.134s] Level 1:colcon.colcon_core.package_identification:_identify(src/crazyswarm2/ros_ws/src/crazyswarm/scripts/sequence_trajectories/1) by extension 'python'
[0.134s] Level 1:colcon.colcon_core.package_identification:_identify(src/crazyswarm2/ros_ws/src/crazyswarm/scripts/sequence_trajectories/1) by extensions ['python_setup_py']
[0.134s] Level 1:colcon.colcon_core.package_identification:_identify(src/crazyswarm2/ros_ws/src/crazyswarm/scripts/sequence_trajectories/1) by extension 'python_setup_py'
[0.134s] Level 1:colcon.colcon_core.package_identification:_identify(src/crazyswarm2/ros_ws/src/crazyswarm/scripts/sequence_trajectories/2) by extensions ['ignore', 'ignore_ament_install']
[0.134s] Level 1:colcon.colcon_core.package_identification:_identify(src/crazyswarm2/ros_ws/src/crazyswarm/scripts/sequence_trajectories/2) by extension 'ignore'
[0.134s] Level 1:colcon.colcon_core.package_identification:_identify(src/crazyswarm2/ros_ws/src/crazyswarm/scripts/sequence_trajectories/2) by extension 'ignore_ament_install'
[0.134s] Level 1:colcon.colcon_core.package_identification:_identify(src/crazyswarm2/ros_ws/src/crazyswarm/scripts/sequence_trajectories/2) by extensions ['colcon_pkg']
[0.134s] Level 1:colcon.colcon_core.package_identification:_identify(src/crazyswarm2/ros_ws/src/crazyswarm/scripts/sequence_trajectories/2) by extension 'colcon_pkg'
[0.134s] Level 1:colcon.colcon_core.package_identification:_identify(src/crazyswarm2/ros_ws/src/crazyswarm/scripts/sequence_trajectories/2) by extensions ['colcon_meta']
[0.134s] Level 1:colcon.colcon_core.package_identification:_identify(src/crazyswarm2/ros_ws/src/crazyswarm/scripts/sequence_trajectories/2) by extension 'colcon_meta'
[0.134s] Level 1:colcon.colcon_core.package_identification:_identify(src/crazyswarm2/ros_ws/src/crazyswarm/scripts/sequence_trajectories/2) by extensions ['ros']
[0.134s] Level 1:colcon.colcon_core.package_identification:_identify(src/crazyswarm2/ros_ws/src/crazyswarm/scripts/sequence_trajectories/2) by extension 'ros'
[0.134s] Level 1:colcon.colcon_core.package_identification:_identify(src/crazyswarm2/ros_ws/src/crazyswarm/scripts/sequence_trajectories/2) by extensions ['cmake', 'python']
[0.135s] Level 1:colcon.colcon_core.package_identification:_identify(src/crazyswarm2/ros_ws/src/crazyswarm/scripts/sequence_trajectories/2) by extension 'cmake'
[0.135s] Level 1:colcon.colcon_core.package_identification:_identify(src/crazyswarm2/ros_ws/src/crazyswarm/scripts/sequence_trajectories/2) by extension 'python'
[0.135s] Level 1:colcon.colcon_core.package_identification:_identify(src/crazyswarm2/ros_ws/src/crazyswarm/scripts/sequence_trajectories/2) by extensions ['python_setup_py']
[0.135s] Level 1:colcon.colcon_core.package_identification:_identify(src/crazyswarm2/ros_ws/src/crazyswarm/scripts/sequence_trajectories/2) by extension 'python_setup_py'
[0.135s] Level 1:colcon.colcon_core.package_identification:_identify(src/crazyswarm2/ros_ws/src/crazyswarm/scripts/sequence_trajectories/3) by extensions ['ignore', 'ignore_ament_install']
[0.135s] Level 1:colcon.colcon_core.package_identification:_identify(src/crazyswarm2/ros_ws/src/crazyswarm/scripts/sequence_trajectories/3) by extension 'ignore'
[0.135s] Level 1:colcon.colcon_core.package_identification:_identify(src/crazyswarm2/ros_ws/src/crazyswarm/scripts/sequence_trajectories/3) by extension 'ignore_ament_install'
[0.135s] Level 1:colcon.colcon_core.package_identification:_identify(src/crazyswarm2/ros_ws/src/crazyswarm/scripts/sequence_trajectories/3) by extensions ['colcon_pkg']
[0.135s] Level 1:colcon.colcon_core.package_identification:_identify(src/crazyswarm2/ros_ws/src/crazyswarm/scripts/sequence_trajectories/3) by extension 'colcon_pkg'
[0.135s] Level 1:colcon.colcon_core.package_identification:_identify(src/crazyswarm2/ros_ws/src/crazyswarm/scripts/sequence_trajectories/3) by extensions ['colcon_meta']
[0.135s] Level 1:colcon.colcon_core.package_identification:_identify(src/crazyswarm2/ros_ws/src/crazyswarm/scripts/sequence_trajectories/3) by extension 'colcon_meta'
[0.135s] Level 1:colcon.colcon_core.package_identification:_identify(src/crazyswarm2/ros_ws/src/crazyswarm/scripts/sequence_trajectories/3) by extensions ['ros']
[0.135s] Level 1:colcon.colcon_core.package_identification:_identify(src/crazyswarm2/ros_ws/src/crazyswarm/scripts/sequence_trajectories/3) by extension 'ros'
[0.135s] Level 1:colcon.colcon_core.package_identification:_identify(src/crazyswarm2/ros_ws/src/crazyswarm/scripts/sequence_trajectories/3) by extensions ['cmake', 'python']
[0.135s] Level 1:colcon.colcon_core.package_identification:_identify(src/crazyswarm2/ros_ws/src/crazyswarm/scripts/sequence_trajectories/3) by extension 'cmake'
[0.135s] Level 1:colcon.colcon_core.package_identification:_identify(src/crazyswarm2/ros_ws/src/crazyswarm/scripts/sequence_trajectories/3) by extension 'python'
[0.135s] Level 1:colcon.colcon_core.package_identification:_identify(src/crazyswarm2/ros_ws/src/crazyswarm/scripts/sequence_trajectories/3) by extensions ['python_setup_py']
[0.135s] Level 1:colcon.colcon_core.package_identification:_identify(src/crazyswarm2/ros_ws/src/crazyswarm/scripts/sequence_trajectories/3) by extension 'python_setup_py'
[0.135s] Level 1:colcon.colcon_core.package_identification:_identify(src/crazyswarm2/ros_ws/src/crazyswarm/scripts/sequence_trajectories/4) by extensions ['ignore', 'ignore_ament_install']
[0.135s] Level 1:colcon.colcon_core.package_identification:_identify(src/crazyswarm2/ros_ws/src/crazyswarm/scripts/sequence_trajectories/4) by extension 'ignore'
[0.135s] Level 1:colcon.colcon_core.package_identification:_identify(src/crazyswarm2/ros_ws/src/crazyswarm/scripts/sequence_trajectories/4) by extension 'ignore_ament_install'
[0.135s] Level 1:colcon.colcon_core.package_identification:_identify(src/crazyswarm2/ros_ws/src/crazyswarm/scripts/sequence_trajectories/4) by extensions ['colcon_pkg']
[0.135s] Level 1:colcon.colcon_core.package_identification:_identify(src/crazyswarm2/ros_ws/src/crazyswarm/scripts/sequence_trajectories/4) by extension 'colcon_pkg'
[0.135s] Level 1:colcon.colcon_core.package_identification:_identify(src/crazyswarm2/ros_ws/src/crazyswarm/scripts/sequence_trajectories/4) by extensions ['colcon_meta']
[0.135s] Level 1:colcon.colcon_core.package_identification:_identify(src/crazyswarm2/ros_ws/src/crazyswarm/scripts/sequence_trajectories/4) by extension 'colcon_meta'
[0.135s] Level 1:colcon.colcon_core.package_identification:_identify(src/crazyswarm2/ros_ws/src/crazyswarm/scripts/sequence_trajectories/4) by extensions ['ros']
[0.135s] Level 1:colcon.colcon_core.package_identification:_identify(src/crazyswarm2/ros_ws/src/crazyswarm/scripts/sequence_trajectories/4) by extension 'ros'
[0.135s] Level 1:colcon.colcon_core.package_identification:_identify(src/crazyswarm2/ros_ws/src/crazyswarm/scripts/sequence_trajectories/4) by extensions ['cmake', 'python']
[0.135s] Level 1:colcon.colcon_core.package_identification:_identify(src/crazyswarm2/ros_ws/src/crazyswarm/scripts/sequence_trajectories/4) by extension 'cmake'
[0.135s] Level 1:colcon.colcon_core.package_identification:_identify(src/crazyswarm2/ros_ws/src/crazyswarm/scripts/sequence_trajectories/4) by extension 'python'
[0.135s] Level 1:colcon.colcon_core.package_identification:_identify(src/crazyswarm2/ros_ws/src/crazyswarm/scripts/sequence_trajectories/4) by extensions ['python_setup_py']
[0.135s] Level 1:colcon.colcon_core.package_identification:_identify(src/crazyswarm2/ros_ws/src/crazyswarm/scripts/sequence_trajectories/4) by extension 'python_setup_py'
[0.135s] Level 1:colcon.colcon_core.package_identification:_identify(src/crazyswarm2/ros_ws/src/crazyswarm/scripts/sequence_trajectories/5) by extensions ['ignore', 'ignore_ament_install']
[0.135s] Level 1:colcon.colcon_core.package_identification:_identify(src/crazyswarm2/ros_ws/src/crazyswarm/scripts/sequence_trajectories/5) by extension 'ignore'
[0.135s] Level 1:colcon.colcon_core.package_identification:_identify(src/crazyswarm2/ros_ws/src/crazyswarm/scripts/sequence_trajectories/5) by extension 'ignore_ament_install'
[0.135s] Level 1:colcon.colcon_core.package_identification:_identify(src/crazyswarm2/ros_ws/src/crazyswarm/scripts/sequence_trajectories/5) by extensions ['colcon_pkg']
[0.135s] Level 1:colcon.colcon_core.package_identification:_identify(src/crazyswarm2/ros_ws/src/crazyswarm/scripts/sequence_trajectories/5) by extension 'colcon_pkg'
[0.135s] Level 1:colcon.colcon_core.package_identification:_identify(src/crazyswarm2/ros_ws/src/crazyswarm/scripts/sequence_trajectories/5) by extensions ['colcon_meta']
[0.135s] Level 1:colcon.colcon_core.package_identification:_identify(src/crazyswarm2/ros_ws/src/crazyswarm/scripts/sequence_trajectories/5) by extension 'colcon_meta'
[0.135s] Level 1:colcon.colcon_core.package_identification:_identify(src/crazyswarm2/ros_ws/src/crazyswarm/scripts/sequence_trajectories/5) by extensions ['ros']
[0.135s] Level 1:colcon.colcon_core.package_identification:_identify(src/crazyswarm2/ros_ws/src/crazyswarm/scripts/sequence_trajectories/5) by extension 'ros'
[0.135s] Level 1:colcon.colcon_core.package_identification:_identify(src/crazyswarm2/ros_ws/src/crazyswarm/scripts/sequence_trajectories/5) by extensions ['cmake', 'python']
[0.135s] Level 1:colcon.colcon_core.package_identification:_identify(src/crazyswarm2/ros_ws/src/crazyswarm/scripts/sequence_trajectories/5) by extension 'cmake'
[0.135s] Level 1:colcon.colcon_core.package_identification:_identify(src/crazyswarm2/ros_ws/src/crazyswarm/scripts/sequence_trajectories/5) by extension 'python'
[0.135s] Level 1:colcon.colcon_core.package_identification:_identify(src/crazyswarm2/ros_ws/src/crazyswarm/scripts/sequence_trajectories/5) by extensions ['python_setup_py']
[0.135s] Level 1:colcon.colcon_core.package_identification:_identify(src/crazyswarm2/ros_ws/src/crazyswarm/scripts/sequence_trajectories/5) by extension 'python_setup_py'
[0.135s] Level 1:colcon.colcon_core.package_identification:_identify(src/crazyswarm2/ros_ws/src/crazyswarm/scripts/sequence_trajectories/6) by extensions ['ignore', 'ignore_ament_install']
[0.135s] Level 1:colcon.colcon_core.package_identification:_identify(src/crazyswarm2/ros_ws/src/crazyswarm/scripts/sequence_trajectories/6) by extension 'ignore'
[0.135s] Level 1:colcon.colcon_core.package_identification:_identify(src/crazyswarm2/ros_ws/src/crazyswarm/scripts/sequence_trajectories/6) by extension 'ignore_ament_install'
[0.135s] Level 1:colcon.colcon_core.package_identification:_identify(src/crazyswarm2/ros_ws/src/crazyswarm/scripts/sequence_trajectories/6) by extensions ['colcon_pkg']
[0.135s] Level 1:colcon.colcon_core.package_identification:_identify(src/crazyswarm2/ros_ws/src/crazyswarm/scripts/sequence_trajectories/6) by extension 'colcon_pkg'
[0.135s] Level 1:colcon.colcon_core.package_identification:_identify(src/crazyswarm2/ros_ws/src/crazyswarm/scripts/sequence_trajectories/6) by extensions ['colcon_meta']
[0.135s] Level 1:colcon.colcon_core.package_identification:_identify(src/crazyswarm2/ros_ws/src/crazyswarm/scripts/sequence_trajectories/6) by extension 'colcon_meta'
[0.135s] Level 1:colcon.colcon_core.package_identification:_identify(src/crazyswarm2/ros_ws/src/crazyswarm/scripts/sequence_trajectories/6) by extensions ['ros']
[0.135s] Level 1:colcon.colcon_core.package_identification:_identify(src/crazyswarm2/ros_ws/src/crazyswarm/scripts/sequence_trajectories/6) by extension 'ros'
[0.136s] Level 1:colcon.colcon_core.package_identification:_identify(src/crazyswarm2/ros_ws/src/crazyswarm/scripts/sequence_trajectories/6) by extensions ['cmake', 'python']
[0.136s] Level 1:colcon.colcon_core.package_identification:_identify(src/crazyswarm2/ros_ws/src/crazyswarm/scripts/sequence_trajectories/6) by extension 'cmake'
[0.136s] Level 1:colcon.colcon_core.package_identification:_identify(src/crazyswarm2/ros_ws/src/crazyswarm/scripts/sequence_trajectories/6) by extension 'python'
[0.136s] Level 1:colcon.colcon_core.package_identification:_identify(src/crazyswarm2/ros_ws/src/crazyswarm/scripts/sequence_trajectories/6) by extensions ['python_setup_py']
[0.136s] Level 1:colcon.colcon_core.package_identification:_identify(src/crazyswarm2/ros_ws/src/crazyswarm/scripts/sequence_trajectories/6) by extension 'python_setup_py'
[0.136s] Level 1:colcon.colcon_core.package_identification:_identify(src/crazyswarm2/ros_ws/src/crazyswarm/scripts/sequence_trajectories/7) by extensions ['ignore', 'ignore_ament_install']
[0.136s] Level 1:colcon.colcon_core.package_identification:_identify(src/crazyswarm2/ros_ws/src/crazyswarm/scripts/sequence_trajectories/7) by extension 'ignore'
[0.136s] Level 1:colcon.colcon_core.package_identification:_identify(src/crazyswarm2/ros_ws/src/crazyswarm/scripts/sequence_trajectories/7) by extension 'ignore_ament_install'
[0.136s] Level 1:colcon.colcon_core.package_identification:_identify(src/crazyswarm2/ros_ws/src/crazyswarm/scripts/sequence_trajectories/7) by extensions ['colcon_pkg']
[0.136s] Level 1:colcon.colcon_core.package_identification:_identify(src/crazyswarm2/ros_ws/src/crazyswarm/scripts/sequence_trajectories/7) by extension 'colcon_pkg'
[0.136s] Level 1:colcon.colcon_core.package_identification:_identify(src/crazyswarm2/ros_ws/src/crazyswarm/scripts/sequence_trajectories/7) by extensions ['colcon_meta']
[0.136s] Level 1:colcon.colcon_core.package_identification:_identify(src/crazyswarm2/ros_ws/src/crazyswarm/scripts/sequence_trajectories/7) by extension 'colcon_meta'
[0.136s] Level 1:colcon.colcon_core.package_identification:_identify(src/crazyswarm2/ros_ws/src/crazyswarm/scripts/sequence_trajectories/7) by extensions ['ros']
[0.136s] Level 1:colcon.colcon_core.package_identification:_identify(src/crazyswarm2/ros_ws/src/crazyswarm/scripts/sequence_trajectories/7) by extension 'ros'
[0.136s] Level 1:colcon.colcon_core.package_identification:_identify(src/crazyswarm2/ros_ws/src/crazyswarm/scripts/sequence_trajectories/7) by extensions ['cmake', 'python']
[0.136s] Level 1:colcon.colcon_core.package_identification:_identify(src/crazyswarm2/ros_ws/src/crazyswarm/scripts/sequence_trajectories/7) by extension 'cmake'
[0.136s] Level 1:colcon.colcon_core.package_identification:_identify(src/crazyswarm2/ros_ws/src/crazyswarm/scripts/sequence_trajectories/7) by extension 'python'
[0.136s] Level 1:colcon.colcon_core.package_identification:_identify(src/crazyswarm2/ros_ws/src/crazyswarm/scripts/sequence_trajectories/7) by extensions ['python_setup_py']
[0.136s] Level 1:colcon.colcon_core.package_identification:_identify(src/crazyswarm2/ros_ws/src/crazyswarm/scripts/sequence_trajectories/7) by extension 'python_setup_py'
[0.136s] Level 1:colcon.colcon_core.package_identification:_identify(src/crazyswarm2/ros_ws/src/crazyswarm/scripts/swap6v_pps) by extensions ['ignore', 'ignore_ament_install']
[0.136s] Level 1:colcon.colcon_core.package_identification:_identify(src/crazyswarm2/ros_ws/src/crazyswarm/scripts/swap6v_pps) by extension 'ignore'
[0.136s] Level 1:colcon.colcon_core.package_identification:_identify(src/crazyswarm2/ros_ws/src/crazyswarm/scripts/swap6v_pps) by extension 'ignore_ament_install'
[0.136s] Level 1:colcon.colcon_core.package_identification:_identify(src/crazyswarm2/ros_ws/src/crazyswarm/scripts/swap6v_pps) by extensions ['colcon_pkg']
[0.136s] Level 1:colcon.colcon_core.package_identification:_identify(src/crazyswarm2/ros_ws/src/crazyswarm/scripts/swap6v_pps) by extension 'colcon_pkg'
[0.136s] Level 1:colcon.colcon_core.package_identification:_identify(src/crazyswarm2/ros_ws/src/crazyswarm/scripts/swap6v_pps) by extensions ['colcon_meta']
[0.136s] Level 1:colcon.colcon_core.package_identification:_identify(src/crazyswarm2/ros_ws/src/crazyswarm/scripts/swap6v_pps) by extension 'colcon_meta'
[0.136s] Level 1:colcon.colcon_core.package_identification:_identify(src/crazyswarm2/ros_ws/src/crazyswarm/scripts/swap6v_pps) by extensions ['ros']
[0.136s] Level 1:colcon.colcon_core.package_identification:_identify(src/crazyswarm2/ros_ws/src/crazyswarm/scripts/swap6v_pps) by extension 'ros'
[0.136s] Level 1:colcon.colcon_core.package_identification:_identify(src/crazyswarm2/ros_ws/src/crazyswarm/scripts/swap6v_pps) by extensions ['cmake', 'python']
[0.136s] Level 1:colcon.colcon_core.package_identification:_identify(src/crazyswarm2/ros_ws/src/crazyswarm/scripts/swap6v_pps) by extension 'cmake'
[0.136s] Level 1:colcon.colcon_core.package_identification:_identify(src/crazyswarm2/ros_ws/src/crazyswarm/scripts/swap6v_pps) by extension 'python'
[0.136s] Level 1:colcon.colcon_core.package_identification:_identify(src/crazyswarm2/ros_ws/src/crazyswarm/scripts/swap6v_pps) by extensions ['python_setup_py']
[0.136s] Level 1:colcon.colcon_core.package_identification:_identify(src/crazyswarm2/ros_ws/src/crazyswarm/scripts/swap6v_pps) by extension 'python_setup_py'
[0.136s] Level 1:colcon.colcon_core.package_identification:_identify(src/crazyswarm2/systemtests) by extensions ['ignore', 'ignore_ament_install']
[0.136s] Level 1:colcon.colcon_core.package_identification:_identify(src/crazyswarm2/systemtests) by extension 'ignore'
[0.136s] Level 1:colcon.colcon_core.package_identification:_identify(src/crazyswarm2/systemtests) by extension 'ignore_ament_install'
[0.136s] Level 1:colcon.colcon_core.package_identification:_identify(src/crazyswarm2/systemtests) by extensions ['colcon_pkg']
[0.136s] Level 1:colcon.colcon_core.package_identification:_identify(src/crazyswarm2/systemtests) by extension 'colcon_pkg'
[0.136s] Level 1:colcon.colcon_core.package_identification:_identify(src/crazyswarm2/systemtests) by extensions ['colcon_meta']
[0.136s] Level 1:colcon.colcon_core.package_identification:_identify(src/crazyswarm2/systemtests) by extension 'colcon_meta'
[0.136s] Level 1:colcon.colcon_core.package_identification:_identify(src/crazyswarm2/systemtests) by extensions ['ros']
[0.136s] Level 1:colcon.colcon_core.package_identification:_identify(src/crazyswarm2/systemtests) by extension 'ros'
[0.136s] Level 1:colcon.colcon_core.package_identification:_identify(src/crazyswarm2/systemtests) by extensions ['cmake', 'python']
[0.136s] Level 1:colcon.colcon_core.package_identification:_identify(src/crazyswarm2/systemtests) by extension 'cmake'
[0.136s] Level 1:colcon.colcon_core.package_identification:_identify(src/crazyswarm2/systemtests) by extension 'python'
[0.136s] Level 1:colcon.colcon_core.package_identification:_identify(src/crazyswarm2/systemtests) by extensions ['python_setup_py']
[0.136s] Level 1:colcon.colcon_core.package_identification:_identify(src/crazyswarm2/systemtests) by extension 'python_setup_py'
[0.136s] Level 1:colcon.colcon_core.package_identification:_identify(src/crazyswarm2/systemtests/SDplotting) by extensions ['ignore', 'ignore_ament_install']
[0.136s] Level 1:colcon.colcon_core.package_identification:_identify(src/crazyswarm2/systemtests/SDplotting) by extension 'ignore'
[0.136s] Level 1:colcon.colcon_core.package_identification:_identify(src/crazyswarm2/systemtests/SDplotting) by extension 'ignore_ament_install'
[0.136s] Level 1:colcon.colcon_core.package_identification:_identify(src/crazyswarm2/systemtests/SDplotting) by extensions ['colcon_pkg']
[0.136s] Level 1:colcon.colcon_core.package_identification:_identify(src/crazyswarm2/systemtests/SDplotting) by extension 'colcon_pkg'
[0.136s] Level 1:colcon.colcon_core.package_identification:_identify(src/crazyswarm2/systemtests/SDplotting) by extensions ['colcon_meta']
[0.136s] Level 1:colcon.colcon_core.package_identification:_identify(src/crazyswarm2/systemtests/SDplotting) by extension 'colcon_meta'
[0.137s] Level 1:colcon.colcon_core.package_identification:_identify(src/crazyswarm2/systemtests/SDplotting) by extensions ['ros']
[0.137s] Level 1:colcon.colcon_core.package_identification:_identify(src/crazyswarm2/systemtests/SDplotting) by extension 'ros'
[0.137s] Level 1:colcon.colcon_core.package_identification:_identify(src/crazyswarm2/systemtests/SDplotting) by extensions ['cmake', 'python']
[0.137s] Level 1:colcon.colcon_core.package_identification:_identify(src/crazyswarm2/systemtests/SDplotting) by extension 'cmake'
[0.137s] Level 1:colcon.colcon_core.package_identification:_identify(src/crazyswarm2/systemtests/SDplotting) by extension 'python'
[0.137s] Level 1:colcon.colcon_core.package_identification:_identify(src/crazyswarm2/systemtests/SDplotting) by extensions ['python_setup_py']
[0.137s] Level 1:colcon.colcon_core.package_identification:_identify(src/crazyswarm2/systemtests/SDplotting) by extension 'python_setup_py'
[0.137s] Level 1:colcon.colcon_core.package_identification:_identify(src/my_crazyflie) by extensions ['ignore', 'ignore_ament_install']
[0.137s] Level 1:colcon.colcon_core.package_identification:_identify(src/my_crazyflie) by extension 'ignore'
[0.137s] Level 1:colcon.colcon_core.package_identification:_identify(src/my_crazyflie) by extension 'ignore_ament_install'
[0.137s] Level 1:colcon.colcon_core.package_identification:_identify(src/my_crazyflie) by extensions ['colcon_pkg']
[0.137s] Level 1:colcon.colcon_core.package_identification:_identify(src/my_crazyflie) by extension 'colcon_pkg'
[0.137s] Level 1:colcon.colcon_core.package_identification:_identify(src/my_crazyflie) by extensions ['colcon_meta']
[0.137s] Level 1:colcon.colcon_core.package_identification:_identify(src/my_crazyflie) by extension 'colcon_meta'
[0.137s] Level 1:colcon.colcon_core.package_identification:_identify(src/my_crazyflie) by extensions ['ros']
[0.137s] Level 1:colcon.colcon_core.package_identification:_identify(src/my_crazyflie) by extension 'ros'
[0.137s] DEBUG:colcon.colcon_core.package_identification:Package 'src/my_crazyflie' with type 'ros.ament_python' and name 'my_crazyflie'
[0.137s] Level 1:colcon.colcon_core.package_discovery:discover_packages(recursive) using defaults
[0.137s] Level 1:colcon.colcon_core.package_discovery:discover_packages(ignore) discover
[0.137s] Level 1:colcon.colcon_core.package_discovery:discover_packages(ignore) using defaults
[0.137s] Level 1:colcon.colcon_core.package_discovery:discover_packages(path) discover
[0.137s] Level 1:colcon.colcon_core.package_discovery:discover_packages(path) using defaults
[0.151s] INFO:colcon.colcon_metadata.metadata.colcon_pkg:Updating descriptor of package 'src/crazyswarm2/crazyflie_py' from colcon.pkg: {'python-testing': 'pytest'}
[0.152s] Level 1:colcon.colcon_core.package_discovery:discover_packages(prefix_path) check parameters
[0.152s] Level 1:colcon.colcon_core.package_discovery:discover_packages(prefix_path) discover
[0.153s] DEBUG:colcon.colcon_installed_package_information.package_discovery:Found 424 installed packages in /opt/ros/humble
[0.154s] Level 1:colcon.colcon_core.package_discovery:discover_packages(prefix_path) using defaults
[0.176s] Level 5:colcon.colcon_core.verb:set package 'crazyflie_description' build argument 'cmake_args' from command line to 'None'
[0.176s] Level 5:colcon.colcon_core.verb:set package 'crazyflie_description' build argument 'cmake_target' from command line to 'None'
[0.177s] Level 5:colcon.colcon_core.verb:set package 'crazyflie_description' build argument 'cmake_target_skip_unavailable' from command line to 'False'
[0.177s] Level 5:colcon.colcon_core.verb:set package 'crazyflie_description' build argument 'cmake_clean_cache' from command line to 'False'
[0.177s] Level 5:colcon.colcon_core.verb:set package 'crazyflie_description' build argument 'cmake_clean_first' from command line to 'False'
[0.177s] Level 5:colcon.colcon_core.verb:set package 'crazyflie_description' build argument 'cmake_force_configure' from command line to 'False'
[0.177s] Level 5:colcon.colcon_core.verb:set package 'crazyflie_description' build argument 'ament_cmake_args' from command line to 'None'
[0.177s] Level 5:colcon.colcon_core.verb:set package 'crazyflie_description' build argument 'catkin_cmake_args' from command line to 'None'
[0.177s] Level 5:colcon.colcon_core.verb:set package 'crazyflie_description' build argument 'catkin_skip_building_tests' from command line to 'False'
[0.177s] DEBUG:colcon.colcon_core.verb:Building package 'crazyflie_description' with the following arguments: {'ament_cmake_args': None, 'build_base': '/home/iiitd/cf_ws/build/crazyflie_description', 'catkin_cmake_args': None, 'catkin_skip_building_tests': False, 'cmake_args': None, 'cmake_clean_cache': False, 'cmake_clean_first': False, 'cmake_force_configure': False, 'cmake_target': None, 'cmake_target_skip_unavailable': False, 'install_base': '/home/iiitd/cf_ws/install/crazyflie_description', 'merge_install': False, 'path': '/home/iiitd/cf_ws/src/crazyswarm2/crazyflie_description', 'symlink_install': True, 'test_result_base': None}
[0.177s] Level 5:colcon.colcon_core.verb:set package 'crazyflie_interfaces' build argument 'cmake_args' from command line to 'None'
[0.177s] Level 5:colcon.colcon_core.verb:set package 'crazyflie_interfaces' build argument 'cmake_target' from command line to 'None'
[0.177s] Level 5:colcon.colcon_core.verb:set package 'crazyflie_interfaces' build argument 'cmake_target_skip_unavailable' from command line to 'False'
[0.177s] Level 5:colcon.colcon_core.verb:set package 'crazyflie_interfaces' build argument 'cmake_clean_cache' from command line to 'False'
[0.177s] Level 5:colcon.colcon_core.verb:set package 'crazyflie_interfaces' build argument 'cmake_clean_first' from command line to 'False'
[0.177s] Level 5:colcon.colcon_core.verb:set package 'crazyflie_interfaces' build argument 'cmake_force_configure' from command line to 'False'
[0.177s] Level 5:colcon.colcon_core.verb:set package 'crazyflie_interfaces' build argument 'ament_cmake_args' from command line to 'None'
[0.177s] Level 5:colcon.colcon_core.verb:set package 'crazyflie_interfaces' build argument 'catkin_cmake_args' from command line to 'None'
[0.177s] Level 5:colcon.colcon_core.verb:set package 'crazyflie_interfaces' build argument 'catkin_skip_building_tests' from command line to 'False'
[0.177s] DEBUG:colcon.colcon_core.verb:Building package 'crazyflie_interfaces' with the following arguments: {'ament_cmake_args': None, 'build_base': '/home/iiitd/cf_ws/build/crazyflie_interfaces', 'catkin_cmake_args': None, 'catkin_skip_building_tests': False, 'cmake_args': None, 'cmake_clean_cache': False, 'cmake_clean_first': False, 'cmake_force_configure': False, 'cmake_target': None, 'cmake_target_skip_unavailable': False, 'install_base': '/home/iiitd/cf_ws/install/crazyflie_interfaces', 'merge_install': False, 'path': '/home/iiitd/cf_ws/src/crazyswarm2/crazyflie_interfaces', 'symlink_install': True, 'test_result_base': None}
[0.177s] Level 5:colcon.colcon_core.verb:set package 'crazyflie' build argument 'cmake_args' from command line to 'None'
[0.177s] Level 5:colcon.colcon_core.verb:set package 'crazyflie' build argument 'cmake_target' from command line to 'None'
[0.177s] Level 5:colcon.colcon_core.verb:set package 'crazyflie' build argument 'cmake_target_skip_unavailable' from command line to 'False'
[0.177s] Level 5:colcon.colcon_core.verb:set package 'crazyflie' build argument 'cmake_clean_cache' from command line to 'False'
[0.177s] Level 5:colcon.colcon_core.verb:set package 'crazyflie' build argument 'cmake_clean_first' from command line to 'False'
[0.177s] Level 5:colcon.colcon_core.verb:set package 'crazyflie' build argument 'cmake_force_configure' from command line to 'False'
[0.177s] Level 5:colcon.colcon_core.verb:set package 'crazyflie' build argument 'ament_cmake_args' from command line to 'None'
[0.177s] Level 5:colcon.colcon_core.verb:set package 'crazyflie' build argument 'catkin_cmake_args' from command line to 'None'
[0.177s] Level 5:colcon.colcon_core.verb:set package 'crazyflie' build argument 'catkin_skip_building_tests' from command line to 'False'
[0.177s] DEBUG:colcon.colcon_core.verb:Building package 'crazyflie' with the following arguments: {'ament_cmake_args': None, 'build_base': '/home/iiitd/cf_ws/build/crazyflie', 'catkin_cmake_args': None, 'catkin_skip_building_tests': False, 'cmake_args': None, 'cmake_clean_cache': False, 'cmake_clean_first': False, 'cmake_force_configure': False, 'cmake_target': None, 'cmake_target_skip_unavailable': False, 'install_base': '/home/iiitd/cf_ws/install/crazyflie', 'merge_install': False, 'path': '/home/iiitd/cf_ws/src/crazyswarm2/crazyflie', 'symlink_install': True, 'test_result_base': None}
[0.177s] Level 5:colcon.colcon_core.verb:set package 'crazyflie_py' build argument 'cmake_args' from command line to 'None'
[0.177s] Level 5:colcon.colcon_core.verb:set package 'crazyflie_py' build argument 'cmake_target' from command line to 'None'
[0.177s] Level 5:colcon.colcon_core.verb:set package 'crazyflie_py' build argument 'cmake_target_skip_unavailable' from command line to 'False'
[0.177s] Level 5:colcon.colcon_core.verb:set package 'crazyflie_py' build argument 'cmake_clean_cache' from command line to 'False'
[0.177s] Level 5:colcon.colcon_core.verb:set package 'crazyflie_py' build argument 'cmake_clean_first' from command line to 'False'
[0.177s] Level 5:colcon.colcon_core.verb:set package 'crazyflie_py' build argument 'cmake_force_configure' from command line to 'False'
[0.177s] Level 5:colcon.colcon_core.verb:set package 'crazyflie_py' build argument 'ament_cmake_args' from command line to 'None'
[0.177s] Level 5:colcon.colcon_core.verb:set package 'crazyflie_py' build argument 'catkin_cmake_args' from command line to 'None'
[0.177s] Level 5:colcon.colcon_core.verb:set package 'crazyflie_py' build argument 'catkin_skip_building_tests' from command line to 'False'
[0.177s] DEBUG:colcon.colcon_core.verb:Building package 'crazyflie_py' with the following arguments: {'ament_cmake_args': None, 'build_base': '/home/iiitd/cf_ws/build/crazyflie_py', 'catkin_cmake_args': None, 'catkin_skip_building_tests': False, 'cmake_args': None, 'cmake_clean_cache': False, 'cmake_clean_first': False, 'cmake_force_configure': False, 'cmake_target': None, 'cmake_target_skip_unavailable': False, 'install_base': '/home/iiitd/cf_ws/install/crazyflie_py', 'merge_install': False, 'path': '/home/iiitd/cf_ws/src/crazyswarm2/crazyflie_py', 'symlink_install': True, 'test_result_base': None}
[0.177s] Level 5:colcon.colcon_core.verb:set package 'crazyflie_server_py' build argument 'cmake_args' from command line to 'None'
[0.177s] Level 5:colcon.colcon_core.verb:set package 'crazyflie_server_py' build argument 'cmake_target' from command line to 'None'
[0.177s] Level 5:colcon.colcon_core.verb:set package 'crazyflie_server_py' build argument 'cmake_target_skip_unavailable' from command line to 'False'
[0.177s] Level 5:colcon.colcon_core.verb:set package 'crazyflie_server_py' build argument 'cmake_clean_cache' from command line to 'False'
[0.177s] Level 5:colcon.colcon_core.verb:set package 'crazyflie_server_py' build argument 'cmake_clean_first' from command line to 'False'
[0.177s] Level 5:colcon.colcon_core.verb:set package 'crazyflie_server_py' build argument 'cmake_force_configure' from command line to 'False'
[0.177s] Level 5:colcon.colcon_core.verb:set package 'crazyflie_server_py' build argument 'ament_cmake_args' from command line to 'None'
[0.177s] Level 5:colcon.colcon_core.verb:set package 'crazyflie_server_py' build argument 'catkin_cmake_args' from command line to 'None'
[0.177s] Level 5:colcon.colcon_core.verb:set package 'crazyflie_server_py' build argument 'catkin_skip_building_tests' from command line to 'False'
[0.177s] DEBUG:colcon.colcon_core.verb:Building package 'crazyflie_server_py' with the following arguments: {'ament_cmake_args': None, 'build_base': '/home/iiitd/cf_ws/build/crazyflie_server_py', 'catkin_cmake_args': None, 'catkin_skip_building_tests': False, 'cmake_args': None, 'cmake_clean_cache': False, 'cmake_clean_first': False, 'cmake_force_configure': False, 'cmake_target': None, 'cmake_target_skip_unavailable': False, 'install_base': '/home/iiitd/cf_ws/install/crazyflie_server_py', 'merge_install': False, 'path': '/home/iiitd/cf_ws/src/crazyswarm2/crazyflie_server_py', 'symlink_install': True, 'test_result_base': None}
[0.178s] Level 5:colcon.colcon_core.verb:set package 'crazyflie_sim' build argument 'cmake_args' from command line to 'None'
[0.178s] Level 5:colcon.colcon_core.verb:set package 'crazyflie_sim' build argument 'cmake_target' from command line to 'None'
[0.178s] Level 5:colcon.colcon_core.verb:set package 'crazyflie_sim' build argument 'cmake_target_skip_unavailable' from command line to 'False'
[0.178s] Level 5:colcon.colcon_core.verb:set package 'crazyflie_sim' build argument 'cmake_clean_cache' from command line to 'False'
[0.178s] Level 5:colcon.colcon_core.verb:set package 'crazyflie_sim' build argument 'cmake_clean_first' from command line to 'False'
[0.178s] Level 5:colcon.colcon_core.verb:set package 'crazyflie_sim' build argument 'cmake_force_configure' from command line to 'False'
[0.178s] Level 5:colcon.colcon_core.verb:set package 'crazyflie_sim' build argument 'ament_cmake_args' from command line to 'None'
[0.178s] Level 5:colcon.colcon_core.verb:set package 'crazyflie_sim' build argument 'catkin_cmake_args' from command line to 'None'
[0.178s] Level 5:colcon.colcon_core.verb:set package 'crazyflie_sim' build argument 'catkin_skip_building_tests' from command line to 'False'
[0.178s] DEBUG:colcon.colcon_core.verb:Building package 'crazyflie_sim' with the following arguments: {'ament_cmake_args': None, 'build_base': '/home/iiitd/cf_ws/build/crazyflie_sim', 'catkin_cmake_args': None, 'catkin_skip_building_tests': False, 'cmake_args': None, 'cmake_clean_cache': False, 'cmake_clean_first': False, 'cmake_force_configure': False, 'cmake_target': None, 'cmake_target_skip_unavailable': False, 'install_base': '/home/iiitd/cf_ws/install/crazyflie_sim', 'merge_install': False, 'path': '/home/iiitd/cf_ws/src/crazyswarm2/crazyflie_sim', 'symlink_install': True, 'test_result_base': None}
[0.178s] Level 5:colcon.colcon_core.verb:set package 'my_crazyflie' build argument 'cmake_args' from command line to 'None'
[0.178s] Level 5:colcon.colcon_core.verb:set package 'my_crazyflie' build argument 'cmake_target' from command line to 'None'
[0.178s] Level 5:colcon.colcon_core.verb:set package 'my_crazyflie' build argument 'cmake_target_skip_unavailable' from command line to 'False'
[0.178s] Level 5:colcon.colcon_core.verb:set package 'my_crazyflie' build argument 'cmake_clean_cache' from command line to 'False'
[0.178s] Level 5:colcon.colcon_core.verb:set package 'my_crazyflie' build argument 'cmake_clean_first' from command line to 'False'
[0.178s] Level 5:colcon.colcon_core.verb:set package 'my_crazyflie' build argument 'cmake_force_configure' from command line to 'False'
[0.178s] Level 5:colcon.colcon_core.verb:set package 'my_crazyflie' build argument 'ament_cmake_args' from command line to 'None'
[0.178s] Level 5:colcon.colcon_core.verb:set package 'my_crazyflie' build argument 'catkin_cmake_args' from command line to 'None'
[0.178s] Level 5:colcon.colcon_core.verb:set package 'my_crazyflie' build argument 'catkin_skip_building_tests' from command line to 'False'
[0.178s] DEBUG:colcon.colcon_core.verb:Building package 'my_crazyflie' with the following arguments: {'ament_cmake_args': None, 'build_base': '/home/iiitd/cf_ws/build/my_crazyflie', 'catkin_cmake_args': None, 'catkin_skip_building_tests': False, 'cmake_args': None, 'cmake_clean_cache': False, 'cmake_clean_first': False, 'cmake_force_configure': False, 'cmake_target': None, 'cmake_target_skip_unavailable': False, 'install_base': '/home/iiitd/cf_ws/install/my_crazyflie', 'merge_install': False, 'path': '/home/iiitd/cf_ws/src/my_crazyflie', 'symlink_install': True, 'test_result_base': None}
[0.178s] Level 5:colcon.colcon_core.verb:set package 'crazyflie_examples' build argument 'cmake_args' from command line to 'None'
[0.178s] Level 5:colcon.colcon_core.verb:set package 'crazyflie_examples' build argument 'cmake_target' from command line to 'None'
[0.178s] Level 5:colcon.colcon_core.verb:set package 'crazyflie_examples' build argument 'cmake_target_skip_unavailable' from command line to 'False'
[0.178s] Level 5:colcon.colcon_core.verb:set package 'crazyflie_examples' build argument 'cmake_clean_cache' from command line to 'False'
[0.178s] Level 5:colcon.colcon_core.verb:set package 'crazyflie_examples' build argument 'cmake_clean_first' from command line to 'False'
[0.178s] Level 5:colcon.colcon_core.verb:set package 'crazyflie_examples' build argument 'cmake_force_configure' from command line to 'False'
[0.178s] Level 5:colcon.colcon_core.verb:set package 'crazyflie_examples' build argument 'ament_cmake_args' from command line to 'None'
[0.178s] Level 5:colcon.colcon_core.verb:set package 'crazyflie_examples' build argument 'catkin_cmake_args' from command line to 'None'
[0.178s] Level 5:colcon.colcon_core.verb:set package 'crazyflie_examples' build argument 'catkin_skip_building_tests' from command line to 'False'
[0.178s] DEBUG:colcon.colcon_core.verb:Building package 'crazyflie_examples' with the following arguments: {'ament_cmake_args': None, 'build_base': '/home/iiitd/cf_ws/build/crazyflie_examples', 'catkin_cmake_args': None, 'catkin_skip_building_tests': False, 'cmake_args': None, 'cmake_clean_cache': False, 'cmake_clean_first': False, 'cmake_force_configure': False, 'cmake_target': None, 'cmake_target_skip_unavailable': False, 'install_base': '/home/iiitd/cf_ws/install/crazyflie_examples', 'merge_install': False, 'path': '/home/iiitd/cf_ws/src/crazyswarm2/crazyflie_examples', 'symlink_install': True, 'test_result_base': None}
[0.178s] INFO:colcon.colcon_core.executor:Executing jobs using 'parallel' executor
[0.179s] DEBUG:colcon.colcon_parallel_executor.executor.parallel:run_until_complete
[0.179s] INFO:colcon.colcon_ros.task.ament_cmake.build:Building ROS package in '/home/iiitd/cf_ws/src/crazyswarm2/crazyflie_interfaces' with build type 'ament_cmake'
[0.179s] INFO:colcon.colcon_cmake.task.cmake.build:Building CMake package in '/home/iiitd/cf_ws/src/crazyswarm2/crazyflie_interfaces'
[0.180s] INFO:colcon.colcon_core.plugin_system:Skipping extension 'colcon_core.shell.bat': Not used on non-Windows systems
[0.180s] INFO:colcon.colcon_core.shell:Skip shell extension 'powershell' for command environment: Not usable outside of PowerShell
[0.180s] DEBUG:colcon.colcon_core.shell:Skip shell extension 'dsv' for command environment
[0.181s] INFO:colcon.colcon_ros.task.ament_cmake.build:Building ROS package in '/home/iiitd/cf_ws/src/crazyswarm2/crazyflie_description' with build type 'ament_cmake'
[0.181s] INFO:colcon.colcon_cmake.task.cmake.build:Building CMake package in '/home/iiitd/cf_ws/src/crazyswarm2/crazyflie_description'
[0.182s] INFO:colcon.colcon_core.shell:Skip shell extension 'powershell' for command environment: Not usable outside of PowerShell
[0.182s] DEBUG:colcon.colcon_core.shell:Skip shell extension 'dsv' for command environment
[0.184s] DEBUG:colcon.colcon_core.event_handler.log_command:Invoking command in '/home/iiitd/cf_ws/build/crazyflie_interfaces': CMAKE_PREFIX_PATH=/opt/ros/humble /usr/bin/cmake --build /home/iiitd/cf_ws/build/crazyflie_interfaces -- -j28 -l28
[0.187s] DEBUG:colcon.colcon_core.event_handler.log_command:Invoking command in '/home/iiitd/cf_ws/build/crazyflie_description': CMAKE_PREFIX_PATH=/opt/ros/humble /usr/bin/cmake --build /home/iiitd/cf_ws/build/crazyflie_description -- -j28 -l28
[0.208s] DEBUG:colcon.colcon_core.event_handler.log_command:Invoked command in '/home/iiitd/cf_ws/build/crazyflie_description' returned '0': CMAKE_PREFIX_PATH=/opt/ros/humble /usr/bin/cmake --build /home/iiitd/cf_ws/build/crazyflie_description -- -j28 -l28
[0.214s] DEBUG:colcon.colcon_core.event_handler.log_command:Invoking command in '/home/iiitd/cf_ws/build/crazyflie_description': CMAKE_PREFIX_PATH=/opt/ros/humble /usr/bin/cmake --install /home/iiitd/cf_ws/build/crazyflie_description
[0.226s] Level 1:colcon.colcon_core.environment:create_environment_scripts_only(crazyflie_description)
[0.226s] DEBUG:colcon.colcon_core.event_handler.log_command:Invoked command in '/home/iiitd/cf_ws/build/crazyflie_description' returned '0': CMAKE_PREFIX_PATH=/opt/ros/humble /usr/bin/cmake --install /home/iiitd/cf_ws/build/crazyflie_description
[0.228s] Level 1:colcon.colcon_core.environment:checking '/home/iiitd/cf_ws/install/crazyflie_description' for CMake module files
[0.229s] Level 1:colcon.colcon_core.environment:checking '/home/iiitd/cf_ws/install/crazyflie_description' for CMake config files
[0.229s] Level 1:colcon.colcon_core.shell:create_environment_hook('crazyflie_description', 'cmake_prefix_path')
[0.229s] INFO:colcon.colcon_core.shell:Creating environment hook '/home/iiitd/cf_ws/install/crazyflie_description/share/crazyflie_description/hook/cmake_prefix_path.ps1'
[0.230s] INFO:colcon.colcon_core.shell:Creating environment descriptor '/home/iiitd/cf_ws/install/crazyflie_description/share/crazyflie_description/hook/cmake_prefix_path.dsv'
[0.230s] INFO:colcon.colcon_core.shell:Creating environment hook '/home/iiitd/cf_ws/install/crazyflie_description/share/crazyflie_description/hook/cmake_prefix_path.sh'
[0.231s] Level 1:colcon.colcon_core.environment:checking '/home/iiitd/cf_ws/install/crazyflie_description/bin'
[0.231s] Level 1:colcon.colcon_core.environment:checking '/home/iiitd/cf_ws/install/crazyflie_description/lib/pkgconfig/crazyflie_description.pc'
[0.231s] Level 1:colcon.colcon_core.environment:checking '/home/iiitd/cf_ws/install/crazyflie_description/lib/python3.10/site-packages'
[0.232s] Level 1:colcon.colcon_core.environment:checking '/home/iiitd/cf_ws/install/crazyflie_description/bin'
[0.232s] INFO:colcon.colcon_core.shell:Creating package script '/home/iiitd/cf_ws/install/crazyflie_description/share/crazyflie_description/package.ps1'
[0.233s] INFO:colcon.colcon_core.shell:Creating package descriptor '/home/iiitd/cf_ws/install/crazyflie_description/share/crazyflie_description/package.dsv'
[0.233s] INFO:colcon.colcon_core.shell:Creating package script '/home/iiitd/cf_ws/install/crazyflie_description/share/crazyflie_description/package.sh'
[0.234s] INFO:colcon.colcon_core.shell:Creating package script '/home/iiitd/cf_ws/install/crazyflie_description/share/crazyflie_description/package.bash'
[0.235s] INFO:colcon.colcon_core.shell:Creating package script '/home/iiitd/cf_ws/install/crazyflie_description/share/crazyflie_description/package.zsh'
[0.235s] Level 1:colcon.colcon_core.environment:create_file_with_runtime_dependencies(/home/iiitd/cf_ws/install/crazyflie_description/share/colcon-core/packages/crazyflie_description)
[0.236s] Level 1:colcon.colcon_core.environment:create_environment_scripts_only(crazyflie_description)
[0.236s] Level 1:colcon.colcon_core.environment:checking '/home/iiitd/cf_ws/install/crazyflie_description' for CMake module files
[0.236s] Level 1:colcon.colcon_core.environment:checking '/home/iiitd/cf_ws/install/crazyflie_description' for CMake config files
[0.237s] Level 1:colcon.colcon_core.shell:create_environment_hook('crazyflie_description', 'cmake_prefix_path')
[0.237s] INFO:colcon.colcon_core.shell:Creating environment hook '/home/iiitd/cf_ws/install/crazyflie_description/share/crazyflie_description/hook/cmake_prefix_path.ps1'
[0.237s] INFO:colcon.colcon_core.shell:Creating environment descriptor '/home/iiitd/cf_ws/install/crazyflie_description/share/crazyflie_description/hook/cmake_prefix_path.dsv'
[0.237s] INFO:colcon.colcon_core.shell:Creating environment hook '/home/iiitd/cf_ws/install/crazyflie_description/share/crazyflie_description/hook/cmake_prefix_path.sh'
[0.238s] Level 1:colcon.colcon_core.environment:checking '/home/iiitd/cf_ws/install/crazyflie_description/bin'
[0.238s] Level 1:colcon.colcon_core.environment:checking '/home/iiitd/cf_ws/install/crazyflie_description/lib/pkgconfig/crazyflie_description.pc'
[0.238s] Level 1:colcon.colcon_core.environment:checking '/home/iiitd/cf_ws/install/crazyflie_description/lib/python3.10/site-packages'
[0.238s] Level 1:colcon.colcon_core.environment:checking '/home/iiitd/cf_ws/install/crazyflie_description/bin'
[0.239s] INFO:colcon.colcon_core.shell:Creating package script '/home/iiitd/cf_ws/install/crazyflie_description/share/crazyflie_description/package.ps1'
[0.239s] INFO:colcon.colcon_core.shell:Creating package descriptor '/home/iiitd/cf_ws/install/crazyflie_description/share/crazyflie_description/package.dsv'
[0.239s] INFO:colcon.colcon_core.shell:Creating package script '/home/iiitd/cf_ws/install/crazyflie_description/share/crazyflie_description/package.sh'
[0.240s] INFO:colcon.colcon_core.shell:Creating package script '/home/iiitd/cf_ws/install/crazyflie_description/share/crazyflie_description/package.bash'
[0.240s] INFO:colcon.colcon_core.shell:Creating package script '/home/iiitd/cf_ws/install/crazyflie_description/share/crazyflie_description/package.zsh'
[0.241s] Level 1:colcon.colcon_core.environment:create_file_with_runtime_dependencies(/home/iiitd/cf_ws/install/crazyflie_description/share/colcon-core/packages/crazyflie_description)
[0.376s] DEBUG:colcon.colcon_core.event_handler.log_command:Invoked command in '/home/iiitd/cf_ws/build/crazyflie_interfaces' returned '0': CMAKE_PREFIX_PATH=/opt/ros/humble /usr/bin/cmake --build /home/iiitd/cf_ws/build/crazyflie_interfaces -- -j28 -l28
[0.378s] DEBUG:colcon.colcon_core.event_handler.log_command:Invoking command in '/home/iiitd/cf_ws/build/crazyflie_interfaces': CMAKE_PREFIX_PATH=/opt/ros/humble /usr/bin/cmake --install /home/iiitd/cf_ws/build/crazyflie_interfaces
[0.430s] Level 1:colcon.colcon_core.environment:create_environment_scripts_only(crazyflie_interfaces)
[0.430s] Level 1:colcon.colcon_core.environment:checking '/home/iiitd/cf_ws/install/crazyflie_interfaces' for CMake module files
[0.431s] DEBUG:colcon.colcon_core.event_handler.log_command:Invoked command in '/home/iiitd/cf_ws/build/crazyflie_interfaces' returned '0': CMAKE_PREFIX_PATH=/opt/ros/humble /usr/bin/cmake --install /home/iiitd/cf_ws/build/crazyflie_interfaces
[0.431s] Level 1:colcon.colcon_core.environment:checking '/home/iiitd/cf_ws/install/crazyflie_interfaces' for CMake config files
[0.432s] Level 1:colcon.colcon_core.shell:create_environment_hook('crazyflie_interfaces', 'cmake_prefix_path')
[0.432s] INFO:colcon.colcon_core.shell:Creating environment hook '/home/iiitd/cf_ws/install/crazyflie_interfaces/share/crazyflie_interfaces/hook/cmake_prefix_path.ps1'
[0.432s] INFO:colcon.colcon_core.shell:Creating environment descriptor '/home/iiitd/cf_ws/install/crazyflie_interfaces/share/crazyflie_interfaces/hook/cmake_prefix_path.dsv'
[0.433s] INFO:colcon.colcon_core.shell:Creating environment hook '/home/iiitd/cf_ws/install/crazyflie_interfaces/share/crazyflie_interfaces/hook/cmake_prefix_path.sh'
[0.433s] Level 1:colcon.colcon_core.environment:checking '/home/iiitd/cf_ws/install/crazyflie_interfaces/lib'
[0.433s] Level 1:colcon.colcon_core.shell:create_environment_hook('crazyflie_interfaces', 'ld_library_path_lib')
[0.433s] INFO:colcon.colcon_core.shell:Creating environment hook '/home/iiitd/cf_ws/install/crazyflie_interfaces/share/crazyflie_interfaces/hook/ld_library_path_lib.ps1'
[0.434s] INFO:colcon.colcon_core.shell:Creating environment descriptor '/home/iiitd/cf_ws/install/crazyflie_interfaces/share/crazyflie_interfaces/hook/ld_library_path_lib.dsv'
[0.434s] INFO:colcon.colcon_core.shell:Creating environment hook '/home/iiitd/cf_ws/install/crazyflie_interfaces/share/crazyflie_interfaces/hook/ld_library_path_lib.sh'
[0.434s] Level 1:colcon.colcon_core.environment:checking '/home/iiitd/cf_ws/install/crazyflie_interfaces/bin'
[0.434s] Level 1:colcon.colcon_core.environment:checking '/home/iiitd/cf_ws/install/crazyflie_interfaces/lib/pkgconfig/crazyflie_interfaces.pc'
[0.434s] Level 1:colcon.colcon_core.environment:checking '/home/iiitd/cf_ws/install/crazyflie_interfaces/lib/python3.10/site-packages'
[0.434s] Level 1:colcon.colcon_core.environment:checking '/home/iiitd/cf_ws/install/crazyflie_interfaces/bin'
[0.434s] INFO:colcon.colcon_core.shell:Creating package script '/home/iiitd/cf_ws/install/crazyflie_interfaces/share/crazyflie_interfaces/package.ps1'
[0.435s] INFO:colcon.colcon_core.shell:Creating package descriptor '/home/iiitd/cf_ws/install/crazyflie_interfaces/share/crazyflie_interfaces/package.dsv'
[0.435s] INFO:colcon.colcon_core.shell:Creating package script '/home/iiitd/cf_ws/install/crazyflie_interfaces/share/crazyflie_interfaces/package.sh'
[0.435s] INFO:colcon.colcon_core.shell:Creating package script '/home/iiitd/cf_ws/install/crazyflie_interfaces/share/crazyflie_interfaces/package.bash'
[0.435s] INFO:colcon.colcon_core.shell:Creating package script '/home/iiitd/cf_ws/install/crazyflie_interfaces/share/crazyflie_interfaces/package.zsh'
[0.435s] Level 1:colcon.colcon_core.environment:create_file_with_runtime_dependencies(/home/iiitd/cf_ws/install/crazyflie_interfaces/share/colcon-core/packages/crazyflie_interfaces)
[0.436s] Level 1:colcon.colcon_core.environment:create_environment_scripts_only(crazyflie_interfaces)
[0.436s] Level 1:colcon.colcon_core.environment:checking '/home/iiitd/cf_ws/install/crazyflie_interfaces' for CMake module files
[0.436s] Level 1:colcon.colcon_core.environment:checking '/home/iiitd/cf_ws/install/crazyflie_interfaces' for CMake config files
[0.436s] Level 1:colcon.colcon_core.shell:create_environment_hook('crazyflie_interfaces', 'cmake_prefix_path')
[0.436s] INFO:colcon.colcon_core.shell:Creating environment hook '/home/iiitd/cf_ws/install/crazyflie_interfaces/share/crazyflie_interfaces/hook/cmake_prefix_path.ps1'
[0.437s] INFO:colcon.colcon_core.shell:Creating environment descriptor '/home/iiitd/cf_ws/install/crazyflie_interfaces/share/crazyflie_interfaces/hook/cmake_prefix_path.dsv'
[0.437s] INFO:colcon.colcon_core.shell:Creating environment hook '/home/iiitd/cf_ws/install/crazyflie_interfaces/share/crazyflie_interfaces/hook/cmake_prefix_path.sh'
[0.437s] Level 1:colcon.colcon_core.environment:checking '/home/iiitd/cf_ws/install/crazyflie_interfaces/lib'
[0.437s] Level 1:colcon.colcon_core.shell:create_environment_hook('crazyflie_interfaces', 'ld_library_path_lib')
[0.437s] INFO:colcon.colcon_core.shell:Creating environment hook '/home/iiitd/cf_ws/install/crazyflie_interfaces/share/crazyflie_interfaces/hook/ld_library_path_lib.ps1'
[0.437s] INFO:colcon.colcon_core.shell:Creating environment descriptor '/home/iiitd/cf_ws/install/crazyflie_interfaces/share/crazyflie_interfaces/hook/ld_library_path_lib.dsv'
[0.437s] INFO:colcon.colcon_core.shell:Creating environment hook '/home/iiitd/cf_ws/install/crazyflie_interfaces/share/crazyflie_interfaces/hook/ld_library_path_lib.sh'
[0.437s] Level 1:colcon.colcon_core.environment:checking '/home/iiitd/cf_ws/install/crazyflie_interfaces/bin'
[0.437s] Level 1:colcon.colcon_core.environment:checking '/home/iiitd/cf_ws/install/crazyflie_interfaces/lib/pkgconfig/crazyflie_interfaces.pc'
[0.438s] Level 1:colcon.colcon_core.environment:checking '/home/iiitd/cf_ws/install/crazyflie_interfaces/lib/python3.10/site-packages'
[0.438s] Level 1:colcon.colcon_core.environment:checking '/home/iiitd/cf_ws/install/crazyflie_interfaces/bin'
[0.438s] INFO:colcon.colcon_core.shell:Creating package script '/home/iiitd/cf_ws/install/crazyflie_interfaces/share/crazyflie_interfaces/package.ps1'
[0.438s] INFO:colcon.colcon_core.shell:Creating package descriptor '/home/iiitd/cf_ws/install/crazyflie_interfaces/share/crazyflie_interfaces/package.dsv'
[0.438s] INFO:colcon.colcon_core.shell:Creating package script '/home/iiitd/cf_ws/install/crazyflie_interfaces/share/crazyflie_interfaces/package.sh'
[0.438s] INFO:colcon.colcon_core.shell:Creating package script '/home/iiitd/cf_ws/install/crazyflie_interfaces/share/crazyflie_interfaces/package.bash'
[0.439s] INFO:colcon.colcon_core.shell:Creating package script '/home/iiitd/cf_ws/install/crazyflie_interfaces/share/crazyflie_interfaces/package.zsh'
[0.439s] Level 1:colcon.colcon_core.environment:create_file_with_runtime_dependencies(/home/iiitd/cf_ws/install/crazyflie_interfaces/share/colcon-core/packages/crazyflie_interfaces)
[0.439s] INFO:colcon.colcon_ros.task.ament_python.build:Building ROS package in '/home/iiitd/cf_ws/src/crazyswarm2/crazyflie_py' with build type 'ament_python'
[0.439s] Level 1:colcon.colcon_core.shell:create_environment_hook('crazyflie_py', 'ament_prefix_path')
[0.439s] INFO:colcon.colcon_core.shell:Creating environment hook '/home/iiitd/cf_ws/install/crazyflie_py/share/crazyflie_py/hook/ament_prefix_path.ps1'
[0.439s] INFO:colcon.colcon_core.shell:Creating environment descriptor '/home/iiitd/cf_ws/install/crazyflie_py/share/crazyflie_py/hook/ament_prefix_path.dsv'
[0.439s] INFO:colcon.colcon_core.shell:Creating environment hook '/home/iiitd/cf_ws/install/crazyflie_py/share/crazyflie_py/hook/ament_prefix_path.sh'
[0.440s] INFO:colcon.colcon_core.shell:Skip shell extension 'powershell' for command environment: Not usable outside of PowerShell
[0.440s] DEBUG:colcon.colcon_core.shell:Skip shell extension 'dsv' for command environment
[0.441s] INFO:colcon.colcon_ros.task.ament_cmake.build:Building ROS package in '/home/iiitd/cf_ws/src/crazyswarm2/crazyflie' with build type 'ament_cmake'
[0.442s] INFO:colcon.colcon_cmake.task.cmake.build:Building CMake package in '/home/iiitd/cf_ws/src/crazyswarm2/crazyflie'
[0.442s] INFO:colcon.colcon_core.shell:Skip shell extension 'powershell' for command environment: Not usable outside of PowerShell
[0.442s] DEBUG:colcon.colcon_core.shell:Skip shell extension 'dsv' for command environment
[0.443s] INFO:colcon.colcon_ros.task.ament_python.build:Building ROS package in '/home/iiitd/cf_ws/src/crazyswarm2/crazyflie_server_py' with build type 'ament_python'
[0.443s] Level 1:colcon.colcon_core.shell:create_environment_hook('crazyflie_server_py', 'ament_prefix_path')
[0.443s] INFO:colcon.colcon_core.shell:Creating environment hook '/home/iiitd/cf_ws/install/crazyflie_server_py/share/crazyflie_server_py/hook/ament_prefix_path.ps1'
[0.443s] INFO:colcon.colcon_core.shell:Creating environment descriptor '/home/iiitd/cf_ws/install/crazyflie_server_py/share/crazyflie_server_py/hook/ament_prefix_path.dsv'
[0.443s] INFO:colcon.colcon_core.shell:Creating environment hook '/home/iiitd/cf_ws/install/crazyflie_server_py/share/crazyflie_server_py/hook/ament_prefix_path.sh'
[0.444s] INFO:colcon.colcon_core.shell:Skip shell extension 'powershell' for command environment: Not usable outside of PowerShell
[0.444s] DEBUG:colcon.colcon_core.shell:Skip shell extension 'dsv' for command environment
[0.445s] INFO:colcon.colcon_ros.task.ament_cmake.build:Building ROS package in '/home/iiitd/cf_ws/src/crazyswarm2/crazyflie_sim' with build type 'ament_cmake'
[0.445s] INFO:colcon.colcon_cmake.task.cmake.build:Building CMake package in '/home/iiitd/cf_ws/src/crazyswarm2/crazyflie_sim'
[0.445s] INFO:colcon.colcon_core.shell:Skip shell extension 'powershell' for command environment: Not usable outside of PowerShell
[0.445s] DEBUG:colcon.colcon_core.shell:Skip shell extension 'dsv' for command environment
[0.447s] INFO:colcon.colcon_ros.task.ament_python.build:Building ROS package in '/home/iiitd/cf_ws/src/my_crazyflie' with build type 'ament_python'
[0.447s] Level 1:colcon.colcon_core.shell:create_environment_hook('my_crazyflie', 'ament_prefix_path')
[0.447s] INFO:colcon.colcon_core.shell:Creating environment hook '/home/iiitd/cf_ws/install/my_crazyflie/share/my_crazyflie/hook/ament_prefix_path.ps1'
[0.447s] INFO:colcon.colcon_core.shell:Creating environment descriptor '/home/iiitd/cf_ws/install/my_crazyflie/share/my_crazyflie/hook/ament_prefix_path.dsv'
[0.447s] INFO:colcon.colcon_core.shell:Creating environment hook '/home/iiitd/cf_ws/install/my_crazyflie/share/my_crazyflie/hook/ament_prefix_path.sh'
[0.448s] INFO:colcon.colcon_core.shell:Skip shell extension 'powershell' for command environment: Not usable outside of PowerShell
[0.448s] DEBUG:colcon.colcon_core.shell:Skip shell extension 'dsv' for command environment
[0.570s] INFO:colcon.colcon_core.task.python.build:Building Python package in '/home/iiitd/cf_ws/src/crazyswarm2/crazyflie_py'
[0.570s] INFO:colcon.colcon_core.shell:Skip shell extension 'powershell' for command environment: Not usable outside of PowerShell
[0.570s] DEBUG:colcon.colcon_core.shell:Skip shell extension 'dsv' for command environment
[0.573s] DEBUG:colcon.colcon_core.event_handler.log_command:Invoking command in '/home/iiitd/cf_ws/build/crazyflie': AMENT_PREFIX_PATH=/home/iiitd/cf_ws/install/crazyflie_interfaces:/home/iiitd/cf_ws/install/crazyflie_description:${AMENT_PREFIX_PATH} CMAKE_PREFIX_PATH=/home/iiitd/cf_ws/install/crazyflie_interfaces:/home/iiitd/cf_ws/install/crazyflie_description:/opt/ros/humble LD_LIBRARY_PATH=/home/iiitd/cf_ws/install/crazyflie_interfaces/lib:${LD_LIBRARY_PATH} PYTHONPATH=/home/iiitd/cf_ws/install/crazyflie_interfaces/local/lib/python3.10/dist-packages:${PYTHONPATH} /usr/bin/cmake --build /home/iiitd/cf_ws/build/crazyflie -- -j28 -l28
[0.715s] INFO:colcon.colcon_core.task.python.build:Building Python package in '/home/iiitd/cf_ws/src/crazyswarm2/crazyflie_server_py'
[0.715s] INFO:colcon.colcon_core.shell:Skip shell extension 'powershell' for command environment: Not usable outside of PowerShell
[0.715s] DEBUG:colcon.colcon_core.shell:Skip shell extension 'dsv' for command environment
[0.719s] DEBUG:colcon.colcon_core.event_handler.log_command:Invoking command in '/home/iiitd/cf_ws/build/crazyflie_sim': AMENT_PREFIX_PATH=/home/iiitd/cf_ws/install/crazyflie_interfaces:${AMENT_PREFIX_PATH} CMAKE_PREFIX_PATH=/home/iiitd/cf_ws/install/crazyflie_interfaces:/opt/ros/humble LD_LIBRARY_PATH=/home/iiitd/cf_ws/install/crazyflie_interfaces/lib:${LD_LIBRARY_PATH} PYTHONPATH=/home/iiitd/cf_ws/install/crazyflie_interfaces/local/lib/python3.10/dist-packages:${PYTHONPATH} /usr/bin/cmake --build /home/iiitd/cf_ws/build/crazyflie_sim -- -j28 -l28
[0.845s] INFO:colcon.colcon_core.task.python.build:Building Python package in '/home/iiitd/cf_ws/src/my_crazyflie'
[0.845s] INFO:colcon.colcon_core.shell:Skip shell extension 'powershell' for command environment: Not usable outside of PowerShell
[0.845s] DEBUG:colcon.colcon_core.shell:Skip shell extension 'dsv' for command environment
[0.848s] DEBUG:colcon.colcon_core.event_handler.log_command:Invoked command in '/home/iiitd/cf_ws/build/crazyflie' returned '0': AMENT_PREFIX_PATH=/home/iiitd/cf_ws/install/crazyflie_interfaces:/home/iiitd/cf_ws/install/crazyflie_description:${AMENT_PREFIX_PATH} CMAKE_PREFIX_PATH=/home/iiitd/cf_ws/install/crazyflie_interfaces:/home/iiitd/cf_ws/install/crazyflie_description:/opt/ros/humble LD_LIBRARY_PATH=/home/iiitd/cf_ws/install/crazyflie_interfaces/lib:${LD_LIBRARY_PATH} PYTHONPATH=/home/iiitd/cf_ws/install/crazyflie_interfaces/local/lib/python3.10/dist-packages:${PYTHONPATH} /usr/bin/cmake --build /home/iiitd/cf_ws/build/crazyflie -- -j28 -l28
[0.849s] DEBUG:colcon.colcon_core.event_handler.log_command:Invoking command in '/home/iiitd/cf_ws/build/crazyflie': AMENT_PREFIX_PATH=/home/iiitd/cf_ws/install/crazyflie_interfaces:/home/iiitd/cf_ws/install/crazyflie_description:${AMENT_PREFIX_PATH} CMAKE_PREFIX_PATH=/home/iiitd/cf_ws/install/crazyflie_interfaces:/home/iiitd/cf_ws/install/crazyflie_description:/opt/ros/humble LD_LIBRARY_PATH=/home/iiitd/cf_ws/install/crazyflie_interfaces/lib:${LD_LIBRARY_PATH} PYTHONPATH=/home/iiitd/cf_ws/install/crazyflie_interfaces/local/lib/python3.10/dist-packages:${PYTHONPATH} /usr/bin/cmake --install /home/iiitd/cf_ws/build/crazyflie
[0.868s] Level 1:colcon.colcon_core.environment:create_environment_scripts_only(crazyflie)
[0.869s] DEBUG:colcon.colcon_core.event_handler.log_command:Invoked command in '/home/iiitd/cf_ws/build/crazyflie' returned '0': AMENT_PREFIX_PATH=/home/iiitd/cf_ws/install/crazyflie_interfaces:/home/iiitd/cf_ws/install/crazyflie_description:${AMENT_PREFIX_PATH} CMAKE_PREFIX_PATH=/home/iiitd/cf_ws/install/crazyflie_interfaces:/home/iiitd/cf_ws/install/crazyflie_description:/opt/ros/humble LD_LIBRARY_PATH=/home/iiitd/cf_ws/install/crazyflie_interfaces/lib:${LD_LIBRARY_PATH} PYTHONPATH=/home/iiitd/cf_ws/install/crazyflie_interfaces/local/lib/python3.10/dist-packages:${PYTHONPATH} /usr/bin/cmake --install /home/iiitd/cf_ws/build/crazyflie
[0.869s] Level 1:colcon.colcon_core.environment:checking '/home/iiitd/cf_ws/install/crazyflie' for CMake module files
[0.870s] Level 1:colcon.colcon_core.environment:checking '/home/iiitd/cf_ws/install/crazyflie' for CMake config files
[0.870s] Level 1:colcon.colcon_core.shell:create_environment_hook('crazyflie', 'cmake_prefix_path')
[0.871s] INFO:colcon.colcon_core.shell:Creating environment hook '/home/iiitd/cf_ws/install/crazyflie/share/crazyflie/hook/cmake_prefix_path.ps1'
[0.871s] INFO:colcon.colcon_core.shell:Creating environment descriptor '/home/iiitd/cf_ws/install/crazyflie/share/crazyflie/hook/cmake_prefix_path.dsv'
[0.871s] INFO:colcon.colcon_core.shell:Creating environment hook '/home/iiitd/cf_ws/install/crazyflie/share/crazyflie/hook/cmake_prefix_path.sh'
[0.872s] Level 1:colcon.colcon_core.environment:checking '/home/iiitd/cf_ws/install/crazyflie/lib'
[0.872s] Level 1:colcon.colcon_core.environment:checking '/home/iiitd/cf_ws/install/crazyflie/bin'
[0.872s] Level 1:colcon.colcon_core.environment:checking '/home/iiitd/cf_ws/install/crazyflie/lib/pkgconfig/crazyflie.pc'
[0.872s] Level 1:colcon.colcon_core.environment:checking '/home/iiitd/cf_ws/install/crazyflie/lib/python3.10/site-packages'
[0.873s] Level 1:colcon.colcon_core.environment:checking '/home/iiitd/cf_ws/install/crazyflie/bin'
[0.873s] INFO:colcon.colcon_core.shell:Creating package script '/home/iiitd/cf_ws/install/crazyflie/share/crazyflie/package.ps1'
[0.873s] INFO:colcon.colcon_core.shell:Creating package descriptor '/home/iiitd/cf_ws/install/crazyflie/share/crazyflie/package.dsv'
[0.874s] INFO:colcon.colcon_core.shell:Creating package script '/home/iiitd/cf_ws/install/crazyflie/share/crazyflie/package.sh'
[0.874s] INFO:colcon.colcon_core.shell:Creating package script '/home/iiitd/cf_ws/install/crazyflie/share/crazyflie/package.bash'
[0.874s] INFO:colcon.colcon_core.shell:Creating package script '/home/iiitd/cf_ws/install/crazyflie/share/crazyflie/package.zsh'
[0.874s] Level 1:colcon.colcon_core.environment:create_file_with_runtime_dependencies(/home/iiitd/cf_ws/install/crazyflie/share/colcon-core/packages/crazyflie)
[0.875s] Level 1:colcon.colcon_core.environment:create_environment_scripts_only(crazyflie)
[0.875s] Level 1:colcon.colcon_core.environment:checking '/home/iiitd/cf_ws/install/crazyflie' for CMake module files
[0.876s] Level 1:colcon.colcon_core.environment:checking '/home/iiitd/cf_ws/install/crazyflie' for CMake config files
[0.876s] Level 1:colcon.colcon_core.shell:create_environment_hook('crazyflie', 'cmake_prefix_path')
[0.876s] INFO:colcon.colcon_core.shell:Creating environment hook '/home/iiitd/cf_ws/install/crazyflie/share/crazyflie/hook/cmake_prefix_path.ps1'
[0.876s] INFO:colcon.colcon_core.shell:Creating environment descriptor '/home/iiitd/cf_ws/install/crazyflie/share/crazyflie/hook/cmake_prefix_path.dsv'
[0.877s] INFO:colcon.colcon_core.shell:Creating environment hook '/home/iiitd/cf_ws/install/crazyflie/share/crazyflie/hook/cmake_prefix_path.sh'
[0.877s] Level 1:colcon.colcon_core.environment:checking '/home/iiitd/cf_ws/install/crazyflie/lib'
[0.877s] Level 1:colcon.colcon_core.environment:checking '/home/iiitd/cf_ws/install/crazyflie/bin'
[0.877s] Level 1:colcon.colcon_core.environment:checking '/home/iiitd/cf_ws/install/crazyflie/lib/pkgconfig/crazyflie.pc'
[0.877s] Level 1:colcon.colcon_core.environment:checking '/home/iiitd/cf_ws/install/crazyflie/lib/python3.10/site-packages'
[0.878s] Level 1:colcon.colcon_core.environment:checking '/home/iiitd/cf_ws/install/crazyflie/bin'
[0.878s] INFO:colcon.colcon_core.shell:Creating package script '/home/iiitd/cf_ws/install/crazyflie/share/crazyflie/package.ps1'
[0.878s] INFO:colcon.colcon_core.shell:Creating package descriptor '/home/iiitd/cf_ws/install/crazyflie/share/crazyflie/package.dsv'
[0.879s] INFO:colcon.colcon_core.shell:Creating package script '/home/iiitd/cf_ws/install/crazyflie/share/crazyflie/package.sh'
[0.879s] INFO:colcon.colcon_core.shell:Creating package script '/home/iiitd/cf_ws/install/crazyflie/share/crazyflie/package.bash'
[0.880s] INFO:colcon.colcon_core.shell:Creating package script '/home/iiitd/cf_ws/install/crazyflie/share/crazyflie/package.zsh'
[0.880s] Level 1:colcon.colcon_core.environment:create_file_with_runtime_dependencies(/home/iiitd/cf_ws/install/crazyflie/share/colcon-core/packages/crazyflie)
[0.908s] DEBUG:colcon.colcon_core.event_handler.log_command:Invoked command in '/home/iiitd/cf_ws/build/crazyflie_sim' returned '0': AMENT_PREFIX_PATH=/home/iiitd/cf_ws/install/crazyflie_interfaces:${AMENT_PREFIX_PATH} CMAKE_PREFIX_PATH=/home/iiitd/cf_ws/install/crazyflie_interfaces:/opt/ros/humble LD_LIBRARY_PATH=/home/iiitd/cf_ws/install/crazyflie_interfaces/lib:${LD_LIBRARY_PATH} PYTHONPATH=/home/iiitd/cf_ws/install/crazyflie_interfaces/local/lib/python3.10/dist-packages:${PYTHONPATH} /usr/bin/cmake --build /home/iiitd/cf_ws/build/crazyflie_sim -- -j28 -l28
[0.909s] DEBUG:colcon.colcon_core.event_handler.log_command:Invoking command in '/home/iiitd/cf_ws/build/crazyflie_sim': AMENT_PREFIX_PATH=/home/iiitd/cf_ws/install/crazyflie_interfaces:${AMENT_PREFIX_PATH} CMAKE_PREFIX_PATH=/home/iiitd/cf_ws/install/crazyflie_interfaces:/opt/ros/humble LD_LIBRARY_PATH=/home/iiitd/cf_ws/install/crazyflie_interfaces/lib:${LD_LIBRARY_PATH} PYTHONPATH=/home/iiitd/cf_ws/install/crazyflie_interfaces/local/lib/python3.10/dist-packages:${PYTHONPATH} /usr/bin/cmake --install /home/iiitd/cf_ws/build/crazyflie_sim
[0.948s] Level 1:colcon.colcon_core.environment:create_environment_scripts_only(crazyflie_sim)
[0.948s] Level 1:colcon.colcon_core.environment:checking '/home/iiitd/cf_ws/install/crazyflie_sim' for CMake module files
[0.949s] DEBUG:colcon.colcon_core.event_handler.log_command:Invoked command in '/home/iiitd/cf_ws/build/crazyflie_sim' returned '0': AMENT_PREFIX_PATH=/home/iiitd/cf_ws/install/crazyflie_interfaces:${AMENT_PREFIX_PATH} CMAKE_PREFIX_PATH=/home/iiitd/cf_ws/install/crazyflie_interfaces:/opt/ros/humble LD_LIBRARY_PATH=/home/iiitd/cf_ws/install/crazyflie_interfaces/lib:${LD_LIBRARY_PATH} PYTHONPATH=/home/iiitd/cf_ws/install/crazyflie_interfaces/local/lib/python3.10/dist-packages:${PYTHONPATH} /usr/bin/cmake --install /home/iiitd/cf_ws/build/crazyflie_sim
[0.949s] Level 1:colcon.colcon_core.environment:checking '/home/iiitd/cf_ws/install/crazyflie_sim' for CMake config files
[0.949s] Level 1:colcon.colcon_core.shell:create_environment_hook('crazyflie_sim', 'cmake_prefix_path')
[0.949s] INFO:colcon.colcon_core.shell:Creating environment hook '/home/iiitd/cf_ws/install/crazyflie_sim/share/crazyflie_sim/hook/cmake_prefix_path.ps1'
[0.950s] INFO:colcon.colcon_core.shell:Creating environment descriptor '/home/iiitd/cf_ws/install/crazyflie_sim/share/crazyflie_sim/hook/cmake_prefix_path.dsv'
[0.950s] INFO:colcon.colcon_core.shell:Creating environment hook '/home/iiitd/cf_ws/install/crazyflie_sim/share/crazyflie_sim/hook/cmake_prefix_path.sh'
[0.950s] Level 1:colcon.colcon_core.environment:checking '/home/iiitd/cf_ws/install/crazyflie_sim/lib'
[0.950s] Level 1:colcon.colcon_core.environment:checking '/home/iiitd/cf_ws/install/crazyflie_sim/bin'
[0.951s] Level 1:colcon.colcon_core.environment:checking '/home/iiitd/cf_ws/install/crazyflie_sim/lib/pkgconfig/crazyflie_sim.pc'
[0.951s] Level 1:colcon.colcon_core.environment:checking '/home/iiitd/cf_ws/install/crazyflie_sim/lib/python3.10/site-packages'
[0.951s] Level 1:colcon.colcon_core.environment:checking '/home/iiitd/cf_ws/install/crazyflie_sim/bin'
[0.951s] INFO:colcon.colcon_core.shell:Creating package script '/home/iiitd/cf_ws/install/crazyflie_sim/share/crazyflie_sim/package.ps1'
[0.952s] INFO:colcon.colcon_core.shell:Creating package descriptor '/home/iiitd/cf_ws/install/crazyflie_sim/share/crazyflie_sim/package.dsv'
[0.952s] INFO:colcon.colcon_core.shell:Creating package script '/home/iiitd/cf_ws/install/crazyflie_sim/share/crazyflie_sim/package.sh'
[0.952s] INFO:colcon.colcon_core.shell:Creating package script '/home/iiitd/cf_ws/install/crazyflie_sim/share/crazyflie_sim/package.bash'
[0.953s] INFO:colcon.colcon_core.shell:Creating package script '/home/iiitd/cf_ws/install/crazyflie_sim/share/crazyflie_sim/package.zsh'
[0.953s] Level 1:colcon.colcon_core.environment:create_file_with_runtime_dependencies(/home/iiitd/cf_ws/install/crazyflie_sim/share/colcon-core/packages/crazyflie_sim)
[0.953s] Level 1:colcon.colcon_core.environment:create_environment_scripts_only(crazyflie_sim)
[0.953s] Level 1:colcon.colcon_core.environment:checking '/home/iiitd/cf_ws/install/crazyflie_sim' for CMake module files
[0.953s] Level 1:colcon.colcon_core.environment:checking '/home/iiitd/cf_ws/install/crazyflie_sim' for CMake config files
[0.953s] Level 1:colcon.colcon_core.shell:create_environment_hook('crazyflie_sim', 'cmake_prefix_path')
[0.954s] INFO:colcon.colcon_core.shell:Creating environment hook '/home/iiitd/cf_ws/install/crazyflie_sim/share/crazyflie_sim/hook/cmake_prefix_path.ps1'
[0.954s] INFO:colcon.colcon_core.shell:Creating environment descriptor '/home/iiitd/cf_ws/install/crazyflie_sim/share/crazyflie_sim/hook/cmake_prefix_path.dsv'
[0.954s] INFO:colcon.colcon_core.shell:Creating environment hook '/home/iiitd/cf_ws/install/crazyflie_sim/share/crazyflie_sim/hook/cmake_prefix_path.sh'
[0.954s] Level 1:colcon.colcon_core.environment:checking '/home/iiitd/cf_ws/install/crazyflie_sim/lib'
[0.954s] Level 1:colcon.colcon_core.environment:checking '/home/iiitd/cf_ws/install/crazyflie_sim/bin'
[0.954s] Level 1:colcon.colcon_core.environment:checking '/home/iiitd/cf_ws/install/crazyflie_sim/lib/pkgconfig/crazyflie_sim.pc'
[0.954s] Level 1:colcon.colcon_core.environment:checking '/home/iiitd/cf_ws/install/crazyflie_sim/lib/python3.10/site-packages'
[0.954s] Level 1:colcon.colcon_core.environment:checking '/home/iiitd/cf_ws/install/crazyflie_sim/bin'
[0.955s] INFO:colcon.colcon_core.shell:Creating package script '/home/iiitd/cf_ws/install/crazyflie_sim/share/crazyflie_sim/package.ps1'
[0.955s] INFO:colcon.colcon_core.shell:Creating package descriptor '/home/iiitd/cf_ws/install/crazyflie_sim/share/crazyflie_sim/package.dsv'
[0.955s] INFO:colcon.colcon_core.shell:Creating package script '/home/iiitd/cf_ws/install/crazyflie_sim/share/crazyflie_sim/package.sh'
[0.955s] INFO:colcon.colcon_core.shell:Creating package script '/home/iiitd/cf_ws/install/crazyflie_sim/share/crazyflie_sim/package.bash'
[0.955s] INFO:colcon.colcon_core.shell:Creating package script '/home/iiitd/cf_ws/install/crazyflie_sim/share/crazyflie_sim/package.zsh'
[0.955s] Level 1:colcon.colcon_core.environment:create_file_with_runtime_dependencies(/home/iiitd/cf_ws/install/crazyflie_sim/share/colcon-core/packages/crazyflie_sim)
[1.031s] DEBUG:colcon.colcon_core.task.python.build:Available setuptools commands: build_ext, sdist, symlink_data, bdist_egg, build_clib, rotate, bdist_wheel, check, build_py, extract_messages, install_lib, build, install, egg_info, update_catalog, dist_info, install_headers, bdist_dumb, develop, setopt, test, install_data, bdist_rpm, upload_docs, upload, clean, build_scripts, saveopts, init_catalog, alias, compile_catalog, register, bdist, easy_install, install_scripts, install_egg_info
[1.033s] DEBUG:colcon.colcon_core.task.python.build:Available setuptools commands: build_ext, sdist, symlink_data, bdist_egg, build_clib, rotate, bdist_wheel, check, build_py, extract_messages, install_lib, build, install, egg_info, update_catalog, dist_info, install_headers, bdist_dumb, develop, setopt, test, install_data, bdist_rpm, upload_docs, upload, clean, build_scripts, saveopts, init_catalog, alias, compile_catalog, register, bdist, easy_install, install_scripts, install_egg_info
[1.059s] DEBUG:colcon.colcon_core.task.python.build:Available setuptools commands: build_ext, sdist, symlink_data, bdist_egg, build_clib, rotate, bdist_wheel, check, build_py, extract_messages, install_lib, build, install, egg_info, update_catalog, dist_info, install_headers, bdist_dumb, develop, setopt, test, install_data, bdist_rpm, upload_docs, upload, clean, build_scripts, saveopts, init_catalog, alias, compile_catalog, register, bdist, easy_install, install_scripts, install_egg_info
[1.159s] DEBUG:colcon.colcon_core.task.python.build:Available setuptools 'develop' options: --index-url, --optimize, --version, --allow-hosts, --quiet, --dry-run, --site-dirs, --zip-ok, --install-dir, --build-directory, --no-find-links, --egg-path, --multi-version, --exclude-scripts, --script-dir, --local-snapshots-ok, --editable, --uninstall, --always-copy, --force-installation-into-system-dir, --find-links, --user, --no-deps, --verbose, --install-layout, --upgrade, --always-unzip, --record, --no-user-cfg, --help, --prefix
[1.161s] DEBUG:colcon.colcon_core.event_handler.log_command:Invoking command in '/home/iiitd/cf_ws/build/crazyflie_server_py': AMENT_PREFIX_PATH=/home/iiitd/cf_ws/install/crazyflie_interfaces:${AMENT_PREFIX_PATH} CMAKE_PREFIX_PATH=/home/iiitd/cf_ws/install/crazyflie_interfaces LD_LIBRARY_PATH=/home/iiitd/cf_ws/install/crazyflie_interfaces/lib:${LD_LIBRARY_PATH} PYTHONPATH=/home/iiitd/cf_ws/build/crazyflie_server_py/prefix_override:/usr/lib/python3/dist-packages/colcon_core/task/python/colcon_distutils_commands:/home/iiitd/cf_ws/install/crazyflie_server_py/lib/python3.10/site-packages:/home/iiitd/cf_ws/install/crazyflie_interfaces/local/lib/python3.10/dist-packages:${PYTHONPATH} /usr/bin/python3 -W ignore:setup.py install is deprecated -W ignore:easy_install command is deprecated setup.py develop --editable --build-directory /home/iiitd/cf_ws/build/crazyflie_server_py/build --no-deps symlink_data
[1.167s] DEBUG:colcon.colcon_core.task.python.build:Available setuptools 'develop' options: --index-url, --optimize, --version, --allow-hosts, --quiet, --dry-run, --site-dirs, --zip-ok, --install-dir, --build-directory, --no-find-links, --egg-path, --multi-version, --exclude-scripts, --script-dir, --local-snapshots-ok, --editable, --uninstall, --always-copy, --force-installation-into-system-dir, --find-links, --user, --no-deps, --verbose, --install-layout, --upgrade, --always-unzip, --record, --no-user-cfg, --help, --prefix
[1.169s] DEBUG:colcon.colcon_core.event_handler.log_command:Invoking command in '/home/iiitd/cf_ws/build/my_crazyflie': AMENT_PREFIX_PATH=/home/iiitd/cf_ws/install/crazyflie_interfaces:${AMENT_PREFIX_PATH} CMAKE_PREFIX_PATH=/home/iiitd/cf_ws/install/crazyflie_interfaces LD_LIBRARY_PATH=/home/iiitd/cf_ws/install/crazyflie_interfaces/lib:${LD_LIBRARY_PATH} PYTHONPATH=/home/iiitd/cf_ws/build/my_crazyflie/prefix_override:/usr/lib/python3/dist-packages/colcon_core/task/python/colcon_distutils_commands:/home/iiitd/cf_ws/install/my_crazyflie/lib/python3.10/site-packages:/home/iiitd/cf_ws/install/crazyflie_interfaces/local/lib/python3.10/dist-packages:${PYTHONPATH} /usr/bin/python3 -W ignore:setup.py install is deprecated -W ignore:easy_install command is deprecated setup.py develop --editable --build-directory /home/iiitd/cf_ws/build/my_crazyflie/build --no-deps symlink_data
[1.190s] DEBUG:colcon.colcon_core.task.python.build:Available setuptools 'develop' options: --index-url, --optimize, --version, --allow-hosts, --quiet, --dry-run, --site-dirs, --zip-ok, --install-dir, --build-directory, --no-find-links, --egg-path, --multi-version, --exclude-scripts, --script-dir, --local-snapshots-ok, --editable, --uninstall, --always-copy, --force-installation-into-system-dir, --find-links, --user, --no-deps, --verbose, --install-layout, --upgrade, --always-unzip, --record, --no-user-cfg, --help, --prefix
[1.192s] DEBUG:colcon.colcon_core.event_handler.log_command:Invoking command in '/home/iiitd/cf_ws/build/crazyflie_py': AMENT_PREFIX_PATH=/home/iiitd/cf_ws/install/crazyflie_interfaces:${AMENT_PREFIX_PATH} CMAKE_PREFIX_PATH=/home/iiitd/cf_ws/install/crazyflie_interfaces LD_LIBRARY_PATH=/home/iiitd/cf_ws/install/crazyflie_interfaces/lib:${LD_LIBRARY_PATH} PYTHONPATH=/home/iiitd/cf_ws/build/crazyflie_py/prefix_override:/usr/lib/python3/dist-packages/colcon_core/task/python/colcon_distutils_commands:/home/iiitd/cf_ws/install/crazyflie_py/lib/python3.10/site-packages:/home/iiitd/cf_ws/install/crazyflie_interfaces/local/lib/python3.10/dist-packages:${PYTHONPATH} /usr/bin/python3 -W ignore:setup.py install is deprecated -W ignore:easy_install command is deprecated setup.py develop --editable --build-directory /home/iiitd/cf_ws/build/crazyflie_py/build --no-deps symlink_data
[1.381s] Level 1:colcon.colcon_core.shell:create_environment_hook('crazyflie_server_py', 'pythonpath_develop')
[1.381s] INFO:colcon.colcon_core.shell:Creating environment hook '/home/iiitd/cf_ws/build/crazyflie_server_py/share/crazyflie_server_py/hook/pythonpath_develop.ps1'
[1.381s] DEBUG:colcon.colcon_core.event_handler.log_command:Invoked command in '/home/iiitd/cf_ws/build/crazyflie_server_py' returned '0': AMENT_PREFIX_PATH=/home/iiitd/cf_ws/install/crazyflie_interfaces:${AMENT_PREFIX_PATH} CMAKE_PREFIX_PATH=/home/iiitd/cf_ws/install/crazyflie_interfaces LD_LIBRARY_PATH=/home/iiitd/cf_ws/install/crazyflie_interfaces/lib:${LD_LIBRARY_PATH} PYTHONPATH=/home/iiitd/cf_ws/build/crazyflie_server_py/prefix_override:/usr/lib/python3/dist-packages/colcon_core/task/python/colcon_distutils_commands:/home/iiitd/cf_ws/install/crazyflie_server_py/lib/python3.10/site-packages:/home/iiitd/cf_ws/install/crazyflie_interfaces/local/lib/python3.10/dist-packages:${PYTHONPATH} /usr/bin/python3 -W ignore:setup.py install is deprecated -W ignore:easy_install command is deprecated setup.py develop --editable --build-directory /home/iiitd/cf_ws/build/crazyflie_server_py/build --no-deps symlink_data
[1.382s] INFO:colcon.colcon_core.shell:Creating environment descriptor '/home/iiitd/cf_ws/build/crazyflie_server_py/share/crazyflie_server_py/hook/pythonpath_develop.dsv'
[1.382s] INFO:colcon.colcon_core.shell:Creating environment hook '/home/iiitd/cf_ws/build/crazyflie_server_py/share/crazyflie_server_py/hook/pythonpath_develop.sh'
[1.383s] Level 1:colcon.colcon_core.environment:checking '/home/iiitd/cf_ws/install/crazyflie_server_py' for CMake module files
[1.383s] Level 1:colcon.colcon_core.environment:checking '/home/iiitd/cf_ws/install/crazyflie_server_py' for CMake config files
[1.383s] Level 1:colcon.colcon_core.environment:checking '/home/iiitd/cf_ws/install/crazyflie_server_py/lib'
[1.383s] Level 1:colcon.colcon_core.environment:checking '/home/iiitd/cf_ws/install/crazyflie_server_py/bin'
[1.383s] Level 1:colcon.colcon_core.environment:checking '/home/iiitd/cf_ws/install/crazyflie_server_py/lib/pkgconfig/crazyflie_server_py.pc'
[1.384s] Level 1:colcon.colcon_core.environment:checking '/home/iiitd/cf_ws/install/crazyflie_server_py/lib/python3.10/site-packages'
[1.384s] Level 1:colcon.colcon_core.shell:create_environment_hook('crazyflie_server_py', 'pythonpath')
[1.384s] INFO:colcon.colcon_core.shell:Creating environment hook '/home/iiitd/cf_ws/install/crazyflie_server_py/share/crazyflie_server_py/hook/pythonpath.ps1'
[1.384s] INFO:colcon.colcon_core.shell:Creating environment descriptor '/home/iiitd/cf_ws/install/crazyflie_server_py/share/crazyflie_server_py/hook/pythonpath.dsv'
[1.384s] INFO:colcon.colcon_core.shell:Creating environment hook '/home/iiitd/cf_ws/install/crazyflie_server_py/share/crazyflie_server_py/hook/pythonpath.sh'
[1.385s] Level 1:colcon.colcon_core.environment:checking '/home/iiitd/cf_ws/install/crazyflie_server_py/bin'
[1.385s] Level 1:colcon.colcon_core.environment:create_environment_scripts_only(crazyflie_server_py)
[1.385s] INFO:colcon.colcon_core.shell:Creating package script '/home/iiitd/cf_ws/install/crazyflie_server_py/share/crazyflie_server_py/package.ps1'
[1.386s] INFO:colcon.colcon_core.shell:Creating package descriptor '/home/iiitd/cf_ws/install/crazyflie_server_py/share/crazyflie_server_py/package.dsv'
[1.386s] INFO:colcon.colcon_core.shell:Creating package script '/home/iiitd/cf_ws/install/crazyflie_server_py/share/crazyflie_server_py/package.sh'
[1.386s] INFO:colcon.colcon_core.shell:Creating package script '/home/iiitd/cf_ws/install/crazyflie_server_py/share/crazyflie_server_py/package.bash'
[1.386s] INFO:colcon.colcon_core.shell:Creating package script '/home/iiitd/cf_ws/install/crazyflie_server_py/share/crazyflie_server_py/package.zsh'
[1.387s] Level 1:colcon.colcon_core.environment:create_file_with_runtime_dependencies(/home/iiitd/cf_ws/install/crazyflie_server_py/share/colcon-core/packages/crazyflie_server_py)
[1.389s] Level 1:colcon.colcon_core.shell:create_environment_hook('my_crazyflie', 'pythonpath_develop')
[1.390s] DEBUG:colcon.colcon_core.event_handler.log_command:Invoked command in '/home/iiitd/cf_ws/build/my_crazyflie' returned '0': AMENT_PREFIX_PATH=/home/iiitd/cf_ws/install/crazyflie_interfaces:${AMENT_PREFIX_PATH} CMAKE_PREFIX_PATH=/home/iiitd/cf_ws/install/crazyflie_interfaces LD_LIBRARY_PATH=/home/iiitd/cf_ws/install/crazyflie_interfaces/lib:${LD_LIBRARY_PATH} PYTHONPATH=/home/iiitd/cf_ws/build/my_crazyflie/prefix_override:/usr/lib/python3/dist-packages/colcon_core/task/python/colcon_distutils_commands:/home/iiitd/cf_ws/install/my_crazyflie/lib/python3.10/site-packages:/home/iiitd/cf_ws/install/crazyflie_interfaces/local/lib/python3.10/dist-packages:${PYTHONPATH} /usr/bin/python3 -W ignore:setup.py install is deprecated -W ignore:easy_install command is deprecated setup.py develop --editable --build-directory /home/iiitd/cf_ws/build/my_crazyflie/build --no-deps symlink_data
[1.390s] INFO:colcon.colcon_core.shell:Creating environment hook '/home/iiitd/cf_ws/build/my_crazyflie/share/my_crazyflie/hook/pythonpath_develop.ps1'
[1.390s] INFO:colcon.colcon_core.shell:Creating environment descriptor '/home/iiitd/cf_ws/build/my_crazyflie/share/my_crazyflie/hook/pythonpath_develop.dsv'
[1.390s] INFO:colcon.colcon_core.shell:Creating environment hook '/home/iiitd/cf_ws/build/my_crazyflie/share/my_crazyflie/hook/pythonpath_develop.sh'
[1.391s] Level 1:colcon.colcon_core.environment:checking '/home/iiitd/cf_ws/install/my_crazyflie' for CMake module files
[1.391s] Level 1:colcon.colcon_core.environment:checking '/home/iiitd/cf_ws/install/my_crazyflie' for CMake config files
[1.391s] Level 1:colcon.colcon_core.environment:checking '/home/iiitd/cf_ws/install/my_crazyflie/lib'
[1.391s] Level 1:colcon.colcon_core.environment:checking '/home/iiitd/cf_ws/install/my_crazyflie/bin'
[1.391s] Level 1:colcon.colcon_core.environment:checking '/home/iiitd/cf_ws/install/my_crazyflie/lib/pkgconfig/my_crazyflie.pc'
[1.391s] Level 1:colcon.colcon_core.environment:checking '/home/iiitd/cf_ws/install/my_crazyflie/lib/python3.10/site-packages'
[1.391s] Level 1:colcon.colcon_core.shell:create_environment_hook('my_crazyflie', 'pythonpath')
[1.391s] INFO:colcon.colcon_core.shell:Creating environment hook '/home/iiitd/cf_ws/install/my_crazyflie/share/my_crazyflie/hook/pythonpath.ps1'
[1.392s] INFO:colcon.colcon_core.shell:Creating environment descriptor '/home/iiitd/cf_ws/install/my_crazyflie/share/my_crazyflie/hook/pythonpath.dsv'
[1.392s] INFO:colcon.colcon_core.shell:Creating environment hook '/home/iiitd/cf_ws/install/my_crazyflie/share/my_crazyflie/hook/pythonpath.sh'
[1.392s] Level 1:colcon.colcon_core.environment:checking '/home/iiitd/cf_ws/install/my_crazyflie/bin'
[1.392s] Level 1:colcon.colcon_core.environment:create_environment_scripts_only(my_crazyflie)
[1.392s] INFO:colcon.colcon_core.shell:Creating package script '/home/iiitd/cf_ws/install/my_crazyflie/share/my_crazyflie/package.ps1'
[1.392s] INFO:colcon.colcon_core.shell:Creating package descriptor '/home/iiitd/cf_ws/install/my_crazyflie/share/my_crazyflie/package.dsv'
[1.393s] INFO:colcon.colcon_core.shell:Creating package script '/home/iiitd/cf_ws/install/my_crazyflie/share/my_crazyflie/package.sh'
[1.393s] INFO:colcon.colcon_core.shell:Creating package script '/home/iiitd/cf_ws/install/my_crazyflie/share/my_crazyflie/package.bash'
[1.393s] INFO:colcon.colcon_core.shell:Creating package script '/home/iiitd/cf_ws/install/my_crazyflie/share/my_crazyflie/package.zsh'
[1.393s] Level 1:colcon.colcon_core.environment:create_file_with_runtime_dependencies(/home/iiitd/cf_ws/install/my_crazyflie/share/colcon-core/packages/my_crazyflie)
[1.415s] Level 1:colcon.colcon_core.shell:create_environment_hook('crazyflie_py', 'pythonpath_develop')
[1.415s] DEBUG:colcon.colcon_core.event_handler.log_command:Invoked command in '/home/iiitd/cf_ws/build/crazyflie_py' returned '0': AMENT_PREFIX_PATH=/home/iiitd/cf_ws/install/crazyflie_interfaces:${AMENT_PREFIX_PATH} CMAKE_PREFIX_PATH=/home/iiitd/cf_ws/install/crazyflie_interfaces LD_LIBRARY_PATH=/home/iiitd/cf_ws/install/crazyflie_interfaces/lib:${LD_LIBRARY_PATH} PYTHONPATH=/home/iiitd/cf_ws/build/crazyflie_py/prefix_override:/usr/lib/python3/dist-packages/colcon_core/task/python/colcon_distutils_commands:/home/iiitd/cf_ws/install/crazyflie_py/lib/python3.10/site-packages:/home/iiitd/cf_ws/install/crazyflie_interfaces/local/lib/python3.10/dist-packages:${PYTHONPATH} /usr/bin/python3 -W ignore:setup.py install is deprecated -W ignore:easy_install command is deprecated setup.py develop --editable --build-directory /home/iiitd/cf_ws/build/crazyflie_py/build --no-deps symlink_data
[1.415s] INFO:colcon.colcon_core.shell:Creating environment hook '/home/iiitd/cf_ws/build/crazyflie_py/share/crazyflie_py/hook/pythonpath_develop.ps1'
[1.415s] INFO:colcon.colcon_core.shell:Creating environment descriptor '/home/iiitd/cf_ws/build/crazyflie_py/share/crazyflie_py/hook/pythonpath_develop.dsv'
[1.416s] INFO:colcon.colcon_core.shell:Creating environment hook '/home/iiitd/cf_ws/build/crazyflie_py/share/crazyflie_py/hook/pythonpath_develop.sh'
[1.416s] Level 1:colcon.colcon_core.environment:checking '/home/iiitd/cf_ws/install/crazyflie_py' for CMake module files
[1.416s] Level 1:colcon.colcon_core.environment:checking '/home/iiitd/cf_ws/install/crazyflie_py' for CMake config files
[1.416s] Level 1:colcon.colcon_core.environment:checking '/home/iiitd/cf_ws/install/crazyflie_py/lib'
[1.416s] Level 1:colcon.colcon_core.environment:checking '/home/iiitd/cf_ws/install/crazyflie_py/bin'
[1.416s] Level 1:colcon.colcon_core.environment:checking '/home/iiitd/cf_ws/install/crazyflie_py/lib/pkgconfig/crazyflie_py.pc'
[1.416s] Level 1:colcon.colcon_core.environment:checking '/home/iiitd/cf_ws/install/crazyflie_py/lib/python3.10/site-packages'
[1.416s] Level 1:colcon.colcon_core.shell:create_environment_hook('crazyflie_py', 'pythonpath')
[1.417s] INFO:colcon.colcon_core.shell:Creating environment hook '/home/iiitd/cf_ws/install/crazyflie_py/share/crazyflie_py/hook/pythonpath.ps1'
[1.417s] INFO:colcon.colcon_core.shell:Creating environment descriptor '/home/iiitd/cf_ws/install/crazyflie_py/share/crazyflie_py/hook/pythonpath.dsv'
[1.417s] INFO:colcon.colcon_core.shell:Creating environment hook '/home/iiitd/cf_ws/install/crazyflie_py/share/crazyflie_py/hook/pythonpath.sh'
[1.417s] Level 1:colcon.colcon_core.environment:checking '/home/iiitd/cf_ws/install/crazyflie_py/bin'
[1.417s] Level 1:colcon.colcon_core.environment:create_environment_scripts_only(crazyflie_py)
[1.417s] INFO:colcon.colcon_core.shell:Creating package script '/home/iiitd/cf_ws/install/crazyflie_py/share/crazyflie_py/package.ps1'
[1.418s] INFO:colcon.colcon_core.shell:Creating package descriptor '/home/iiitd/cf_ws/install/crazyflie_py/share/crazyflie_py/package.dsv'
[1.418s] INFO:colcon.colcon_core.shell:Creating package script '/home/iiitd/cf_ws/install/crazyflie_py/share/crazyflie_py/package.sh'
[1.418s] INFO:colcon.colcon_core.shell:Creating package script '/home/iiitd/cf_ws/install/crazyflie_py/share/crazyflie_py/package.bash'
[1.418s] INFO:colcon.colcon_core.shell:Creating package script '/home/iiitd/cf_ws/install/crazyflie_py/share/crazyflie_py/package.zsh'
[1.418s] Level 1:colcon.colcon_core.environment:create_file_with_runtime_dependencies(/home/iiitd/cf_ws/install/crazyflie_py/share/colcon-core/packages/crazyflie_py)
[1.418s] INFO:colcon.colcon_ros.task.ament_cmake.build:Building ROS package in '/home/iiitd/cf_ws/src/crazyswarm2/crazyflie_examples' with build type 'ament_cmake'
[1.419s] INFO:colcon.colcon_cmake.task.cmake.build:Building CMake package in '/home/iiitd/cf_ws/src/crazyswarm2/crazyflie_examples'
[1.419s] INFO:colcon.colcon_core.shell:Skip shell extension 'powershell' for command environment: Not usable outside of PowerShell
[1.419s] DEBUG:colcon.colcon_core.shell:Skip shell extension 'dsv' for command environment
[1.426s] DEBUG:colcon.colcon_core.event_handler.log_command:Invoking command in '/home/iiitd/cf_ws/build/crazyflie_examples': AMENT_PREFIX_PATH=/home/iiitd/cf_ws/install/crazyflie_py:/home/iiitd/cf_ws/install/crazyflie_interfaces:${AMENT_PREFIX_PATH} CMAKE_PREFIX_PATH=/home/iiitd/cf_ws/install/crazyflie_interfaces:/opt/ros/humble LD_LIBRARY_PATH=/home/iiitd/cf_ws/install/crazyflie_interfaces/lib:${LD_LIBRARY_PATH} PYTHONPATH=/home/iiitd/cf_ws/build/crazyflie_py:/home/iiitd/cf_ws/install/crazyflie_py/lib/python3.10/site-packages:/home/iiitd/cf_ws/install/crazyflie_interfaces/local/lib/python3.10/dist-packages:${PYTHONPATH} /usr/bin/cmake --build /home/iiitd/cf_ws/build/crazyflie_examples -- -j28 -l28
[1.618s] DEBUG:colcon.colcon_core.event_handler.log_command:Invoked command in '/home/iiitd/cf_ws/build/crazyflie_examples' returned '0': AMENT_PREFIX_PATH=/home/iiitd/cf_ws/install/crazyflie_py:/home/iiitd/cf_ws/install/crazyflie_interfaces:${AMENT_PREFIX_PATH} CMAKE_PREFIX_PATH=/home/iiitd/cf_ws/install/crazyflie_interfaces:/opt/ros/humble LD_LIBRARY_PATH=/home/iiitd/cf_ws/install/crazyflie_interfaces/lib:${LD_LIBRARY_PATH} PYTHONPATH=/home/iiitd/cf_ws/build/crazyflie_py:/home/iiitd/cf_ws/install/crazyflie_py/lib/python3.10/site-packages:/home/iiitd/cf_ws/install/crazyflie_interfaces/local/lib/python3.10/dist-packages:${PYTHONPATH} /usr/bin/cmake --build /home/iiitd/cf_ws/build/crazyflie_examples -- -j28 -l28
[1.618s] DEBUG:colcon.colcon_core.event_handler.log_command:Invoking command in '/home/iiitd/cf_ws/build/crazyflie_examples': AMENT_PREFIX_PATH=/home/iiitd/cf_ws/install/crazyflie_py:/home/iiitd/cf_ws/install/crazyflie_interfaces:${AMENT_PREFIX_PATH} CMAKE_PREFIX_PATH=/home/iiitd/cf_ws/install/crazyflie_interfaces:/opt/ros/humble LD_LIBRARY_PATH=/home/iiitd/cf_ws/install/crazyflie_interfaces/lib:${LD_LIBRARY_PATH} PYTHONPATH=/home/iiitd/cf_ws/build/crazyflie_py:/home/iiitd/cf_ws/install/crazyflie_py/lib/python3.10/site-packages:/home/iiitd/cf_ws/install/crazyflie_interfaces/local/lib/python3.10/dist-packages:${PYTHONPATH} /usr/bin/cmake --install /home/iiitd/cf_ws/build/crazyflie_examples
[1.655s] Level 1:colcon.colcon_core.environment:create_environment_scripts_only(crazyflie_examples)
[1.655s] Level 1:colcon.colcon_core.environment:checking '/home/iiitd/cf_ws/install/crazyflie_examples' for CMake module files
[1.655s] DEBUG:colcon.colcon_core.event_handler.log_command:Invoked command in '/home/iiitd/cf_ws/build/crazyflie_examples' returned '0': AMENT_PREFIX_PATH=/home/iiitd/cf_ws/install/crazyflie_py:/home/iiitd/cf_ws/install/crazyflie_interfaces:${AMENT_PREFIX_PATH} CMAKE_PREFIX_PATH=/home/iiitd/cf_ws/install/crazyflie_interfaces:/opt/ros/humble LD_LIBRARY_PATH=/home/iiitd/cf_ws/install/crazyflie_interfaces/lib:${LD_LIBRARY_PATH} PYTHONPATH=/home/iiitd/cf_ws/build/crazyflie_py:/home/iiitd/cf_ws/install/crazyflie_py/lib/python3.10/site-packages:/home/iiitd/cf_ws/install/crazyflie_interfaces/local/lib/python3.10/dist-packages:${PYTHONPATH} /usr/bin/cmake --install /home/iiitd/cf_ws/build/crazyflie_examples
[1.656s] Level 1:colcon.colcon_core.environment:checking '/home/iiitd/cf_ws/install/crazyflie_examples' for CMake config files
[1.656s] Level 1:colcon.colcon_core.shell:create_environment_hook('crazyflie_examples', 'cmake_prefix_path')
[1.657s] INFO:colcon.colcon_core.shell:Creating environment hook '/home/iiitd/cf_ws/install/crazyflie_examples/share/crazyflie_examples/hook/cmake_prefix_path.ps1'
[1.657s] INFO:colcon.colcon_core.shell:Creating environment descriptor '/home/iiitd/cf_ws/install/crazyflie_examples/share/crazyflie_examples/hook/cmake_prefix_path.dsv'
[1.657s] INFO:colcon.colcon_core.shell:Creating environment hook '/home/iiitd/cf_ws/install/crazyflie_examples/share/crazyflie_examples/hook/cmake_prefix_path.sh'
[1.658s] Level 1:colcon.colcon_core.environment:checking '/home/iiitd/cf_ws/install/crazyflie_examples/lib'
[1.658s] Level 1:colcon.colcon_core.environment:checking '/home/iiitd/cf_ws/install/crazyflie_examples/bin'
[1.658s] Level 1:colcon.colcon_core.environment:checking '/home/iiitd/cf_ws/install/crazyflie_examples/lib/pkgconfig/crazyflie_examples.pc'
[1.658s] Level 1:colcon.colcon_core.environment:checking '/home/iiitd/cf_ws/install/crazyflie_examples/lib/python3.10/site-packages'
[1.658s] Level 1:colcon.colcon_core.environment:checking '/home/iiitd/cf_ws/install/crazyflie_examples/bin'
[1.658s] INFO:colcon.colcon_core.shell:Creating package script '/home/iiitd/cf_ws/install/crazyflie_examples/share/crazyflie_examples/package.ps1'
[1.659s] INFO:colcon.colcon_core.shell:Creating package descriptor '/home/iiitd/cf_ws/install/crazyflie_examples/share/crazyflie_examples/package.dsv'
[1.659s] INFO:colcon.colcon_core.shell:Creating package script '/home/iiitd/cf_ws/install/crazyflie_examples/share/crazyflie_examples/package.sh'
[1.659s] INFO:colcon.colcon_core.shell:Creating package script '/home/iiitd/cf_ws/install/crazyflie_examples/share/crazyflie_examples/package.bash'
[1.659s] INFO:colcon.colcon_core.shell:Creating package script '/home/iiitd/cf_ws/install/crazyflie_examples/share/crazyflie_examples/package.zsh'
[1.659s] Level 1:colcon.colcon_core.environment:create_file_with_runtime_dependencies(/home/iiitd/cf_ws/install/crazyflie_examples/share/colcon-core/packages/crazyflie_examples)
[1.660s] Level 1:colcon.colcon_core.environment:create_environment_scripts_only(crazyflie_examples)
[1.660s] Level 1:colcon.colcon_core.environment:checking '/home/iiitd/cf_ws/install/crazyflie_examples' for CMake module files
[1.660s] Level 1:colcon.colcon_core.environment:checking '/home/iiitd/cf_ws/install/crazyflie_examples' for CMake config files
[1.660s] Level 1:colcon.colcon_core.shell:create_environment_hook('crazyflie_examples', 'cmake_prefix_path')
[1.660s] INFO:colcon.colcon_core.shell:Creating environment hook '/home/iiitd/cf_ws/install/crazyflie_examples/share/crazyflie_examples/hook/cmake_prefix_path.ps1'
[1.660s] INFO:colcon.colcon_core.shell:Creating environment descriptor '/home/iiitd/cf_ws/install/crazyflie_examples/share/crazyflie_examples/hook/cmake_prefix_path.dsv'
[1.660s] INFO:colcon.colcon_core.shell:Creating environment hook '/home/iiitd/cf_ws/install/crazyflie_examples/share/crazyflie_examples/hook/cmake_prefix_path.sh'
[1.661s] Level 1:colcon.colcon_core.environment:checking '/home/iiitd/cf_ws/install/crazyflie_examples/lib'
[1.661s] Level 1:colcon.colcon_core.environment:checking '/home/iiitd/cf_ws/install/crazyflie_examples/bin'
[1.661s] Level 1:colcon.colcon_core.environment:checking '/home/iiitd/cf_ws/install/crazyflie_examples/lib/pkgconfig/crazyflie_examples.pc'
[1.661s] Level 1:colcon.colcon_core.environment:checking '/home/iiitd/cf_ws/install/crazyflie_examples/lib/python3.10/site-packages'
[1.661s] Level 1:colcon.colcon_core.environment:checking '/home/iiitd/cf_ws/install/crazyflie_examples/bin'
[1.661s] INFO:colcon.colcon_core.shell:Creating package script '/home/iiitd/cf_ws/install/crazyflie_examples/share/crazyflie_examples/package.ps1'
[1.661s] INFO:colcon.colcon_core.shell:Creating package descriptor '/home/iiitd/cf_ws/install/crazyflie_examples/share/crazyflie_examples/package.dsv'
[1.662s] INFO:colcon.colcon_core.shell:Creating package script '/home/iiitd/cf_ws/install/crazyflie_examples/share/crazyflie_examples/package.sh'
[1.662s] INFO:colcon.colcon_core.shell:Creating package script '/home/iiitd/cf_ws/install/crazyflie_examples/share/crazyflie_examples/package.bash'
[1.662s] INFO:colcon.colcon_core.shell:Creating package script '/home/iiitd/cf_ws/install/crazyflie_examples/share/crazyflie_examples/package.zsh'
[1.662s] Level 1:colcon.colcon_core.environment:create_file_with_runtime_dependencies(/home/iiitd/cf_ws/install/crazyflie_examples/share/colcon-core/packages/crazyflie_examples)
[1.662s] DEBUG:colcon.colcon_parallel_executor.executor.parallel:closing loop
[1.662s] DEBUG:colcon.colcon_parallel_executor.executor.parallel:loop closed
[1.662s] DEBUG:colcon.colcon_parallel_executor.executor.parallel:run_until_complete finished with '0'
[1.662s] DEBUG:colcon.colcon_core.event_reactor:joining thread
[1.665s] INFO:colcon.colcon_core.plugin_system:Skipping extension 'colcon_notification.desktop_notification.terminal_notifier': Not used on non-Darwin systems
[1.665s] INFO:colcon.colcon_core.plugin_system:Skipping extension 'colcon_notification.desktop_notification.win32': Not used on non-Windows systems
[1.665s] INFO:colcon.colcon_notification.desktop_notification:Sending desktop notification using 'notify2'
[1.672s] DEBUG:colcon.colcon_core.event_reactor:joined thread
[1.672s] INFO:colcon.colcon_core.shell:Creating prefix script '/home/iiitd/cf_ws/install/local_setup.ps1'
[1.673s] INFO:colcon.colcon_core.shell:Creating prefix util module '/home/iiitd/cf_ws/install/_local_setup_util_ps1.py'
[1.674s] INFO:colcon.colcon_core.shell:Creating prefix chain script '/home/iiitd/cf_ws/install/setup.ps1'
[1.674s] INFO:colcon.colcon_core.shell:Creating prefix script '/home/iiitd/cf_ws/install/local_setup.sh'
[1.674s] INFO:colcon.colcon_core.shell:Creating prefix util module '/home/iiitd/cf_ws/install/_local_setup_util_sh.py'
[1.675s] INFO:colcon.colcon_core.shell:Creating prefix chain script '/home/iiitd/cf_ws/install/setup.sh'
[1.675s] INFO:colcon.colcon_core.shell:Creating prefix script '/home/iiitd/cf_ws/install/local_setup.bash'
[1.675s] INFO:colcon.colcon_core.shell:Creating prefix chain script '/home/iiitd/cf_ws/install/setup.bash'
[1.676s] INFO:colcon.colcon_core.shell:Creating prefix script '/home/iiitd/cf_ws/install/local_setup.zsh'
[1.676s] INFO:colcon.colcon_core.shell:Creating prefix chain script '/home/iiitd/cf_ws/install/setup.zsh'
