[0.000000] (-) TimerEvent: {}
[0.000139] (crazyflie_description) JobQueued: {'identifier': 'crazyflie_description', 'dependencies': OrderedDict()}
[0.000171] (crazyflie_interfaces) JobQueued: {'identifier': 'crazyflie_interfaces', 'dependencies': OrderedDict()}
[0.000188] (crazyflie) JobQueued: {'identifier': 'crazyflie', 'dependencies': OrderedDict([('crazyflie_description', '/home/iiitd/cf_ws/install/crazyflie_description'), ('crazyflie_interfaces', '/home/iiitd/cf_ws/install/crazyflie_interfaces')])}
[0.000207] (crazyflie_py) JobQueued: {'identifier': 'crazyflie_py', 'dependencies': OrderedDict([('crazyflie_interfaces', '/home/iiitd/cf_ws/install/crazyflie_interfaces')])}
[0.000244] (crazyflie_server_py) JobQueued: {'identifier': 'crazyflie_server_py', 'dependencies': OrderedDict([('crazyflie_interfaces', '/home/iiitd/cf_ws/install/crazyflie_interfaces')])}
[0.000255] (crazyflie_sim) JobQueued: {'identifier': 'crazyflie_sim', 'dependencies': OrderedDict([('crazyflie_interfaces', '/home/iiitd/cf_ws/install/crazyflie_interfaces')])}
[0.000263] (crazyflie_examples) JobQueued: {'identifier': 'crazyflie_examples', 'dependencies': OrderedDict([('crazyflie_interfaces', '/home/iiitd/cf_ws/install/crazyflie_interfaces'), ('crazyflie_py', '/home/iiitd/cf_ws/install/crazyflie_py')])}
[0.000270] (crazyflie_interfaces) JobStarted: {'identifier': 'crazyflie_interfaces'}
[0.002593] (crazyflie_description) JobStarted: {'identifier': 'crazyflie_description'}
[0.004278] (crazyflie_interfaces) JobProgress: {'identifier': 'crazyflie_interfaces', 'progress': 'cmake'}
[0.004413] (crazyflie_interfaces) Command: {'cmd': ['/usr/bin/cmake', '/home/iiitd/cf_ws/src/crazyswarm2/crazyflie_interfaces', '-DAMENT_CMAKE_SYMLINK_INSTALL=1', '-DCMAKE_INSTALL_PREFIX=/home/iiitd/cf_ws/install/crazyflie_interfaces'], 'cwd': '/home/iiitd/cf_ws/build/crazyflie_interfaces', 'env': OrderedDict([('LESSOPEN', '| /usr/bin/lesspipe %s'), ('LANGUAGE', 'en_IN:en'), ('USER', 'iiitd'), ('XDG_SESSION_TYPE', 'wayland'), ('SHLVL', '1'), ('LD_LIBRARY_PATH', '/usr/lib/x86_64-linux-gnu/gazebo-11/plugins:/opt/ros/humble/opt/rviz_ogre_vendor/lib:/opt/ros/humble/lib/x86_64-linux-gnu:/opt/ros/humble/lib'), ('HOME', '/home/iiitd'), ('OLDPWD', '/home/iiitd/cf_ws/src'), ('DESKTOP_SESSION', 'ubuntu'), ('ROS_PYTHON_VERSION', '3'), ('GNOME_SHELL_SESSION_MODE', 'ubuntu'), ('GTK_MODULES', 'gail:atk-bridge'), ('SYSTEMD_EXEC_PID', '2764'), ('DBUS_SESSION_BUS_ADDRESS', 'unix:path=/run/user/1000/bus'), ('COLORTERM', 'truecolor'), ('IM_CONFIG_PHASE', '1'), ('WAYLAND_DISPLAY', 'wayland-0'), ('ROS_DISTRO', 'humble'), ('LOGNAME', 'iiitd'), ('SUMO_HOME', '/usr/share/sumo'), ('_', '/usr/bin/colcon'), ('ROS_VERSION', '2'), ('XDG_SESSION_CLASS', 'user'), ('USERNAME', 'iiitd'), ('TERM', 'xterm-256color'), ('GAZEBO_MODEL_PATH', ':/home/iiitd/ros2_ws/install/sjtu_drone_description/share/sjtu_drone_description/models:/home/iiitd/ros2_ws/install/sjtu_drone_description/share/sjtu_drone_description/models'), ('GNOME_DESKTOP_SESSION_ID', 'this-is-deprecated'), ('ROS_LOCALHOST_ONLY', '0'), ('PATH', '/home/iiitd/.opencode/bin:/opt/ros/humble/bin:/home/iiitd/.local/bin:/usr/local/sbin:/usr/local/bin:/usr/sbin:/usr/bin:/sbin:/bin:/usr/games:/usr/local/games:/snap/bin:/snap/bin:/home/iiitd/.local/bin'), ('SESSION_MANAGER', 'local/iiitd-MS-7E02:@/tmp/.ICE-unix/2735,unix/iiitd-MS-7E02:/tmp/.ICE-unix/2735'), ('XDG_MENU_PREFIX', 'gnome-'), ('GNOME_TERMINAL_SCREEN', '/org/gnome/Terminal/screen/50fbead3_129e_4ecf_a85f_7ef6b72954ad'), ('GNOME_SETUP_DISPLAY', ':1'), ('XDG_RUNTIME_DIR', '/run/user/1000'), ('DISPLAY', ':0'), ('LANG', 'en_US.UTF-8'), ('XDG_CURRENT_DESKTOP', 'ubuntu:GNOME'), ('XMODIFIERS', '@im=ibus'), ('XDG_SESSION_DESKTOP', 'ubuntu'), ('XAUTHORITY', '/run/user/1000/.mutter-Xwaylandauth.EEOWS3'), ('LS_COLORS', 'rs=0:di=01;34:ln=01;36:mh=00:pi=40;33:so=01;35:do=01;35:bd=40;33;01:cd=40;33;01:or=40;31;01:mi=00:su=37;41:sg=30;43:ca=30;41:tw=30;42:ow=34;42:st=37;44:ex=01;32:*.tar=01;31:*.tgz=01;31:*.arc=01;31:*.arj=01;31:*.taz=01;31:*.lha=01;31:*.lz4=01;31:*.lzh=01;31:*.lzma=01;31:*.tlz=01;31:*.txz=01;31:*.tzo=01;31:*.t7z=01;31:*.zip=01;31:*.z=01;31:*.dz=01;31:*.gz=01;31:*.lrz=01;31:*.lz=01;31:*.lzo=01;31:*.xz=01;31:*.zst=01;31:*.tzst=01;31:*.bz2=01;31:*.bz=01;31:*.tbz=01;31:*.tbz2=01;31:*.tz=01;31:*.deb=01;31:*.rpm=01;31:*.jar=01;31:*.war=01;31:*.ear=01;31:*.sar=01;31:*.rar=01;31:*.alz=01;31:*.ace=01;31:*.zoo=01;31:*.cpio=01;31:*.7z=01;31:*.rz=01;31:*.cab=01;31:*.wim=01;31:*.swm=01;31:*.dwm=01;31:*.esd=01;31:*.jpg=01;35:*.jpeg=01;35:*.mjpg=01;35:*.mjpeg=01;35:*.gif=01;35:*.bmp=01;35:*.pbm=01;35:*.pgm=01;35:*.ppm=01;35:*.tga=01;35:*.xbm=01;35:*.xpm=01;35:*.tif=01;35:*.tiff=01;35:*.png=01;35:*.svg=01;35:*.svgz=01;35:*.mng=01;35:*.pcx=01;35:*.mov=01;35:*.mpg=01;35:*.mpeg=01;35:*.m2v=01;35:*.mkv=01;35:*.webm=01;35:*.webp=01;35:*.ogm=01;35:*.mp4=01;35:*.m4v=01;35:*.mp4v=01;35:*.vob=01;35:*.qt=01;35:*.nuv=01;35:*.wmv=01;35:*.asf=01;35:*.rm=01;35:*.rmvb=01;35:*.flc=01;35:*.avi=01;35:*.fli=01;35:*.flv=01;35:*.gl=01;35:*.dl=01;35:*.xcf=01;35:*.xwd=01;35:*.yuv=01;35:*.cgm=01;35:*.emf=01;35:*.ogv=01;35:*.ogx=01;35:*.aac=00;36:*.au=00;36:*.flac=00;36:*.m4a=00;36:*.mid=00;36:*.midi=00;36:*.mka=00;36:*.mp3=00;36:*.mpc=00;36:*.ogg=00;36:*.ra=00;36:*.wav=00;36:*.oga=00;36:*.opus=00;36:*.spx=00;36:*.xspf=00;36:'), ('GNOME_TERMINAL_SERVICE', ':1.215'), ('SSH_AGENT_LAUNCHER', 'gnome-keyring'), ('SSH_AUTH_SOCK', '/run/user/1000/keyring/ssh'), ('AMENT_PREFIX_PATH', '/opt/ros/humble'), ('SHELL', '/bin/bash'), ('QT_ACCESSIBILITY', '1'), ('GDMSESSION', 'ubuntu'), ('LESSCLOSE', '/usr/bin/lesspipe %s %s'), ('QT_IM_MODULE', 'ibus'), ('PWD', '/home/iiitd/cf_ws/build/crazyflie_interfaces'), ('TURTLEBOT3_MODEL', 'burger'), ('LC_ALL', 'en_US.UTF-8'), ('XDG_CONFIG_DIRS', '/etc/xdg/xdg-ubuntu:/etc/xdg'), ('GAZEBO_PLUGIN_PATH', ':/home/iiitd/ros2_ws/install/sjtu_drone_description/lib:/home/iiitd/ros2_ws/install/sjtu_drone_description/lib'), ('XDG_DATA_DIRS', '/usr/share/ubuntu:/usr/local/share/:/usr/share/:/var/lib/snapd/desktop'), ('PYTHONPATH', '/opt/ros/humble/lib/python3.10/site-packages:/opt/ros/humble/local/lib/python3.10/dist-packages'), ('COLCON', '1'), ('VTE_VERSION', '6800'), ('CMAKE_PREFIX_PATH', '/opt/ros/humble')]), 'shell': False}
[0.005786] (crazyflie_description) JobProgress: {'identifier': 'crazyflie_description', 'progress': 'cmake'}
[0.006005] (crazyflie_description) Command: {'cmd': ['/usr/bin/cmake', '/home/iiitd/cf_ws/src/crazyswarm2/crazyflie_description', '-DAMENT_CMAKE_SYMLINK_INSTALL=1', '-DCMAKE_INSTALL_PREFIX=/home/iiitd/cf_ws/install/crazyflie_description'], 'cwd': '/home/iiitd/cf_ws/build/crazyflie_description', 'env': OrderedDict([('LESSOPEN', '| /usr/bin/lesspipe %s'), ('LANGUAGE', 'en_IN:en'), ('USER', 'iiitd'), ('XDG_SESSION_TYPE', 'wayland'), ('SHLVL', '1'), ('LD_LIBRARY_PATH', '/usr/lib/x86_64-linux-gnu/gazebo-11/plugins:/opt/ros/humble/opt/rviz_ogre_vendor/lib:/opt/ros/humble/lib/x86_64-linux-gnu:/opt/ros/humble/lib'), ('HOME', '/home/iiitd'), ('OLDPWD', '/home/iiitd/cf_ws/src'), ('DESKTOP_SESSION', 'ubuntu'), ('ROS_PYTHON_VERSION', '3'), ('GNOME_SHELL_SESSION_MODE', 'ubuntu'), ('GTK_MODULES', 'gail:atk-bridge'), ('SYSTEMD_EXEC_PID', '2764'), ('DBUS_SESSION_BUS_ADDRESS', 'unix:path=/run/user/1000/bus'), ('COLORTERM', 'truecolor'), ('IM_CONFIG_PHASE', '1'), ('WAYLAND_DISPLAY', 'wayland-0'), ('ROS_DISTRO', 'humble'), ('LOGNAME', 'iiitd'), ('SUMO_HOME', '/usr/share/sumo'), ('_', '/usr/bin/colcon'), ('ROS_VERSION', '2'), ('XDG_SESSION_CLASS', 'user'), ('USERNAME', 'iiitd'), ('TERM', 'xterm-256color'), ('GAZEBO_MODEL_PATH', ':/home/iiitd/ros2_ws/install/sjtu_drone_description/share/sjtu_drone_description/models:/home/iiitd/ros2_ws/install/sjtu_drone_description/share/sjtu_drone_description/models'), ('GNOME_DESKTOP_SESSION_ID', 'this-is-deprecated'), ('ROS_LOCALHOST_ONLY', '0'), ('PATH', '/home/iiitd/.opencode/bin:/opt/ros/humble/bin:/home/iiitd/.local/bin:/usr/local/sbin:/usr/local/bin:/usr/sbin:/usr/bin:/sbin:/bin:/usr/games:/usr/local/games:/snap/bin:/snap/bin:/home/iiitd/.local/bin'), ('SESSION_MANAGER', 'local/iiitd-MS-7E02:@/tmp/.ICE-unix/2735,unix/iiitd-MS-7E02:/tmp/.ICE-unix/2735'), ('XDG_MENU_PREFIX', 'gnome-'), ('GNOME_TERMINAL_SCREEN', '/org/gnome/Terminal/screen/50fbead3_129e_4ecf_a85f_7ef6b72954ad'), ('GNOME_SETUP_DISPLAY', ':1'), ('XDG_RUNTIME_DIR', '/run/user/1000'), ('DISPLAY', ':0'), ('LANG', 'en_US.UTF-8'), ('XDG_CURRENT_DESKTOP', 'ubuntu:GNOME'), ('XMODIFIERS', '@im=ibus'), ('XDG_SESSION_DESKTOP', 'ubuntu'), ('XAUTHORITY', '/run/user/1000/.mutter-Xwaylandauth.EEOWS3'), ('LS_COLORS', 'rs=0:di=01;34:ln=01;36:mh=00:pi=40;33:so=01;35:do=01;35:bd=40;33;01:cd=40;33;01:or=40;31;01:mi=00:su=37;41:sg=30;43:ca=30;41:tw=30;42:ow=34;42:st=37;44:ex=01;32:*.tar=01;31:*.tgz=01;31:*.arc=01;31:*.arj=01;31:*.taz=01;31:*.lha=01;31:*.lz4=01;31:*.lzh=01;31:*.lzma=01;31:*.tlz=01;31:*.txz=01;31:*.tzo=01;31:*.t7z=01;31:*.zip=01;31:*.z=01;31:*.dz=01;31:*.gz=01;31:*.lrz=01;31:*.lz=01;31:*.lzo=01;31:*.xz=01;31:*.zst=01;31:*.tzst=01;31:*.bz2=01;31:*.bz=01;31:*.tbz=01;31:*.tbz2=01;31:*.tz=01;31:*.deb=01;31:*.rpm=01;31:*.jar=01;31:*.war=01;31:*.ear=01;31:*.sar=01;31:*.rar=01;31:*.alz=01;31:*.ace=01;31:*.zoo=01;31:*.cpio=01;31:*.7z=01;31:*.rz=01;31:*.cab=01;31:*.wim=01;31:*.swm=01;31:*.dwm=01;31:*.esd=01;31:*.jpg=01;35:*.jpeg=01;35:*.mjpg=01;35:*.mjpeg=01;35:*.gif=01;35:*.bmp=01;35:*.pbm=01;35:*.pgm=01;35:*.ppm=01;35:*.tga=01;35:*.xbm=01;35:*.xpm=01;35:*.tif=01;35:*.tiff=01;35:*.png=01;35:*.svg=01;35:*.svgz=01;35:*.mng=01;35:*.pcx=01;35:*.mov=01;35:*.mpg=01;35:*.mpeg=01;35:*.m2v=01;35:*.mkv=01;35:*.webm=01;35:*.webp=01;35:*.ogm=01;35:*.mp4=01;35:*.m4v=01;35:*.mp4v=01;35:*.vob=01;35:*.qt=01;35:*.nuv=01;35:*.wmv=01;35:*.asf=01;35:*.rm=01;35:*.rmvb=01;35:*.flc=01;35:*.avi=01;35:*.fli=01;35:*.flv=01;35:*.gl=01;35:*.dl=01;35:*.xcf=01;35:*.xwd=01;35:*.yuv=01;35:*.cgm=01;35:*.emf=01;35:*.ogv=01;35:*.ogx=01;35:*.aac=00;36:*.au=00;36:*.flac=00;36:*.m4a=00;36:*.mid=00;36:*.midi=00;36:*.mka=00;36:*.mp3=00;36:*.mpc=00;36:*.ogg=00;36:*.ra=00;36:*.wav=00;36:*.oga=00;36:*.opus=00;36:*.spx=00;36:*.xspf=00;36:'), ('GNOME_TERMINAL_SERVICE', ':1.215'), ('SSH_AGENT_LAUNCHER', 'gnome-keyring'), ('SSH_AUTH_SOCK', '/run/user/1000/keyring/ssh'), ('AMENT_PREFIX_PATH', '/opt/ros/humble'), ('SHELL', '/bin/bash'), ('QT_ACCESSIBILITY', '1'), ('GDMSESSION', 'ubuntu'), ('LESSCLOSE', '/usr/bin/lesspipe %s %s'), ('QT_IM_MODULE', 'ibus'), ('PWD', '/home/iiitd/cf_ws/build/crazyflie_description'), ('TURTLEBOT3_MODEL', 'burger'), ('LC_ALL', 'en_US.UTF-8'), ('XDG_CONFIG_DIRS', '/etc/xdg/xdg-ubuntu:/etc/xdg'), ('GAZEBO_PLUGIN_PATH', ':/home/iiitd/ros2_ws/install/sjtu_drone_description/lib:/home/iiitd/ros2_ws/install/sjtu_drone_description/lib'), ('XDG_DATA_DIRS', '/usr/share/ubuntu:/usr/local/share/:/usr/share/:/var/lib/snapd/desktop'), ('PYTHONPATH', '/opt/ros/humble/lib/python3.10/site-packages:/opt/ros/humble/local/lib/python3.10/dist-packages'), ('COLCON', '1'), ('VTE_VERSION', '6800'), ('CMAKE_PREFIX_PATH', '/opt/ros/humble')]), 'shell': False}
[0.073826] (crazyflie_interfaces) StdoutLine: {'line': b'-- The C compiler identification is GNU 11.4.0\n'}
[0.074786] (crazyflie_description) StdoutLine: {'line': b'-- The C compiler identification is GNU 11.4.0\n'}
[0.099568] (-) TimerEvent: {}
[0.137265] (crazyflie_description) StdoutLine: {'line': b'-- The CXX compiler identification is GNU 11.4.0\n'}
[0.138026] (crazyflie_interfaces) StdoutLine: {'line': b'-- The CXX compiler identification is GNU 11.4.0\n'}
[0.145229] (crazyflie_interfaces) StdoutLine: {'line': b'-- Detecting C compiler ABI info\n'}
[0.145259] (crazyflie_description) StdoutLine: {'line': b'-- Detecting C compiler ABI info\n'}
[0.185010] (crazyflie_description) StdoutLine: {'line': b'-- Detecting C compiler ABI info - done\n'}
[0.187701] (crazyflie_interfaces) StdoutLine: {'line': b'-- Detecting C compiler ABI info - done\n'}
[0.188726] (crazyflie_description) StdoutLine: {'line': b'-- Check for working C compiler: /usr/bin/cc - skipped\n'}
[0.189010] (crazyflie_description) StdoutLine: {'line': b'-- Detecting C compile features\n'}
[0.189329] (crazyflie_description) StdoutLine: {'line': b'-- Detecting C compile features - done\n'}
[0.191586] (crazyflie_interfaces) StdoutLine: {'line': b'-- Check for working C compiler: /usr/bin/cc - skipped\n'}
[0.191686] (crazyflie_interfaces) StdoutLine: {'line': b'-- Detecting C compile features\n'}
[0.191708] (crazyflie_description) StdoutLine: {'line': b'-- Detecting CXX compiler ABI info\n'}
[0.191848] (crazyflie_interfaces) StdoutLine: {'line': b'-- Detecting C compile features - done\n'}
[0.193325] (crazyflie_interfaces) StdoutLine: {'line': b'-- Detecting CXX compiler ABI info\n'}
[0.199651] (-) TimerEvent: {}
[0.240380] (crazyflie_interfaces) StdoutLine: {'line': b'-- Detecting CXX compiler ABI info - done\n'}
[0.240485] (crazyflie_description) StdoutLine: {'line': b'-- Detecting CXX compiler ABI info - done\n'}
[0.246279] (crazyflie_interfaces) StdoutLine: {'line': b'-- Check for working CXX compiler: /usr/bin/c++ - skipped\n'}
[0.246307] (crazyflie_description) StdoutLine: {'line': b'-- Check for working CXX compiler: /usr/bin/c++ - skipped\n'}
[0.246444] (crazyflie_interfaces) StdoutLine: {'line': b'-- Detecting CXX compile features\n'}
[0.246478] (crazyflie_description) StdoutLine: {'line': b'-- Detecting CXX compile features\n'}
[0.246810] (crazyflie_interfaces) StdoutLine: {'line': b'-- Detecting CXX compile features - done\n'}
[0.246830] (crazyflie_description) StdoutLine: {'line': b'-- Detecting CXX compile features - done\n'}
[0.249002] (crazyflie_description) StdoutLine: {'line': b'-- Found ament_cmake: 1.3.14 (/opt/ros/humble/share/ament_cmake/cmake)\n'}
[0.249060] (crazyflie_interfaces) StdoutLine: {'line': b'-- Found ament_cmake: 1.3.14 (/opt/ros/humble/share/ament_cmake/cmake)\n'}
[0.299751] (-) TimerEvent: {}
[0.337500] (crazyflie_interfaces) StdoutLine: {'line': b'-- Found Python3: /usr/bin/python3 (found version "3.10.12") found components: Interpreter \n'}
[0.341675] (crazyflie_description) StdoutLine: {'line': b'-- Found Python3: /usr/bin/python3 (found version "3.10.12") found components: Interpreter \n'}
[0.370030] (crazyflie_interfaces) StdoutLine: {'line': b'-- Override CMake install command with custom implementation using symlinks instead of copying resources\n'}
[0.371471] (crazyflie_description) StdoutLine: {'line': b'-- Override CMake install command with custom implementation using symlinks instead of copying resources\n'}
[0.390042] (crazyflie_interfaces) StdoutLine: {'line': b'-- Found builtin_interfaces: 1.2.3 (/opt/ros/humble/share/builtin_interfaces/cmake)\n'}
[0.399796] (-) TimerEvent: {}
[0.414556] (crazyflie_interfaces) StdoutLine: {'line': b'-- Found rosidl_generator_c: 3.1.9 (/opt/ros/humble/share/rosidl_generator_c/cmake)\n'}
[0.418120] (crazyflie_interfaces) StdoutLine: {'line': b'-- Found rosidl_adapter: 3.1.9 (/opt/ros/humble/share/rosidl_adapter/cmake)\n'}
[0.421240] (crazyflie_description) StdoutLine: {'line': b'-- Configuring done\n'}
[0.422237] (crazyflie_description) StdoutLine: {'line': b'-- Generating done\n'}
[0.422741] (crazyflie_description) StdoutLine: {'line': b'-- Build files have been written to: /home/iiitd/cf_ws/build/crazyflie_description\n'}
[0.424323] (crazyflie_interfaces) StdoutLine: {'line': b'-- Found rosidl_generator_cpp: 3.1.9 (/opt/ros/humble/share/rosidl_generator_cpp/cmake)\n'}
[0.425037] (crazyflie_description) CommandEnded: {'returncode': 0}
[0.425409] (crazyflie_description) JobProgress: {'identifier': 'crazyflie_description', 'progress': 'build'}
[0.426028] (crazyflie_description) Command: {'cmd': ['/usr/bin/cmake', '--build', '/home/iiitd/cf_ws/build/crazyflie_description', '--', '-j28', '-l28'], 'cwd': '/home/iiitd/cf_ws/build/crazyflie_description', 'env': OrderedDict([('LESSOPEN', '| /usr/bin/lesspipe %s'), ('LANGUAGE', 'en_IN:en'), ('USER', 'iiitd'), ('XDG_SESSION_TYPE', 'wayland'), ('SHLVL', '1'), ('LD_LIBRARY_PATH', '/usr/lib/x86_64-linux-gnu/gazebo-11/plugins:/opt/ros/humble/opt/rviz_ogre_vendor/lib:/opt/ros/humble/lib/x86_64-linux-gnu:/opt/ros/humble/lib'), ('HOME', '/home/iiitd'), ('OLDPWD', '/home/iiitd/cf_ws/src'), ('DESKTOP_SESSION', 'ubuntu'), ('ROS_PYTHON_VERSION', '3'), ('GNOME_SHELL_SESSION_MODE', 'ubuntu'), ('GTK_MODULES', 'gail:atk-bridge'), ('SYSTEMD_EXEC_PID', '2764'), ('DBUS_SESSION_BUS_ADDRESS', 'unix:path=/run/user/1000/bus'), ('COLORTERM', 'truecolor'), ('IM_CONFIG_PHASE', '1'), ('WAYLAND_DISPLAY', 'wayland-0'), ('ROS_DISTRO', 'humble'), ('LOGNAME', 'iiitd'), ('SUMO_HOME', '/usr/share/sumo'), ('_', '/usr/bin/colcon'), ('ROS_VERSION', '2'), ('XDG_SESSION_CLASS', 'user'), ('USERNAME', 'iiitd'), ('TERM', 'xterm-256color'), ('GAZEBO_MODEL_PATH', ':/home/iiitd/ros2_ws/install/sjtu_drone_description/share/sjtu_drone_description/models:/home/iiitd/ros2_ws/install/sjtu_drone_description/share/sjtu_drone_description/models'), ('GNOME_DESKTOP_SESSION_ID', 'this-is-deprecated'), ('ROS_LOCALHOST_ONLY', '0'), ('PATH', '/home/iiitd/.opencode/bin:/opt/ros/humble/bin:/home/iiitd/.local/bin:/usr/local/sbin:/usr/local/bin:/usr/sbin:/usr/bin:/sbin:/bin:/usr/games:/usr/local/games:/snap/bin:/snap/bin:/home/iiitd/.local/bin'), ('SESSION_MANAGER', 'local/iiitd-MS-7E02:@/tmp/.ICE-unix/2735,unix/iiitd-MS-7E02:/tmp/.ICE-unix/2735'), ('XDG_MENU_PREFIX', 'gnome-'), ('GNOME_TERMINAL_SCREEN', '/org/gnome/Terminal/screen/50fbead3_129e_4ecf_a85f_7ef6b72954ad'), ('GNOME_SETUP_DISPLAY', ':1'), ('XDG_RUNTIME_DIR', '/run/user/1000'), ('DISPLAY', ':0'), ('LANG', 'en_US.UTF-8'), ('XDG_CURRENT_DESKTOP', 'ubuntu:GNOME'), ('XMODIFIERS', '@im=ibus'), ('XDG_SESSION_DESKTOP', 'ubuntu'), ('XAUTHORITY', '/run/user/1000/.mutter-Xwaylandauth.EEOWS3'), ('LS_COLORS', 'rs=0:di=01;34:ln=01;36:mh=00:pi=40;33:so=01;35:do=01;35:bd=40;33;01:cd=40;33;01:or=40;31;01:mi=00:su=37;41:sg=30;43:ca=30;41:tw=30;42:ow=34;42:st=37;44:ex=01;32:*.tar=01;31:*.tgz=01;31:*.arc=01;31:*.arj=01;31:*.taz=01;31:*.lha=01;31:*.lz4=01;31:*.lzh=01;31:*.lzma=01;31:*.tlz=01;31:*.txz=01;31:*.tzo=01;31:*.t7z=01;31:*.zip=01;31:*.z=01;31:*.dz=01;31:*.gz=01;31:*.lrz=01;31:*.lz=01;31:*.lzo=01;31:*.xz=01;31:*.zst=01;31:*.tzst=01;31:*.bz2=01;31:*.bz=01;31:*.tbz=01;31:*.tbz2=01;31:*.tz=01;31:*.deb=01;31:*.rpm=01;31:*.jar=01;31:*.war=01;31:*.ear=01;31:*.sar=01;31:*.rar=01;31:*.alz=01;31:*.ace=01;31:*.zoo=01;31:*.cpio=01;31:*.7z=01;31:*.rz=01;31:*.cab=01;31:*.wim=01;31:*.swm=01;31:*.dwm=01;31:*.esd=01;31:*.jpg=01;35:*.jpeg=01;35:*.mjpg=01;35:*.mjpeg=01;35:*.gif=01;35:*.bmp=01;35:*.pbm=01;35:*.pgm=01;35:*.ppm=01;35:*.tga=01;35:*.xbm=01;35:*.xpm=01;35:*.tif=01;35:*.tiff=01;35:*.png=01;35:*.svg=01;35:*.svgz=01;35:*.mng=01;35:*.pcx=01;35:*.mov=01;35:*.mpg=01;35:*.mpeg=01;35:*.m2v=01;35:*.mkv=01;35:*.webm=01;35:*.webp=01;35:*.ogm=01;35:*.mp4=01;35:*.m4v=01;35:*.mp4v=01;35:*.vob=01;35:*.qt=01;35:*.nuv=01;35:*.wmv=01;35:*.asf=01;35:*.rm=01;35:*.rmvb=01;35:*.flc=01;35:*.avi=01;35:*.fli=01;35:*.flv=01;35:*.gl=01;35:*.dl=01;35:*.xcf=01;35:*.xwd=01;35:*.yuv=01;35:*.cgm=01;35:*.emf=01;35:*.ogv=01;35:*.ogx=01;35:*.aac=00;36:*.au=00;36:*.flac=00;36:*.m4a=00;36:*.mid=00;36:*.midi=00;36:*.mka=00;36:*.mp3=00;36:*.mpc=00;36:*.ogg=00;36:*.ra=00;36:*.wav=00;36:*.oga=00;36:*.opus=00;36:*.spx=00;36:*.xspf=00;36:'), ('GNOME_TERMINAL_SERVICE', ':1.215'), ('SSH_AGENT_LAUNCHER', 'gnome-keyring'), ('SSH_AUTH_SOCK', '/run/user/1000/keyring/ssh'), ('AMENT_PREFIX_PATH', '/opt/ros/humble'), ('SHELL', '/bin/bash'), ('QT_ACCESSIBILITY', '1'), ('GDMSESSION', 'ubuntu'), ('LESSCLOSE', '/usr/bin/lesspipe %s %s'), ('QT_IM_MODULE', 'ibus'), ('PWD', '/home/iiitd/cf_ws/build/crazyflie_description'), ('TURTLEBOT3_MODEL', 'burger'), ('LC_ALL', 'en_US.UTF-8'), ('XDG_CONFIG_DIRS', '/etc/xdg/xdg-ubuntu:/etc/xdg'), ('GAZEBO_PLUGIN_PATH', ':/home/iiitd/ros2_ws/install/sjtu_drone_description/lib:/home/iiitd/ros2_ws/install/sjtu_drone_description/lib'), ('XDG_DATA_DIRS', '/usr/share/ubuntu:/usr/local/share/:/usr/share/:/var/lib/snapd/desktop'), ('PYTHONPATH', '/opt/ros/humble/lib/python3.10/site-packages:/opt/ros/humble/local/lib/python3.10/dist-packages'), ('COLCON', '1'), ('VTE_VERSION', '6800'), ('CMAKE_PREFIX_PATH', '/opt/ros/humble')]), 'shell': False}
[0.433013] (crazyflie_interfaces) StdoutLine: {'line': b'-- Using all available rosidl_typesupport_c: rosidl_typesupport_fastrtps_c;rosidl_typesupport_introspection_c\n'}
[0.443953] (crazyflie_interfaces) StdoutLine: {'line': b'-- Using all available rosidl_typesupport_cpp: rosidl_typesupport_fastrtps_cpp;rosidl_typesupport_introspection_cpp\n'}
[0.447427] (crazyflie_description) CommandEnded: {'returncode': 0}
[0.447851] (crazyflie_description) JobProgress: {'identifier': 'crazyflie_description', 'progress': 'install'}
[0.452580] (crazyflie_description) Command: {'cmd': ['/usr/bin/cmake', '--install', '/home/iiitd/cf_ws/build/crazyflie_description'], 'cwd': '/home/iiitd/cf_ws/build/crazyflie_description', 'env': OrderedDict([('LESSOPEN', '| /usr/bin/lesspipe %s'), ('LANGUAGE', 'en_IN:en'), ('USER', 'iiitd'), ('XDG_SESSION_TYPE', 'wayland'), ('SHLVL', '1'), ('LD_LIBRARY_PATH', '/usr/lib/x86_64-linux-gnu/gazebo-11/plugins:/opt/ros/humble/opt/rviz_ogre_vendor/lib:/opt/ros/humble/lib/x86_64-linux-gnu:/opt/ros/humble/lib'), ('HOME', '/home/iiitd'), ('OLDPWD', '/home/iiitd/cf_ws/src'), ('DESKTOP_SESSION', 'ubuntu'), ('ROS_PYTHON_VERSION', '3'), ('GNOME_SHELL_SESSION_MODE', 'ubuntu'), ('GTK_MODULES', 'gail:atk-bridge'), ('SYSTEMD_EXEC_PID', '2764'), ('DBUS_SESSION_BUS_ADDRESS', 'unix:path=/run/user/1000/bus'), ('COLORTERM', 'truecolor'), ('IM_CONFIG_PHASE', '1'), ('WAYLAND_DISPLAY', 'wayland-0'), ('ROS_DISTRO', 'humble'), ('LOGNAME', 'iiitd'), ('SUMO_HOME', '/usr/share/sumo'), ('_', '/usr/bin/colcon'), ('ROS_VERSION', '2'), ('XDG_SESSION_CLASS', 'user'), ('USERNAME', 'iiitd'), ('TERM', 'xterm-256color'), ('GAZEBO_MODEL_PATH', ':/home/iiitd/ros2_ws/install/sjtu_drone_description/share/sjtu_drone_description/models:/home/iiitd/ros2_ws/install/sjtu_drone_description/share/sjtu_drone_description/models'), ('GNOME_DESKTOP_SESSION_ID', 'this-is-deprecated'), ('ROS_LOCALHOST_ONLY', '0'), ('PATH', '/home/iiitd/.opencode/bin:/opt/ros/humble/bin:/home/iiitd/.local/bin:/usr/local/sbin:/usr/local/bin:/usr/sbin:/usr/bin:/sbin:/bin:/usr/games:/usr/local/games:/snap/bin:/snap/bin:/home/iiitd/.local/bin'), ('SESSION_MANAGER', 'local/iiitd-MS-7E02:@/tmp/.ICE-unix/2735,unix/iiitd-MS-7E02:/tmp/.ICE-unix/2735'), ('XDG_MENU_PREFIX', 'gnome-'), ('GNOME_TERMINAL_SCREEN', '/org/gnome/Terminal/screen/50fbead3_129e_4ecf_a85f_7ef6b72954ad'), ('GNOME_SETUP_DISPLAY', ':1'), ('XDG_RUNTIME_DIR', '/run/user/1000'), ('DISPLAY', ':0'), ('LANG', 'en_US.UTF-8'), ('XDG_CURRENT_DESKTOP', 'ubuntu:GNOME'), ('XMODIFIERS', '@im=ibus'), ('XDG_SESSION_DESKTOP', 'ubuntu'), ('XAUTHORITY', '/run/user/1000/.mutter-Xwaylandauth.EEOWS3'), ('LS_COLORS', 'rs=0:di=01;34:ln=01;36:mh=00:pi=40;33:so=01;35:do=01;35:bd=40;33;01:cd=40;33;01:or=40;31;01:mi=00:su=37;41:sg=30;43:ca=30;41:tw=30;42:ow=34;42:st=37;44:ex=01;32:*.tar=01;31:*.tgz=01;31:*.arc=01;31:*.arj=01;31:*.taz=01;31:*.lha=01;31:*.lz4=01;31:*.lzh=01;31:*.lzma=01;31:*.tlz=01;31:*.txz=01;31:*.tzo=01;31:*.t7z=01;31:*.zip=01;31:*.z=01;31:*.dz=01;31:*.gz=01;31:*.lrz=01;31:*.lz=01;31:*.lzo=01;31:*.xz=01;31:*.zst=01;31:*.tzst=01;31:*.bz2=01;31:*.bz=01;31:*.tbz=01;31:*.tbz2=01;31:*.tz=01;31:*.deb=01;31:*.rpm=01;31:*.jar=01;31:*.war=01;31:*.ear=01;31:*.sar=01;31:*.rar=01;31:*.alz=01;31:*.ace=01;31:*.zoo=01;31:*.cpio=01;31:*.7z=01;31:*.rz=01;31:*.cab=01;31:*.wim=01;31:*.swm=01;31:*.dwm=01;31:*.esd=01;31:*.jpg=01;35:*.jpeg=01;35:*.mjpg=01;35:*.mjpeg=01;35:*.gif=01;35:*.bmp=01;35:*.pbm=01;35:*.pgm=01;35:*.ppm=01;35:*.tga=01;35:*.xbm=01;35:*.xpm=01;35:*.tif=01;35:*.tiff=01;35:*.png=01;35:*.svg=01;35:*.svgz=01;35:*.mng=01;35:*.pcx=01;35:*.mov=01;35:*.mpg=01;35:*.mpeg=01;35:*.m2v=01;35:*.mkv=01;35:*.webm=01;35:*.webp=01;35:*.ogm=01;35:*.mp4=01;35:*.m4v=01;35:*.mp4v=01;35:*.vob=01;35:*.qt=01;35:*.nuv=01;35:*.wmv=01;35:*.asf=01;35:*.rm=01;35:*.rmvb=01;35:*.flc=01;35:*.avi=01;35:*.fli=01;35:*.flv=01;35:*.gl=01;35:*.dl=01;35:*.xcf=01;35:*.xwd=01;35:*.yuv=01;35:*.cgm=01;35:*.emf=01;35:*.ogv=01;35:*.ogx=01;35:*.aac=00;36:*.au=00;36:*.flac=00;36:*.m4a=00;36:*.mid=00;36:*.midi=00;36:*.mka=00;36:*.mp3=00;36:*.mpc=00;36:*.ogg=00;36:*.ra=00;36:*.wav=00;36:*.oga=00;36:*.opus=00;36:*.spx=00;36:*.xspf=00;36:'), ('GNOME_TERMINAL_SERVICE', ':1.215'), ('SSH_AGENT_LAUNCHER', 'gnome-keyring'), ('SSH_AUTH_SOCK', '/run/user/1000/keyring/ssh'), ('AMENT_PREFIX_PATH', '/opt/ros/humble'), ('SHELL', '/bin/bash'), ('QT_ACCESSIBILITY', '1'), ('GDMSESSION', 'ubuntu'), ('LESSCLOSE', '/usr/bin/lesspipe %s %s'), ('QT_IM_MODULE', 'ibus'), ('PWD', '/home/iiitd/cf_ws/build/crazyflie_description'), ('TURTLEBOT3_MODEL', 'burger'), ('LC_ALL', 'en_US.UTF-8'), ('XDG_CONFIG_DIRS', '/etc/xdg/xdg-ubuntu:/etc/xdg'), ('GAZEBO_PLUGIN_PATH', ':/home/iiitd/ros2_ws/install/sjtu_drone_description/lib:/home/iiitd/ros2_ws/install/sjtu_drone_description/lib'), ('XDG_DATA_DIRS', '/usr/share/ubuntu:/usr/local/share/:/usr/share/:/var/lib/snapd/desktop'), ('PYTHONPATH', '/opt/ros/humble/lib/python3.10/site-packages:/opt/ros/humble/local/lib/python3.10/dist-packages'), ('COLCON', '1'), ('VTE_VERSION', '6800'), ('CMAKE_PREFIX_PATH', '/opt/ros/humble')]), 'shell': False}
[0.453702] (crazyflie_interfaces) StdoutLine: {'line': b'-- Found geometry_msgs: 4.9.1 (/opt/ros/humble/share/geometry_msgs/cmake)\n'}
[0.455620] (crazyflie_description) StdoutLine: {'line': b'-- Install configuration: ""\n'}
[0.455899] (crazyflie_description) StdoutLine: {'line': b'-- Execute custom install script\n'}
[0.456119] (crazyflie_description) StdoutLine: {'line': b'-- Symlinking: /home/iiitd/cf_ws/install/crazyflie_description/share/crazyflie_description//urdf/cf2_assembly.stl\n'}
[0.460264] (crazyflie_description) StdoutLine: {'line': b'-- Symlinking: /home/iiitd/cf_ws/install/crazyflie_description/share/crazyflie_description//urdf/cf2_assembly_with_props.dae\n'}
[0.465667] (crazyflie_description) StdoutLine: {'line': b'-- Symlinking: /home/iiitd/cf_ws/install/crazyflie_description/share/crazyflie_description//urdf/crazyflie_description.urdf\n'}
[0.470890] (crazyflie_description) StdoutLine: {'line': b'-- Symlinking: /home/iiitd/cf_ws/install/crazyflie_description/share/ament_index/resource_index/package_run_dependencies/crazyflie_description\n'}
[0.473218] (crazyflie_interfaces) StdoutLine: {'line': b'-- Found rosidl_default_generators: 1.2.1 (/opt/ros/humble/share/rosidl_default_generators/cmake)\n'}
[0.475771] (crazyflie_description) StdoutLine: {'line': b'-- Symlinking: /home/iiitd/cf_ws/install/crazyflie_description/share/ament_index/resource_index/parent_prefix_path/crazyflie_description\n'}
[0.481148] (crazyflie_description) StdoutLine: {'line': b'-- Symlinking: /home/iiitd/cf_ws/install/crazyflie_description/share/crazyflie_description/environment/ament_prefix_path.sh\n'}
[0.485500] (crazyflie_description) StdoutLine: {'line': b'-- Symlinking: /home/iiitd/cf_ws/install/crazyflie_description/share/crazyflie_description/environment/ament_prefix_path.dsv\n'}
[0.490728] (crazyflie_description) StdoutLine: {'line': b'-- Symlinking: /home/iiitd/cf_ws/install/crazyflie_description/share/crazyflie_description/environment/path.sh\n'}
[0.495795] (crazyflie_description) StdoutLine: {'line': b'-- Symlinking: /home/iiitd/cf_ws/install/crazyflie_description/share/crazyflie_description/environment/path.dsv\n'}
[0.499863] (-) TimerEvent: {}
[0.500776] (crazyflie_description) StdoutLine: {'line': b'-- Symlinking: /home/iiitd/cf_ws/install/crazyflie_description/share/crazyflie_description/local_setup.bash\n'}
[0.505900] (crazyflie_description) StdoutLine: {'line': b'-- Symlinking: /home/iiitd/cf_ws/install/crazyflie_description/share/crazyflie_description/local_setup.sh\n'}
[0.510626] (crazyflie_description) StdoutLine: {'line': b'-- Symlinking: /home/iiitd/cf_ws/install/crazyflie_description/share/crazyflie_description/local_setup.zsh\n'}
[0.514363] (crazyflie_description) StdoutLine: {'line': b'-- Symlinking: /home/iiitd/cf_ws/install/crazyflie_description/share/crazyflie_description/local_setup.dsv\n'}
[0.517799] (crazyflie_description) StdoutLine: {'line': b'-- Symlinking: /home/iiitd/cf_ws/install/crazyflie_description/share/crazyflie_description/package.dsv\n'}
[0.522860] (crazyflie_description) StdoutLine: {'line': b'-- Symlinking: /home/iiitd/cf_ws/install/crazyflie_description/share/ament_index/resource_index/packages/crazyflie_description\n'}
[0.528394] (crazyflie_description) StdoutLine: {'line': b'-- Symlinking: /home/iiitd/cf_ws/install/crazyflie_description/share/crazyflie_description/cmake/crazyflie_descriptionConfig.cmake\n'}
[0.532295] (crazyflie_description) StdoutLine: {'line': b'-- Symlinking: /home/iiitd/cf_ws/install/crazyflie_description/share/crazyflie_description/cmake/crazyflie_descriptionConfig-version.cmake\n'}
[0.537615] (crazyflie_description) StdoutLine: {'line': b'-- Symlinking: /home/iiitd/cf_ws/install/crazyflie_description/share/crazyflie_description/package.xml\n'}
[0.543347] (crazyflie_description) CommandEnded: {'returncode': 0}
[0.550292] (crazyflie_description) JobEnded: {'identifier': 'crazyflie_description', 'rc': 0}
[0.599949] (-) TimerEvent: {}
[0.681269] (crazyflie_interfaces) StdoutLine: {'line': b'-- Found ament_cmake_cppcheck: 0.12.15 (/opt/ros/humble/share/ament_cmake_cppcheck/cmake)\n'}
[0.682542] (crazyflie_interfaces) StdoutLine: {'line': b'-- Found ament_cmake_cpplint: 0.12.15 (/opt/ros/humble/share/ament_cmake_cpplint/cmake)\n'}
[0.683682] (crazyflie_interfaces) StdoutLine: {'line': b'-- Found ament_cmake_uncrustify: 0.12.15 (/opt/ros/humble/share/ament_cmake_uncrustify/cmake)\n'}
[0.685138] (crazyflie_interfaces) StdoutLine: {'line': b'-- Found ament_cmake_ros: 0.10.0 (/opt/ros/humble/share/ament_cmake_ros/cmake)\n'}
[0.700007] (-) TimerEvent: {}
[0.800170] (-) TimerEvent: {}
[0.900370] (-) TimerEvent: {}
[0.909343] (crazyflie_interfaces) StdoutLine: {'line': b'-- Using all available rosidl_typesupport_c: rosidl_typesupport_fastrtps_c;rosidl_typesupport_introspection_c\n'}
[0.993590] (crazyflie_interfaces) StdoutLine: {'line': b'-- Using all available rosidl_typesupport_cpp: rosidl_typesupport_fastrtps_cpp;rosidl_typesupport_introspection_cpp\n'}
[1.000428] (-) TimerEvent: {}
[1.006707] (crazyflie_interfaces) StdoutLine: {'line': b'-- Found PythonInterp: /usr/bin/python3 (found suitable version "3.10.12", minimum required is "3.6") \n'}
[1.007702] (crazyflie_interfaces) StdoutLine: {'line': b'-- Found python_cmake_module: 0.10.0 (/opt/ros/humble/share/python_cmake_module/cmake)\n'}
[1.023033] (crazyflie_interfaces) StdoutLine: {'line': b'-- Found PythonLibs: /usr/lib/x86_64-linux-gnu/libpython3.10.so (found suitable version "3.10.12", minimum required is "3.5") \n'}
[1.023099] (crazyflie_interfaces) StdoutLine: {'line': b'-- Using PYTHON_EXECUTABLE: /usr/bin/python3\n'}
[1.023146] (crazyflie_interfaces) StdoutLine: {'line': b'-- Using PYTHON_INCLUDE_DIRS: /usr/include/python3.10\n'}
[1.023192] (crazyflie_interfaces) StdoutLine: {'line': b'-- Using PYTHON_LIBRARIES: /usr/lib/x86_64-linux-gnu/libpython3.10.so\n'}
[1.035495] (crazyflie_interfaces) StdoutLine: {'line': b'-- Found PythonExtra: .so  \n'}
[1.066459] (crazyflie_interfaces) StdoutLine: {'line': b'-- Found ament_cmake_flake8: 0.12.15 (/opt/ros/humble/share/ament_cmake_flake8/cmake)\n'}
[1.067813] (crazyflie_interfaces) StdoutLine: {'line': b'-- Found ament_cmake_pep257: 0.12.15 (/opt/ros/humble/share/ament_cmake_pep257/cmake)\n'}
[1.100498] (-) TimerEvent: {}
[1.123229] (crazyflie_interfaces) StdoutLine: {'line': b'-- Configuring done\n'}
[1.154432] (crazyflie_interfaces) StdoutLine: {'line': b'-- Generating done\n'}
[1.160762] (crazyflie_interfaces) StdoutLine: {'line': b'-- Build files have been written to: /home/iiitd/cf_ws/build/crazyflie_interfaces\n'}
[1.166263] (crazyflie_interfaces) CommandEnded: {'returncode': 0}
[1.166618] (crazyflie_interfaces) JobProgress: {'identifier': 'crazyflie_interfaces', 'progress': 'build'}
[1.166831] (crazyflie_interfaces) Command: {'cmd': ['/usr/bin/cmake', '--build', '/home/iiitd/cf_ws/build/crazyflie_interfaces', '--', '-j28', '-l28'], 'cwd': '/home/iiitd/cf_ws/build/crazyflie_interfaces', 'env': OrderedDict([('LESSOPEN', '| /usr/bin/lesspipe %s'), ('LANGUAGE', 'en_IN:en'), ('USER', 'iiitd'), ('XDG_SESSION_TYPE', 'wayland'), ('SHLVL', '1'), ('LD_LIBRARY_PATH', '/usr/lib/x86_64-linux-gnu/gazebo-11/plugins:/opt/ros/humble/opt/rviz_ogre_vendor/lib:/opt/ros/humble/lib/x86_64-linux-gnu:/opt/ros/humble/lib'), ('HOME', '/home/iiitd'), ('OLDPWD', '/home/iiitd/cf_ws/src'), ('DESKTOP_SESSION', 'ubuntu'), ('ROS_PYTHON_VERSION', '3'), ('GNOME_SHELL_SESSION_MODE', 'ubuntu'), ('GTK_MODULES', 'gail:atk-bridge'), ('SYSTEMD_EXEC_PID', '2764'), ('DBUS_SESSION_BUS_ADDRESS', 'unix:path=/run/user/1000/bus'), ('COLORTERM', 'truecolor'), ('IM_CONFIG_PHASE', '1'), ('WAYLAND_DISPLAY', 'wayland-0'), ('ROS_DISTRO', 'humble'), ('LOGNAME', 'iiitd'), ('SUMO_HOME', '/usr/share/sumo'), ('_', '/usr/bin/colcon'), ('ROS_VERSION', '2'), ('XDG_SESSION_CLASS', 'user'), ('USERNAME', 'iiitd'), ('TERM', 'xterm-256color'), ('GAZEBO_MODEL_PATH', ':/home/iiitd/ros2_ws/install/sjtu_drone_description/share/sjtu_drone_description/models:/home/iiitd/ros2_ws/install/sjtu_drone_description/share/sjtu_drone_description/models'), ('GNOME_DESKTOP_SESSION_ID', 'this-is-deprecated'), ('ROS_LOCALHOST_ONLY', '0'), ('PATH', '/home/iiitd/.opencode/bin:/opt/ros/humble/bin:/home/iiitd/.local/bin:/usr/local/sbin:/usr/local/bin:/usr/sbin:/usr/bin:/sbin:/bin:/usr/games:/usr/local/games:/snap/bin:/snap/bin:/home/iiitd/.local/bin'), ('SESSION_MANAGER', 'local/iiitd-MS-7E02:@/tmp/.ICE-unix/2735,unix/iiitd-MS-7E02:/tmp/.ICE-unix/2735'), ('XDG_MENU_PREFIX', 'gnome-'), ('GNOME_TERMINAL_SCREEN', '/org/gnome/Terminal/screen/50fbead3_129e_4ecf_a85f_7ef6b72954ad'), ('GNOME_SETUP_DISPLAY', ':1'), ('XDG_RUNTIME_DIR', '/run/user/1000'), ('DISPLAY', ':0'), ('LANG', 'en_US.UTF-8'), ('XDG_CURRENT_DESKTOP', 'ubuntu:GNOME'), ('XMODIFIERS', '@im=ibus'), ('XDG_SESSION_DESKTOP', 'ubuntu'), ('XAUTHORITY', '/run/user/1000/.mutter-Xwaylandauth.EEOWS3'), ('LS_COLORS', 'rs=0:di=01;34:ln=01;36:mh=00:pi=40;33:so=01;35:do=01;35:bd=40;33;01:cd=40;33;01:or=40;31;01:mi=00:su=37;41:sg=30;43:ca=30;41:tw=30;42:ow=34;42:st=37;44:ex=01;32:*.tar=01;31:*.tgz=01;31:*.arc=01;31:*.arj=01;31:*.taz=01;31:*.lha=01;31:*.lz4=01;31:*.lzh=01;31:*.lzma=01;31:*.tlz=01;31:*.txz=01;31:*.tzo=01;31:*.t7z=01;31:*.zip=01;31:*.z=01;31:*.dz=01;31:*.gz=01;31:*.lrz=01;31:*.lz=01;31:*.lzo=01;31:*.xz=01;31:*.zst=01;31:*.tzst=01;31:*.bz2=01;31:*.bz=01;31:*.tbz=01;31:*.tbz2=01;31:*.tz=01;31:*.deb=01;31:*.rpm=01;31:*.jar=01;31:*.war=01;31:*.ear=01;31:*.sar=01;31:*.rar=01;31:*.alz=01;31:*.ace=01;31:*.zoo=01;31:*.cpio=01;31:*.7z=01;31:*.rz=01;31:*.cab=01;31:*.wim=01;31:*.swm=01;31:*.dwm=01;31:*.esd=01;31:*.jpg=01;35:*.jpeg=01;35:*.mjpg=01;35:*.mjpeg=01;35:*.gif=01;35:*.bmp=01;35:*.pbm=01;35:*.pgm=01;35:*.ppm=01;35:*.tga=01;35:*.xbm=01;35:*.xpm=01;35:*.tif=01;35:*.tiff=01;35:*.png=01;35:*.svg=01;35:*.svgz=01;35:*.mng=01;35:*.pcx=01;35:*.mov=01;35:*.mpg=01;35:*.mpeg=01;35:*.m2v=01;35:*.mkv=01;35:*.webm=01;35:*.webp=01;35:*.ogm=01;35:*.mp4=01;35:*.m4v=01;35:*.mp4v=01;35:*.vob=01;35:*.qt=01;35:*.nuv=01;35:*.wmv=01;35:*.asf=01;35:*.rm=01;35:*.rmvb=01;35:*.flc=01;35:*.avi=01;35:*.fli=01;35:*.flv=01;35:*.gl=01;35:*.dl=01;35:*.xcf=01;35:*.xwd=01;35:*.yuv=01;35:*.cgm=01;35:*.emf=01;35:*.ogv=01;35:*.ogx=01;35:*.aac=00;36:*.au=00;36:*.flac=00;36:*.m4a=00;36:*.mid=00;36:*.midi=00;36:*.mka=00;36:*.mp3=00;36:*.mpc=00;36:*.ogg=00;36:*.ra=00;36:*.wav=00;36:*.oga=00;36:*.opus=00;36:*.spx=00;36:*.xspf=00;36:'), ('GNOME_TERMINAL_SERVICE', ':1.215'), ('SSH_AGENT_LAUNCHER', 'gnome-keyring'), ('SSH_AUTH_SOCK', '/run/user/1000/keyring/ssh'), ('AMENT_PREFIX_PATH', '/opt/ros/humble'), ('SHELL', '/bin/bash'), ('QT_ACCESSIBILITY', '1'), ('GDMSESSION', 'ubuntu'), ('LESSCLOSE', '/usr/bin/lesspipe %s %s'), ('QT_IM_MODULE', 'ibus'), ('PWD', '/home/iiitd/cf_ws/build/crazyflie_interfaces'), ('TURTLEBOT3_MODEL', 'burger'), ('LC_ALL', 'en_US.UTF-8'), ('XDG_CONFIG_DIRS', '/etc/xdg/xdg-ubuntu:/etc/xdg'), ('GAZEBO_PLUGIN_PATH', ':/home/iiitd/ros2_ws/install/sjtu_drone_description/lib:/home/iiitd/ros2_ws/install/sjtu_drone_description/lib'), ('XDG_DATA_DIRS', '/usr/share/ubuntu:/usr/local/share/:/usr/share/:/var/lib/snapd/desktop'), ('PYTHONPATH', '/opt/ros/humble/lib/python3.10/site-packages:/opt/ros/humble/local/lib/python3.10/dist-packages'), ('COLCON', '1'), ('VTE_VERSION', '6800'), ('CMAKE_PREFIX_PATH', '/opt/ros/humble')]), 'shell': False}
[1.198618] (crazyflie_interfaces) StdoutLine: {'line': b'[  0%] \x1b[34m\x1b[1mGenerating C code for ROS interfaces\x1b[0m\n'}
[1.200578] (-) TimerEvent: {}
[1.200855] (crazyflie_interfaces) StdoutLine: {'line': b'[  1%] \x1b[34m\x1b[1mGenerating Rust code for ROS interfaces\x1b[0m\n'}
[1.203729] (crazyflie_interfaces) StdoutLine: {'line': b'[  1%] \x1b[34m\x1b[1mGenerating C++ code for ROS interfaces\x1b[0m\n'}
[1.207452] (crazyflie_interfaces) StdoutLine: {'line': b'[  1%] Built target ament_cmake_python_symlink_crazyflie_interfaces\n'}
[1.300669] (-) TimerEvent: {}
[1.320203] (crazyflie_interfaces) StdoutLine: {'line': b'running egg_info\n'}
[1.320464] (crazyflie_interfaces) StdoutLine: {'line': b'creating crazyflie_interfaces.egg-info\n'}
[1.320558] (crazyflie_interfaces) StdoutLine: {'line': b'writing crazyflie_interfaces.egg-info/PKG-INFO\n'}
[1.320623] (crazyflie_interfaces) StdoutLine: {'line': b'writing dependency_links to crazyflie_interfaces.egg-info/dependency_links.txt\n'}
[1.320690] (crazyflie_interfaces) StdoutLine: {'line': b'writing top-level names to crazyflie_interfaces.egg-info/top_level.txt\n'}
[1.320754] (crazyflie_interfaces) StdoutLine: {'line': b"writing manifest file 'crazyflie_interfaces.egg-info/SOURCES.txt'\n"}
[1.321574] (crazyflie_interfaces) StdoutLine: {'line': b"reading manifest file 'crazyflie_interfaces.egg-info/SOURCES.txt'\n"}
[1.321791] (crazyflie_interfaces) StdoutLine: {'line': b"writing manifest file 'crazyflie_interfaces.egg-info/SOURCES.txt'\n"}
[1.335962] (crazyflie_interfaces) StdoutLine: {'line': b'[  1%] Built target ament_cmake_python_build_crazyflie_interfaces_egg\n'}
[1.400749] (-) TimerEvent: {}
[1.500958] (-) TimerEvent: {}
[1.531894] (crazyflie_interfaces) StdoutLine: {'line': b'[  1%] Built target crazyflie_interfaces__rs\n'}
[1.601046] (-) TimerEvent: {}
[1.701239] (-) TimerEvent: {}
[1.801391] (-) TimerEvent: {}
[1.901528] (-) TimerEvent: {}
[1.950180] (crazyflie_interfaces) StdoutLine: {'line': b'[  1%] \x1b[32mBuilding C object CMakeFiles/crazyflie_interfaces__rosidl_generator_c.dir/rosidl_generator_c/crazyflie_interfaces/msg/detail/connection_statistics_array__functions.c.o\x1b[0m\n'}
[1.950822] (crazyflie_interfaces) StdoutLine: {'line': b'[  2%] \x1b[32mBuilding C object CMakeFiles/crazyflie_interfaces__rosidl_generator_c.dir/rosidl_generator_c/crazyflie_interfaces/msg/detail/connection_statistics__functions.c.o\x1b[0m\n'}
[1.951295] (crazyflie_interfaces) StdoutLine: {'line': b'[  3%] \x1b[32mBuilding C object CMakeFiles/crazyflie_interfaces__rosidl_generator_c.dir/rosidl_generator_c/crazyflie_interfaces/msg/detail/full_state__functions.c.o\x1b[0m\n'}
[1.951388] (crazyflie_interfaces) StdoutLine: {'line': b'[  3%] \x1b[32mBuilding C object CMakeFiles/crazyflie_interfaces__rosidl_generator_c.dir/rosidl_generator_c/crazyflie_interfaces/msg/detail/log_data_generic__functions.c.o\x1b[0m\n'}
[1.951529] (crazyflie_interfaces) StdoutLine: {'line': b'[  4%] \x1b[32mBuilding C object CMakeFiles/crazyflie_interfaces__rosidl_generator_c.dir/rosidl_generator_c/crazyflie_interfaces/msg/detail/hover__functions.c.o\x1b[0m\n'}
[1.951764] (crazyflie_interfaces) StdoutLine: {'line': b'[  4%] \x1b[32mBuilding C object CMakeFiles/crazyflie_interfaces__rosidl_generator_c.dir/rosidl_generator_c/crazyflie_interfaces/msg/detail/log_block__functions.c.o\x1b[0m\n'}
[1.955365] (crazyflie_interfaces) StdoutLine: {'line': b'[  5%] \x1b[32mBuilding C object CMakeFiles/crazyflie_interfaces__rosidl_generator_c.dir/rosidl_generator_c/crazyflie_interfaces/msg/detail/trajectory_polynomial_piece__functions.c.o\x1b[0m\n'}
[1.955537] (crazyflie_interfaces) StdoutLine: {'line': b'[  7%] \x1b[32mBuilding C object CMakeFiles/crazyflie_interfaces__rosidl_generator_c.dir/rosidl_generator_c/crazyflie_interfaces/msg/detail/position__functions.c.o\x1b[0m\n'}
[1.955593] (crazyflie_interfaces) StdoutLine: {'line': b'[  7%] \x1b[32mBuilding C object CMakeFiles/crazyflie_interfaces__rosidl_generator_c.dir/rosidl_generator_c/crazyflie_interfaces/srv/detail/go_to__functions.c.o\x1b[0m\n'}
[1.955668] (crazyflie_interfaces) StdoutLine: {'line': b'[  7%] \x1b[32mBuilding C object CMakeFiles/crazyflie_interfaces__rosidl_generator_c.dir/rosidl_generator_c/crazyflie_interfaces/srv/detail/land__functions.c.o\x1b[0m\n'}
[1.955709] (crazyflie_interfaces) StdoutLine: {'line': b'[  7%] \x1b[32mBuilding C object CMakeFiles/crazyflie_interfaces__rosidl_generator_c.dir/rosidl_generator_c/crazyflie_interfaces/msg/detail/velocity_world__functions.c.o\x1b[0m\n'}
[1.955756] (crazyflie_interfaces) StdoutLine: {'line': b'[  7%] \x1b[32mBuilding C object CMakeFiles/crazyflie_interfaces__rosidl_generator_c.dir/rosidl_generator_c/crazyflie_interfaces/msg/detail/status__functions.c.o\x1b[0m\n'}
[1.957492] (crazyflie_interfaces) StdoutLine: {'line': b'[  7%] \x1b[32mBuilding C object CMakeFiles/crazyflie_interfaces__rosidl_generator_c.dir/rosidl_generator_c/crazyflie_interfaces/srv/detail/set_group_mask__functions.c.o\x1b[0m\n'}
[1.958187] (crazyflie_interfaces) StdoutLine: {'line': b'[  8%] \x1b[32mBuilding C object CMakeFiles/crazyflie_interfaces__rosidl_generator_c.dir/rosidl_generator_c/crazyflie_interfaces/srv/detail/notify_setpoints_stop__functions.c.o\x1b[0m\n'}
[1.958714] (crazyflie_interfaces) StdoutLine: {'line': b'[  9%] \x1b[32mBuilding C object CMakeFiles/crazyflie_interfaces__rosidl_generator_c.dir/rosidl_generator_c/crazyflie_interfaces/srv/detail/start_trajectory__functions.c.o\x1b[0m\n'}
[1.959601] (crazyflie_interfaces) StdoutLine: {'line': b'[ 10%] \x1b[32mBuilding C object CMakeFiles/crazyflie_interfaces__rosidl_generator_c.dir/rosidl_generator_c/crazyflie_interfaces/srv/detail/takeoff__functions.c.o\x1b[0m\n'}
[1.959728] (crazyflie_interfaces) StdoutLine: {'line': b'[ 10%] \x1b[32mBuilding C object CMakeFiles/crazyflie_interfaces__rosidl_generator_c.dir/rosidl_generator_c/crazyflie_interfaces/srv/detail/stop__functions.c.o\x1b[0m\n'}
[1.961239] (crazyflie_interfaces) StdoutLine: {'line': b'[ 10%] \x1b[32mBuilding C object CMakeFiles/crazyflie_interfaces__rosidl_generator_c.dir/rosidl_generator_c/crazyflie_interfaces/srv/detail/update_params__functions.c.o\x1b[0m\n'}
[1.962659] (crazyflie_interfaces) StdoutLine: {'line': b'[ 11%] \x1b[32mBuilding C object CMakeFiles/crazyflie_interfaces__rosidl_generator_c.dir/rosidl_generator_c/crazyflie_interfaces/srv/detail/upload_trajectory__functions.c.o\x1b[0m\n'}
[1.962842] (crazyflie_interfaces) StdoutLine: {'line': b'[ 11%] \x1b[32mBuilding C object CMakeFiles/crazyflie_interfaces__rosidl_generator_c.dir/rosidl_generator_c/crazyflie_interfaces/srv/detail/remove_logging__functions.c.o\x1b[0m\n'}
[1.963103] (crazyflie_interfaces) StdoutLine: {'line': b'[ 12%] \x1b[32mBuilding C object CMakeFiles/crazyflie_interfaces__rosidl_generator_c.dir/rosidl_generator_c/crazyflie_interfaces/srv/detail/add_logging__functions.c.o\x1b[0m\n'}
[1.964832] (crazyflie_interfaces) StdoutLine: {'line': b'[ 12%] \x1b[32mBuilding C object CMakeFiles/crazyflie_interfaces__rosidl_generator_c.dir/rosidl_generator_c/crazyflie_interfaces/srv/detail/arm__functions.c.o\x1b[0m\n'}
[2.003284] (-) TimerEvent: {}
[2.015650] (crazyflie_interfaces) StdoutLine: {'line': b'[ 13%] \x1b[32m\x1b[1mLinking C shared library libcrazyflie_interfaces__rosidl_generator_c.so\x1b[0m\n'}
[2.017752] (crazyflie_interfaces) StdoutLine: {'line': b'[ 13%] Built target crazyflie_interfaces__cpp\n'}
[2.023803] (crazyflie_interfaces) StdoutLine: {'line': b'[ 14%] \x1b[34m\x1b[1mGenerating C++ type support for eProsima Fast-RTPS\x1b[0m\n'}
[2.025543] (crazyflie_interfaces) StdoutLine: {'line': b'[ 15%] \x1b[34m\x1b[1mGenerating C++ type support dispatch for ROS interfaces\x1b[0m\n'}
[2.025756] (crazyflie_interfaces) StdoutLine: {'line': b'[ 16%] \x1b[34m\x1b[1mGenerating C++ introspection for ROS interfaces\x1b[0m\n'}
[2.041027] (crazyflie_interfaces) StdoutLine: {'line': b'[ 16%] Built target crazyflie_interfaces__rosidl_generator_c\n'}
[2.049322] (crazyflie_interfaces) StdoutLine: {'line': b'[ 19%] \x1b[34m\x1b[1mGenerating C type support dispatch for ROS interfaces\x1b[0m\n'}
[2.049479] (crazyflie_interfaces) StdoutLine: {'line': b'[ 19%] \x1b[34m\x1b[1mGenerating C type support for eProsima Fast-RTPS\x1b[0m\n'}
[2.049542] (crazyflie_interfaces) StdoutLine: {'line': b'[ 19%] \x1b[34m\x1b[1mGenerating C introspection for ROS interfaces\x1b[0m\n'}
[2.103368] (-) TimerEvent: {}
[2.203615] (-) TimerEvent: {}
[2.303870] (-) TimerEvent: {}
[2.404126] (-) TimerEvent: {}
[2.495297] (crazyflie_interfaces) StdoutLine: {'line': b'[ 19%] \x1b[32mBuilding CXX object CMakeFiles/crazyflie_interfaces__rosidl_typesupport_cpp.dir/rosidl_typesupport_cpp/crazyflie_interfaces/msg/hover__type_support.cpp.o\x1b[0m\n'}
[2.495619] (crazyflie_interfaces) StdoutLine: {'line': b'[ 20%] \x1b[32mBuilding CXX object CMakeFiles/crazyflie_interfaces__rosidl_typesupport_cpp.dir/rosidl_typesupport_cpp/crazyflie_interfaces/msg/connection_statistics__type_support.cpp.o\x1b[0m\n'}
[2.495701] (crazyflie_interfaces) StdoutLine: {'line': b'[ 20%] \x1b[32mBuilding CXX object CMakeFiles/crazyflie_interfaces__rosidl_typesupport_cpp.dir/rosidl_typesupport_cpp/crazyflie_interfaces/msg/connection_statistics_array__type_support.cpp.o\x1b[0m\n'}
[2.495769] (crazyflie_interfaces) StdoutLine: {'line': b'[ 21%] \x1b[32mBuilding CXX object CMakeFiles/crazyflie_interfaces__rosidl_typesupport_cpp.dir/rosidl_typesupport_cpp/crazyflie_interfaces/msg/log_block__type_support.cpp.o\x1b[0m\n'}
[2.495833] (crazyflie_interfaces) StdoutLine: {'line': b'[ 21%] \x1b[32mBuilding CXX object CMakeFiles/crazyflie_interfaces__rosidl_typesupport_cpp.dir/rosidl_typesupport_cpp/crazyflie_interfaces/msg/full_state__type_support.cpp.o\x1b[0m\n'}
[2.495894] (crazyflie_interfaces) StdoutLine: {'line': b'[ 22%] \x1b[32mBuilding CXX object CMakeFiles/crazyflie_interfaces__rosidl_typesupport_cpp.dir/rosidl_typesupport_cpp/crazyflie_interfaces/msg/log_data_generic__type_support.cpp.o\x1b[0m\n'}
[2.495954] (crazyflie_interfaces) StdoutLine: {'line': b'[ 23%] \x1b[32mBuilding CXX object CMakeFiles/crazyflie_interfaces__rosidl_typesupport_cpp.dir/rosidl_typesupport_cpp/crazyflie_interfaces/msg/velocity_world__type_support.cpp.o\x1b[0m\n'}
[2.496014] (crazyflie_interfaces) StdoutLine: {'line': b'[ 23%] \x1b[32mBuilding CXX object CMakeFiles/crazyflie_interfaces__rosidl_typesupport_cpp.dir/rosidl_typesupport_cpp/crazyflie_interfaces/srv/go_to__type_support.cpp.o\x1b[0m\n'}
[2.496073] (crazyflie_interfaces) StdoutLine: {'line': b'[ 23%] \x1b[32mBuilding CXX object CMakeFiles/crazyflie_interfaces__rosidl_typesupport_cpp.dir/rosidl_typesupport_cpp/crazyflie_interfaces/msg/position__type_support.cpp.o\x1b[0m\n'}
[2.496132] (crazyflie_interfaces) StdoutLine: {'line': b'[ 24%] \x1b[32mBuilding CXX object CMakeFiles/crazyflie_interfaces__rosidl_typesupport_cpp.dir/rosidl_typesupport_cpp/crazyflie_interfaces/msg/status__type_support.cpp.o\x1b[0m\n'}
[2.496190] (crazyflie_interfaces) StdoutLine: {'line': b'[ 24%] \x1b[32mBuilding CXX object CMakeFiles/crazyflie_interfaces__rosidl_typesupport_cpp.dir/rosidl_typesupport_cpp/crazyflie_interfaces/msg/trajectory_polynomial_piece__type_support.cpp.o\x1b[0m\n'}
[2.496264] (crazyflie_interfaces) StdoutLine: {'line': b'[ 24%] \x1b[32mBuilding CXX object CMakeFiles/crazyflie_interfaces__rosidl_typesupport_cpp.dir/rosidl_typesupport_cpp/crazyflie_interfaces/srv/start_trajectory__type_support.cpp.o\x1b[0m\n'}
[2.496376] (crazyflie_interfaces) StdoutLine: {'line': b'[ 24%] \x1b[32mBuilding CXX object CMakeFiles/crazyflie_interfaces__rosidl_typesupport_cpp.dir/rosidl_typesupport_cpp/crazyflie_interfaces/srv/notify_setpoints_stop__type_support.cpp.o\x1b[0m\n'}
[2.496435] (crazyflie_interfaces) StdoutLine: {'line': b'[ 25%] \x1b[32mBuilding CXX object CMakeFiles/crazyflie_interfaces__rosidl_typesupport_cpp.dir/rosidl_typesupport_cpp/crazyflie_interfaces/srv/set_group_mask__type_support.cpp.o\x1b[0m\n'}
[2.496492] (crazyflie_interfaces) StdoutLine: {'line': b'[ 27%] \x1b[32mBuilding CXX object CMakeFiles/crazyflie_interfaces__rosidl_typesupport_cpp.dir/rosidl_typesupport_cpp/crazyflie_interfaces/srv/land__type_support.cpp.o\x1b[0m\n'}
[2.496554] (crazyflie_interfaces) StdoutLine: {'line': b'[ 27%] \x1b[32mBuilding CXX object CMakeFiles/crazyflie_interfaces__rosidl_typesupport_cpp.dir/rosidl_typesupport_cpp/crazyflie_interfaces/srv/update_params__type_support.cpp.o\x1b[0m\n'}
[2.496611] (crazyflie_interfaces) StdoutLine: {'line': b'[ 27%] \x1b[32mBuilding CXX object CMakeFiles/crazyflie_interfaces__rosidl_typesupport_cpp.dir/rosidl_typesupport_cpp/crazyflie_interfaces/srv/takeoff__type_support.cpp.o\x1b[0m\n'}
[2.496674] (crazyflie_interfaces) StdoutLine: {'line': b'[ 28%] \x1b[32mBuilding CXX object CMakeFiles/crazyflie_interfaces__rosidl_typesupport_cpp.dir/rosidl_typesupport_cpp/crazyflie_interfaces/srv/remove_logging__type_support.cpp.o\x1b[0m\n'}
[2.496734] (crazyflie_interfaces) StdoutLine: {'line': b'[ 28%] \x1b[32mBuilding CXX object CMakeFiles/crazyflie_interfaces__rosidl_typesupport_cpp.dir/rosidl_typesupport_cpp/crazyflie_interfaces/srv/upload_trajectory__type_support.cpp.o\x1b[0m\n'}
[2.496795] (crazyflie_interfaces) StdoutLine: {'line': b'[ 29%] \x1b[32mBuilding CXX object CMakeFiles/crazyflie_interfaces__rosidl_typesupport_cpp.dir/rosidl_typesupport_cpp/crazyflie_interfaces/srv/stop__type_support.cpp.o\x1b[0m\n'}
[2.496856] (crazyflie_interfaces) StdoutLine: {'line': b'[ 30%] \x1b[32mBuilding CXX object CMakeFiles/crazyflie_interfaces__rosidl_typesupport_cpp.dir/rosidl_typesupport_cpp/crazyflie_interfaces/srv/arm__type_support.cpp.o\x1b[0m\n'}
[2.496963] (crazyflie_interfaces) StdoutLine: {'line': b'[ 30%] \x1b[32mBuilding CXX object CMakeFiles/crazyflie_interfaces__rosidl_typesupport_cpp.dir/rosidl_typesupport_cpp/crazyflie_interfaces/srv/add_logging__type_support.cpp.o\x1b[0m\n'}
[2.504274] (-) TimerEvent: {}
[2.582420] (crazyflie_interfaces) StdoutLine: {'line': b'[ 30%] \x1b[32mBuilding CXX object CMakeFiles/crazyflie_interfaces__rosidl_typesupport_c.dir/rosidl_typesupport_c/crazyflie_interfaces/msg/connection_statistics__type_support.cpp.o\x1b[0m\n'}
[2.583209] (crazyflie_interfaces) StdoutLine: {'line': b'[ 31%] \x1b[32mBuilding CXX object CMakeFiles/crazyflie_interfaces__rosidl_typesupport_c.dir/rosidl_typesupport_c/crazyflie_interfaces/msg/connection_statistics_array__type_support.cpp.o\x1b[0m\n'}
[2.604365] (-) TimerEvent: {}
[2.614271] (crazyflie_interfaces) StdoutLine: {'line': b'[ 31%] \x1b[32mBuilding CXX object CMakeFiles/crazyflie_interfaces__rosidl_typesupport_c.dir/rosidl_typesupport_c/crazyflie_interfaces/msg/full_state__type_support.cpp.o\x1b[0m\n'}
[2.614443] (crazyflie_interfaces) StdoutLine: {'line': b'[ 32%] \x1b[32mBuilding CXX object CMakeFiles/crazyflie_interfaces__rosidl_typesupport_c.dir/rosidl_typesupport_c/crazyflie_interfaces/msg/log_data_generic__type_support.cpp.o\x1b[0m\n'}
[2.640988] (crazyflie_interfaces) StdoutLine: {'line': b'[ 33%] \x1b[32mBuilding CXX object CMakeFiles/crazyflie_interfaces__rosidl_typesupport_c.dir/rosidl_typesupport_c/crazyflie_interfaces/msg/log_block__type_support.cpp.o\x1b[0m\n'}
[2.641142] (crazyflie_interfaces) StdoutLine: {'line': b'[ 33%] \x1b[32mBuilding CXX object CMakeFiles/crazyflie_interfaces__rosidl_typesupport_c.dir/rosidl_typesupport_c/crazyflie_interfaces/msg/hover__type_support.cpp.o\x1b[0m\n'}
[2.667632] (crazyflie_interfaces) StdoutLine: {'line': b'[ 33%] \x1b[32mBuilding CXX object CMakeFiles/crazyflie_interfaces__rosidl_typesupport_c.dir/rosidl_typesupport_c/crazyflie_interfaces/msg/position__type_support.cpp.o\x1b[0m\n'}
[2.669151] (crazyflie_interfaces) StdoutLine: {'line': b'[ 34%] \x1b[32mBuilding CXX object CMakeFiles/crazyflie_interfaces__rosidl_typesupport_c.dir/rosidl_typesupport_c/crazyflie_interfaces/msg/status__type_support.cpp.o\x1b[0m\n'}
[2.693110] (crazyflie_interfaces) StdoutLine: {'line': b'[ 34%] \x1b[32mBuilding CXX object CMakeFiles/crazyflie_interfaces__rosidl_typesupport_c.dir/rosidl_typesupport_c/crazyflie_interfaces/msg/trajectory_polynomial_piece__type_support.cpp.o\x1b[0m\n'}
[2.697259] (crazyflie_interfaces) StdoutLine: {'line': b'[ 35%] \x1b[32mBuilding CXX object CMakeFiles/crazyflie_interfaces__rosidl_typesupport_c.dir/rosidl_typesupport_c/crazyflie_interfaces/msg/velocity_world__type_support.cpp.o\x1b[0m\n'}
[2.704470] (-) TimerEvent: {}
[2.717709] (crazyflie_interfaces) StdoutLine: {'line': b'[ 35%] \x1b[32mBuilding CXX object CMakeFiles/crazyflie_interfaces__rosidl_typesupport_c.dir/rosidl_typesupport_c/crazyflie_interfaces/srv/go_to__type_support.cpp.o\x1b[0m\n'}
[2.730336] (crazyflie_interfaces) StdoutLine: {'line': b'[ 36%] \x1b[32mBuilding CXX object CMakeFiles/crazyflie_interfaces__rosidl_typesupport_c.dir/rosidl_typesupport_c/crazyflie_interfaces/srv/land__type_support.cpp.o\x1b[0m\n'}
[2.736134] (crazyflie_interfaces) StdoutLine: {'line': b'[ 36%] \x1b[32mBuilding CXX object CMakeFiles/crazyflie_interfaces__rosidl_typesupport_c.dir/rosidl_typesupport_c/crazyflie_interfaces/srv/notify_setpoints_stop__type_support.cpp.o\x1b[0m\n'}
[2.737933] (crazyflie_interfaces) StdoutLine: {'line': b'[ 36%] \x1b[32mBuilding CXX object CMakeFiles/crazyflie_interfaces__rosidl_typesupport_c.dir/rosidl_typesupport_c/crazyflie_interfaces/srv/start_trajectory__type_support.cpp.o\x1b[0m\n'}
[2.738170] (crazyflie_interfaces) StdoutLine: {'line': b'[ 37%] \x1b[32mBuilding CXX object CMakeFiles/crazyflie_interfaces__rosidl_typesupport_c.dir/rosidl_typesupport_c/crazyflie_interfaces/srv/set_group_mask__type_support.cpp.o\x1b[0m\n'}
[2.738613] (crazyflie_interfaces) StdoutLine: {'line': b'[ 38%] \x1b[32mBuilding CXX object CMakeFiles/crazyflie_interfaces__rosidl_typesupport_c.dir/rosidl_typesupport_c/crazyflie_interfaces/srv/stop__type_support.cpp.o\x1b[0m\n'}
[2.738902] (crazyflie_interfaces) StdoutLine: {'line': b'[ 38%] \x1b[32mBuilding CXX object CMakeFiles/crazyflie_interfaces__rosidl_typesupport_c.dir/rosidl_typesupport_c/crazyflie_interfaces/srv/takeoff__type_support.cpp.o\x1b[0m\n'}
[2.742699] (crazyflie_interfaces) StdoutLine: {'line': b'[ 39%] \x1b[32mBuilding CXX object CMakeFiles/crazyflie_interfaces__rosidl_typesupport_c.dir/rosidl_typesupport_c/crazyflie_interfaces/srv/update_params__type_support.cpp.o\x1b[0m\n'}
[2.743110] (crazyflie_interfaces) StdoutLine: {'line': b'[ 39%] \x1b[32mBuilding CXX object CMakeFiles/crazyflie_interfaces__rosidl_typesupport_c.dir/rosidl_typesupport_c/crazyflie_interfaces/srv/upload_trajectory__type_support.cpp.o\x1b[0m\n'}
[2.746331] (crazyflie_interfaces) StdoutLine: {'line': b'[ 40%] \x1b[32mBuilding CXX object CMakeFiles/crazyflie_interfaces__rosidl_typesupport_c.dir/rosidl_typesupport_c/crazyflie_interfaces/srv/remove_logging__type_support.cpp.o\x1b[0m\n'}
[2.746485] (crazyflie_interfaces) StdoutLine: {'line': b'[ 40%] \x1b[32mBuilding CXX object CMakeFiles/crazyflie_interfaces__rosidl_typesupport_c.dir/rosidl_typesupport_c/crazyflie_interfaces/srv/add_logging__type_support.cpp.o\x1b[0m\n'}
[2.746541] (crazyflie_interfaces) StdoutLine: {'line': b'[ 41%] \x1b[32mBuilding CXX object CMakeFiles/crazyflie_interfaces__rosidl_typesupport_c.dir/rosidl_typesupport_c/crazyflie_interfaces/srv/arm__type_support.cpp.o\x1b[0m\n'}
[2.769093] (crazyflie_interfaces) StdoutLine: {'line': b'[ 41%] \x1b[32m\x1b[1mLinking CXX shared library libcrazyflie_interfaces__rosidl_typesupport_cpp.so\x1b[0m\n'}
[2.769773] (crazyflie_interfaces) StdoutLine: {'line': b'[ 41%] \x1b[32m\x1b[1mLinking CXX shared library libcrazyflie_interfaces__rosidl_typesupport_c.so\x1b[0m\n'}
[2.785253] (crazyflie_interfaces) StdoutLine: {'line': b'[ 42%] \x1b[32mBuilding CXX object CMakeFiles/crazyflie_interfaces__rosidl_typesupport_introspection_cpp.dir/rosidl_typesupport_introspection_cpp/crazyflie_interfaces/msg/detail/connection_statistics_array__type_support.cpp.o\x1b[0m\n'}
[2.785405] (crazyflie_interfaces) StdoutLine: {'line': b'[ 42%] \x1b[32mBuilding CXX object CMakeFiles/crazyflie_interfaces__rosidl_typesupport_introspection_cpp.dir/rosidl_typesupport_introspection_cpp/crazyflie_interfaces/msg/detail/full_state__type_support.cpp.o\x1b[0m\n'}
[2.785472] (crazyflie_interfaces) StdoutLine: {'line': b'[ 42%] \x1b[32mBuilding CXX object CMakeFiles/crazyflie_interfaces__rosidl_typesupport_introspection_cpp.dir/rosidl_typesupport_introspection_cpp/crazyflie_interfaces/msg/detail/hover__type_support.cpp.o\x1b[0m\n'}
[2.785516] (crazyflie_interfaces) StdoutLine: {'line': b'[ 43%] \x1b[32mBuilding CXX object CMakeFiles/crazyflie_interfaces__rosidl_typesupport_introspection_cpp.dir/rosidl_typesupport_introspection_cpp/crazyflie_interfaces/msg/detail/log_block__type_support.cpp.o\x1b[0m\n'}
[2.785557] (crazyflie_interfaces) StdoutLine: {'line': b'[ 43%] \x1b[32mBuilding CXX object CMakeFiles/crazyflie_interfaces__rosidl_typesupport_introspection_cpp.dir/rosidl_typesupport_introspection_cpp/crazyflie_interfaces/msg/detail/connection_statistics__type_support.cpp.o\x1b[0m\n'}
[2.785653] (crazyflie_interfaces) StdoutLine: {'line': b'[ 43%] \x1b[32mBuilding CXX object CMakeFiles/crazyflie_interfaces__rosidl_typesupport_introspection_cpp.dir/rosidl_typesupport_introspection_cpp/crazyflie_interfaces/msg/detail/position__type_support.cpp.o\x1b[0m\n'}
[2.785699] (crazyflie_interfaces) StdoutLine: {'line': b'[ 44%] \x1b[32mBuilding CXX object CMakeFiles/crazyflie_interfaces__rosidl_typesupport_introspection_cpp.dir/rosidl_typesupport_introspection_cpp/crazyflie_interfaces/msg/detail/log_data_generic__type_support.cpp.o\x1b[0m\n'}
[2.785740] (crazyflie_interfaces) StdoutLine: {'line': b'[ 45%] \x1b[32mBuilding CXX object CMakeFiles/crazyflie_interfaces__rosidl_typesupport_introspection_cpp.dir/rosidl_typesupport_introspection_cpp/crazyflie_interfaces/msg/detail/velocity_world__type_support.cpp.o\x1b[0m\n'}
[2.785944] (crazyflie_interfaces) StdoutLine: {'line': b'[ 46%] \x1b[32mBuilding CXX object CMakeFiles/crazyflie_interfaces__rosidl_typesupport_introspection_cpp.dir/rosidl_typesupport_introspection_cpp/crazyflie_interfaces/msg/detail/status__type_support.cpp.o\x1b[0m\n'}
[2.786160] (crazyflie_interfaces) StdoutLine: {'line': b'[ 46%] \x1b[32mBuilding CXX object CMakeFiles/crazyflie_interfaces__rosidl_typesupport_introspection_cpp.dir/rosidl_typesupport_introspection_cpp/crazyflie_interfaces/srv/detail/notify_setpoints_stop__type_support.cpp.o\x1b[0m\n'}
[2.786276] (crazyflie_interfaces) StdoutLine: {'line': b'[ 46%] \x1b[32mBuilding CXX object CMakeFiles/crazyflie_interfaces__rosidl_typesupport_introspection_cpp.dir/rosidl_typesupport_introspection_cpp/crazyflie_interfaces/msg/detail/trajectory_polynomial_piece__type_support.cpp.o\x1b[0m\n'}
[2.786389] (crazyflie_interfaces) StdoutLine: {'line': b'[ 46%] \x1b[32mBuilding CXX object CMakeFiles/crazyflie_interfaces__rosidl_typesupport_introspection_cpp.dir/rosidl_typesupport_introspection_cpp/crazyflie_interfaces/srv/detail/start_trajectory__type_support.cpp.o\x1b[0m\n'}
[2.786514] (crazyflie_interfaces) StdoutLine: {'line': b'[ 46%] \x1b[32mBuilding CXX object CMakeFiles/crazyflie_interfaces__rosidl_typesupport_introspection_cpp.dir/rosidl_typesupport_introspection_cpp/crazyflie_interfaces/srv/detail/go_to__type_support.cpp.o\x1b[0m\n'}
[2.787331] (crazyflie_interfaces) StdoutLine: {'line': b'[ 47%] \x1b[32mBuilding CXX object CMakeFiles/crazyflie_interfaces__rosidl_typesupport_introspection_cpp.dir/rosidl_typesupport_introspection_cpp/crazyflie_interfaces/srv/detail/set_group_mask__type_support.cpp.o\x1b[0m\n'}
[2.787467] (crazyflie_interfaces) StdoutLine: {'line': b'[ 48%] \x1b[32mBuilding CXX object CMakeFiles/crazyflie_interfaces__rosidl_typesupport_introspection_cpp.dir/rosidl_typesupport_introspection_cpp/crazyflie_interfaces/srv/detail/stop__type_support.cpp.o\x1b[0m\n'}
[2.787540] (crazyflie_interfaces) StdoutLine: {'line': b'[ 49%] \x1b[32mBuilding CXX object CMakeFiles/crazyflie_interfaces__rosidl_typesupport_introspection_cpp.dir/rosidl_typesupport_introspection_cpp/crazyflie_interfaces/srv/detail/land__type_support.cpp.o\x1b[0m\n'}
[2.787606] (crazyflie_interfaces) StdoutLine: {'line': b'[ 49%] \x1b[32mBuilding CXX object CMakeFiles/crazyflie_interfaces__rosidl_typesupport_introspection_cpp.dir/rosidl_typesupport_introspection_cpp/crazyflie_interfaces/srv/detail/upload_trajectory__type_support.cpp.o\x1b[0m\n'}
[2.787672] (crazyflie_interfaces) StdoutLine: {'line': b'[ 49%] \x1b[32mBuilding CXX object CMakeFiles/crazyflie_interfaces__rosidl_typesupport_introspection_cpp.dir/rosidl_typesupport_introspection_cpp/crazyflie_interfaces/srv/detail/add_logging__type_support.cpp.o\x1b[0m\n'}
[2.787792] (crazyflie_interfaces) StdoutLine: {'line': b'[ 49%] \x1b[32mBuilding CXX object CMakeFiles/crazyflie_interfaces__rosidl_typesupport_introspection_cpp.dir/rosidl_typesupport_introspection_cpp/crazyflie_interfaces/srv/detail/takeoff__type_support.cpp.o\x1b[0m\n'}
[2.797336] (crazyflie_interfaces) StdoutLine: {'line': b'[ 50%] \x1b[32mBuilding CXX object CMakeFiles/crazyflie_interfaces__rosidl_typesupport_introspection_cpp.dir/rosidl_typesupport_introspection_cpp/crazyflie_interfaces/srv/detail/update_params__type_support.cpp.o\x1b[0m\n'}
[2.797524] (crazyflie_interfaces) StdoutLine: {'line': b'[ 51%] \x1b[32mBuilding CXX object CMakeFiles/crazyflie_interfaces__rosidl_typesupport_introspection_cpp.dir/rosidl_typesupport_introspection_cpp/crazyflie_interfaces/srv/detail/remove_logging__type_support.cpp.o\x1b[0m\n'}
[2.797596] (crazyflie_interfaces) StdoutLine: {'line': b'[ 52%] \x1b[32mBuilding CXX object CMakeFiles/crazyflie_interfaces__rosidl_typesupport_introspection_cpp.dir/rosidl_typesupport_introspection_cpp/crazyflie_interfaces/srv/detail/arm__type_support.cpp.o\x1b[0m\n'}
[2.804564] (-) TimerEvent: {}
[2.807411] (crazyflie_interfaces) StdoutLine: {'line': b'[ 52%] Built target crazyflie_interfaces__rosidl_typesupport_c\n'}
[2.809432] (crazyflie_interfaces) StdoutLine: {'line': b'[ 52%] Built target crazyflie_interfaces__rosidl_typesupport_cpp\n'}
[2.907290] (-) TimerEvent: {}
[2.911039] (crazyflie_interfaces) StdoutLine: {'line': b'[ 53%] \x1b[32mBuilding C object CMakeFiles/crazyflie_interfaces__rosidl_typesupport_introspection_c.dir/rosidl_typesupport_introspection_c/crazyflie_interfaces/msg/detail/full_state__type_support.c.o\x1b[0m\n'}
[2.911252] (crazyflie_interfaces) StdoutLine: {'line': b'[ 53%] \x1b[32mBuilding C object CMakeFiles/crazyflie_interfaces__rosidl_typesupport_introspection_c.dir/rosidl_typesupport_introspection_c/crazyflie_interfaces/msg/detail/connection_statistics_array__type_support.c.o\x1b[0m\n'}
[2.911309] (crazyflie_interfaces) StdoutLine: {'line': b'[ 53%] \x1b[32mBuilding C object CMakeFiles/crazyflie_interfaces__rosidl_typesupport_introspection_c.dir/rosidl_typesupport_introspection_c/crazyflie_interfaces/msg/detail/connection_statistics__type_support.c.o\x1b[0m\n'}
[2.913590] (crazyflie_interfaces) StdoutLine: {'line': b'[ 54%] \x1b[32mBuilding C object CMakeFiles/crazyflie_interfaces__rosidl_typesupport_introspection_c.dir/rosidl_typesupport_introspection_c/crazyflie_interfaces/msg/detail/log_data_generic__type_support.c.o\x1b[0m\n'}
[2.948345] (crazyflie_interfaces) StdoutLine: {'line': b'[ 54%] \x1b[32mBuilding C object CMakeFiles/crazyflie_interfaces__rosidl_typesupport_introspection_c.dir/rosidl_typesupport_introspection_c/crazyflie_interfaces/msg/detail/hover__type_support.c.o\x1b[0m\n'}
[2.959012] (crazyflie_interfaces) StdoutLine: {'line': b'[ 55%] \x1b[32mBuilding C object CMakeFiles/crazyflie_interfaces__rosidl_typesupport_introspection_c.dir/rosidl_typesupport_introspection_c/crazyflie_interfaces/msg/detail/log_block__type_support.c.o\x1b[0m\n'}
[2.962367] (crazyflie_interfaces) StdoutLine: {'line': b'[ 55%] \x1b[32mBuilding C object CMakeFiles/crazyflie_interfaces__rosidl_typesupport_introspection_c.dir/rosidl_typesupport_introspection_c/crazyflie_interfaces/msg/detail/position__type_support.c.o\x1b[0m\n'}
[2.966442] (crazyflie_interfaces) StdoutLine: {'line': b'[ 56%] \x1b[32mBuilding C object CMakeFiles/crazyflie_interfaces__rosidl_typesupport_introspection_c.dir/rosidl_typesupport_introspection_c/crazyflie_interfaces/msg/detail/status__type_support.c.o\x1b[0m\n'}
[2.984600] (crazyflie_interfaces) StdoutLine: {'line': b'[ 56%] \x1b[32mBuilding C object CMakeFiles/crazyflie_interfaces__rosidl_typesupport_introspection_c.dir/rosidl_typesupport_introspection_c/crazyflie_interfaces/msg/detail/trajectory_polynomial_piece__type_support.c.o\x1b[0m\n'}
[2.999827] (crazyflie_interfaces) StdoutLine: {'line': b'[ 57%] \x1b[32mBuilding C object CMakeFiles/crazyflie_interfaces__rosidl_typesupport_introspection_c.dir/rosidl_typesupport_introspection_c/crazyflie_interfaces/msg/detail/velocity_world__type_support.c.o\x1b[0m\n'}
[3.000017] (crazyflie_interfaces) StdoutLine: {'line': b'[ 57%] \x1b[32mBuilding C object CMakeFiles/crazyflie_interfaces__rosidl_typesupport_introspection_c.dir/rosidl_typesupport_introspection_c/crazyflie_interfaces/srv/detail/go_to__type_support.c.o\x1b[0m\n'}
[3.004138] (crazyflie_interfaces) StdoutLine: {'line': b'[ 58%] \x1b[32mBuilding C object CMakeFiles/crazyflie_interfaces__rosidl_typesupport_introspection_c.dir/rosidl_typesupport_introspection_c/crazyflie_interfaces/srv/detail/land__type_support.c.o\x1b[0m\n'}
[3.009312] (-) TimerEvent: {}
[3.032849] (crazyflie_interfaces) StdoutLine: {'line': b'[ 58%] \x1b[32mBuilding C object CMakeFiles/crazyflie_interfaces__rosidl_typesupport_introspection_c.dir/rosidl_typesupport_introspection_c/crazyflie_interfaces/srv/detail/notify_setpoints_stop__type_support.c.o\x1b[0m\n'}
[3.049156] (crazyflie_interfaces) StdoutLine: {'line': b'[ 59%] \x1b[32mBuilding C object CMakeFiles/crazyflie_interfaces__rosidl_typesupport_introspection_c.dir/rosidl_typesupport_introspection_c/crazyflie_interfaces/srv/detail/set_group_mask__type_support.c.o\x1b[0m\n'}
[3.067895] (crazyflie_interfaces) StdoutLine: {'line': b'[ 59%] \x1b[32mBuilding C object CMakeFiles/crazyflie_interfaces__rosidl_typesupport_introspection_c.dir/rosidl_typesupport_introspection_c/crazyflie_interfaces/srv/detail/start_trajectory__type_support.c.o\x1b[0m\n'}
[3.072826] (crazyflie_interfaces) StdoutLine: {'line': b'[ 59%] \x1b[32mBuilding C object CMakeFiles/crazyflie_interfaces__rosidl_typesupport_introspection_c.dir/rosidl_typesupport_introspection_c/crazyflie_interfaces/srv/detail/takeoff__type_support.c.o\x1b[0m\n'}
[3.078111] (crazyflie_interfaces) StdoutLine: {'line': b'[ 60%] \x1b[32mBuilding C object CMakeFiles/crazyflie_interfaces__rosidl_typesupport_introspection_c.dir/rosidl_typesupport_introspection_c/crazyflie_interfaces/srv/detail/stop__type_support.c.o\x1b[0m\n'}
[3.095829] (crazyflie_interfaces) StdoutLine: {'line': b'[ 61%] \x1b[32mBuilding C object CMakeFiles/crazyflie_interfaces__rosidl_typesupport_introspection_c.dir/rosidl_typesupport_introspection_c/crazyflie_interfaces/srv/detail/update_params__type_support.c.o\x1b[0m\n'}
[3.102480] (crazyflie_interfaces) StdoutLine: {'line': b'[ 61%] \x1b[32mBuilding C object CMakeFiles/crazyflie_interfaces__rosidl_typesupport_introspection_c.dir/rosidl_typesupport_introspection_c/crazyflie_interfaces/srv/detail/upload_trajectory__type_support.c.o\x1b[0m\n'}
[3.103843] (crazyflie_interfaces) StdoutLine: {'line': b'[ 62%] \x1b[32mBuilding C object CMakeFiles/crazyflie_interfaces__rosidl_typesupport_introspection_c.dir/rosidl_typesupport_introspection_c/crazyflie_interfaces/srv/detail/remove_logging__type_support.c.o\x1b[0m\n'}
[3.107994] (crazyflie_interfaces) StdoutLine: {'line': b'[ 62%] \x1b[32mBuilding C object CMakeFiles/crazyflie_interfaces__rosidl_typesupport_introspection_c.dir/rosidl_typesupport_introspection_c/crazyflie_interfaces/srv/detail/add_logging__type_support.c.o\x1b[0m\n'}
[3.108266] (crazyflie_interfaces) StdoutLine: {'line': b'[ 63%] \x1b[32mBuilding C object CMakeFiles/crazyflie_interfaces__rosidl_typesupport_introspection_c.dir/rosidl_typesupport_introspection_c/crazyflie_interfaces/srv/detail/arm__type_support.c.o\x1b[0m\n'}
[3.109378] (-) TimerEvent: {}
[3.117685] (crazyflie_interfaces) StdoutLine: {'line': b'[ 63%] \x1b[32mBuilding CXX object CMakeFiles/crazyflie_interfaces__rosidl_typesupport_fastrtps_cpp.dir/rosidl_typesupport_fastrtps_cpp/crazyflie_interfaces/msg/detail/dds_fastrtps/connection_statistics__type_support.cpp.o\x1b[0m\n'}
[3.117851] (crazyflie_interfaces) StdoutLine: {'line': b'[ 63%] \x1b[32mBuilding CXX object CMakeFiles/crazyflie_interfaces__rosidl_typesupport_fastrtps_cpp.dir/rosidl_typesupport_fastrtps_cpp/crazyflie_interfaces/msg/detail/dds_fastrtps/hover__type_support.cpp.o\x1b[0m\n'}
[3.117904] (crazyflie_interfaces) StdoutLine: {'line': b'[ 63%] \x1b[32mBuilding CXX object CMakeFiles/crazyflie_interfaces__rosidl_typesupport_fastrtps_cpp.dir/rosidl_typesupport_fastrtps_cpp/crazyflie_interfaces/msg/detail/dds_fastrtps/full_state__type_support.cpp.o\x1b[0m\n'}
[3.117946] (crazyflie_interfaces) StdoutLine: {'line': b'[ 64%] \x1b[32mBuilding CXX object CMakeFiles/crazyflie_interfaces__rosidl_typesupport_fastrtps_cpp.dir/rosidl_typesupport_fastrtps_cpp/crazyflie_interfaces/msg/detail/dds_fastrtps/connection_statistics_array__type_support.cpp.o\x1b[0m\n'}
[3.117993] (crazyflie_interfaces) StdoutLine: {'line': b'[ 65%] \x1b[32mBuilding CXX object CMakeFiles/crazyflie_interfaces__rosidl_typesupport_fastrtps_cpp.dir/rosidl_typesupport_fastrtps_cpp/crazyflie_interfaces/msg/detail/dds_fastrtps/log_data_generic__type_support.cpp.o\x1b[0m\n'}
[3.120024] (crazyflie_interfaces) StdoutLine: {'line': b'[ 67%] \x1b[32mBuilding CXX object CMakeFiles/crazyflie_interfaces__rosidl_typesupport_fastrtps_cpp.dir/rosidl_typesupport_fastrtps_cpp/crazyflie_interfaces/msg/detail/dds_fastrtps/velocity_world__type_support.cpp.o\x1b[0m\n'}
[3.120214] (crazyflie_interfaces) StdoutLine: {'line': b'[ 67%] \x1b[32mBuilding CXX object CMakeFiles/crazyflie_interfaces__rosidl_typesupport_fastrtps_cpp.dir/rosidl_typesupport_fastrtps_cpp/crazyflie_interfaces/msg/detail/dds_fastrtps/log_block__type_support.cpp.o\x1b[0m\n'}
[3.120270] (crazyflie_interfaces) StdoutLine: {'line': b'[ 67%] \x1b[32mBuilding CXX object CMakeFiles/crazyflie_interfaces__rosidl_typesupport_fastrtps_cpp.dir/rosidl_typesupport_fastrtps_cpp/crazyflie_interfaces/msg/detail/dds_fastrtps/trajectory_polynomial_piece__type_support.cpp.o\x1b[0m\n'}
[3.120350] (crazyflie_interfaces) StdoutLine: {'line': b'[ 68%] \x1b[32mBuilding CXX object CMakeFiles/crazyflie_interfaces__rosidl_typesupport_fastrtps_cpp.dir/rosidl_typesupport_fastrtps_cpp/crazyflie_interfaces/msg/detail/dds_fastrtps/status__type_support.cpp.o\x1b[0m\n'}
[3.120831] (crazyflie_interfaces) StdoutLine: {'line': b'[ 68%] \x1b[32mBuilding CXX object CMakeFiles/crazyflie_interfaces__rosidl_typesupport_fastrtps_cpp.dir/rosidl_typesupport_fastrtps_cpp/crazyflie_interfaces/msg/detail/dds_fastrtps/position__type_support.cpp.o\x1b[0m\n'}
[3.126475] (crazyflie_interfaces) StdoutLine: {'line': b'[ 68%] \x1b[32mBuilding CXX object CMakeFiles/crazyflie_interfaces__rosidl_typesupport_fastrtps_cpp.dir/rosidl_typesupport_fastrtps_cpp/crazyflie_interfaces/srv/detail/dds_fastrtps/go_to__type_support.cpp.o\x1b[0m\n'}
[3.128765] (crazyflie_interfaces) StdoutLine: {'line': b'[ 68%] \x1b[32mBuilding CXX object CMakeFiles/crazyflie_interfaces__rosidl_typesupport_fastrtps_c.dir/rosidl_typesupport_fastrtps_c/crazyflie_interfaces/msg/detail/connection_statistics__type_support_c.cpp.o\x1b[0m\n'}
[3.136262] (crazyflie_interfaces) StdoutLine: {'line': b'[ 69%] \x1b[32mBuilding CXX object CMakeFiles/crazyflie_interfaces__rosidl_typesupport_fastrtps_cpp.dir/rosidl_typesupport_fastrtps_cpp/crazyflie_interfaces/srv/detail/dds_fastrtps/land__type_support.cpp.o\x1b[0m\n'}
[3.136428] (crazyflie_interfaces) StdoutLine: {'line': b'[ 70%] \x1b[32mBuilding CXX object CMakeFiles/crazyflie_interfaces__rosidl_typesupport_fastrtps_c.dir/rosidl_typesupport_fastrtps_c/crazyflie_interfaces/msg/detail/connection_statistics_array__type_support_c.cpp.o\x1b[0m\n'}
[3.137116] (crazyflie_interfaces) StdoutLine: {'line': b'[ 70%] \x1b[32mBuilding CXX object CMakeFiles/crazyflie_interfaces__rosidl_typesupport_fastrtps_cpp.dir/rosidl_typesupport_fastrtps_cpp/crazyflie_interfaces/srv/detail/dds_fastrtps/notify_setpoints_stop__type_support.cpp.o\x1b[0m\n'}
[3.137283] (crazyflie_interfaces) StdoutLine: {'line': b'[ 70%] \x1b[32m\x1b[1mLinking C shared library libcrazyflie_interfaces__rosidl_typesupport_introspection_c.so\x1b[0m\n'}
[3.154354] (crazyflie_interfaces) StdoutLine: {'line': b'[ 71%] \x1b[32mBuilding CXX object CMakeFiles/crazyflie_interfaces__rosidl_typesupport_fastrtps_cpp.dir/rosidl_typesupport_fastrtps_cpp/crazyflie_interfaces/srv/detail/dds_fastrtps/set_group_mask__type_support.cpp.o\x1b[0m\n'}
[3.154531] (crazyflie_interfaces) StdoutLine: {'line': b'[ 72%] \x1b[32mBuilding CXX object CMakeFiles/crazyflie_interfaces__rosidl_typesupport_fastrtps_c.dir/rosidl_typesupport_fastrtps_c/crazyflie_interfaces/msg/detail/log_data_generic__type_support_c.cpp.o\x1b[0m\n'}
[3.154585] (crazyflie_interfaces) StdoutLine: {'line': b'[ 72%] \x1b[32mBuilding CXX object CMakeFiles/crazyflie_interfaces__rosidl_typesupport_fastrtps_c.dir/rosidl_typesupport_fastrtps_c/crazyflie_interfaces/msg/detail/hover__type_support_c.cpp.o\x1b[0m\n'}
[3.154637] (crazyflie_interfaces) StdoutLine: {'line': b'[ 73%] \x1b[32mBuilding CXX object CMakeFiles/crazyflie_interfaces__rosidl_typesupport_fastrtps_c.dir/rosidl_typesupport_fastrtps_c/crazyflie_interfaces/msg/detail/log_block__type_support_c.cpp.o\x1b[0m\n'}
[3.154682] (crazyflie_interfaces) StdoutLine: {'line': b'[ 73%] \x1b[32mBuilding CXX object CMakeFiles/crazyflie_interfaces__rosidl_typesupport_fastrtps_c.dir/rosidl_typesupport_fastrtps_c/crazyflie_interfaces/msg/detail/full_state__type_support_c.cpp.o\x1b[0m\n'}
[3.163251] (crazyflie_interfaces) StdoutLine: {'line': b'[ 73%] \x1b[32mBuilding CXX object CMakeFiles/crazyflie_interfaces__rosidl_typesupport_fastrtps_cpp.dir/rosidl_typesupport_fastrtps_cpp/crazyflie_interfaces/srv/detail/dds_fastrtps/start_trajectory__type_support.cpp.o\x1b[0m\n'}
[3.163418] (crazyflie_interfaces) StdoutLine: {'line': b'[ 74%] \x1b[32mBuilding CXX object CMakeFiles/crazyflie_interfaces__rosidl_typesupport_fastrtps_cpp.dir/rosidl_typesupport_fastrtps_cpp/crazyflie_interfaces/srv/detail/dds_fastrtps/stop__type_support.cpp.o\x1b[0m\n'}
[3.172940] (crazyflie_interfaces) StdoutLine: {'line': b'[ 74%] Built target crazyflie_interfaces__rosidl_typesupport_introspection_c\n'}
[3.182010] (crazyflie_interfaces) StdoutLine: {'line': b'[ 74%] \x1b[32mBuilding CXX object CMakeFiles/crazyflie_interfaces__rosidl_typesupport_fastrtps_c.dir/rosidl_typesupport_fastrtps_c/crazyflie_interfaces/msg/detail/position__type_support_c.cpp.o\x1b[0m\n'}
[3.188503] (crazyflie_interfaces) StdoutLine: {'line': b'[ 74%] \x1b[32mBuilding CXX object CMakeFiles/crazyflie_interfaces__rosidl_typesupport_fastrtps_c.dir/rosidl_typesupport_fastrtps_c/crazyflie_interfaces/msg/detail/trajectory_polynomial_piece__type_support_c.cpp.o\x1b[0m\n'}
[3.189807] (crazyflie_interfaces) StdoutLine: {'line': b'[ 75%] \x1b[32mBuilding CXX object CMakeFiles/crazyflie_interfaces__rosidl_typesupport_fastrtps_c.dir/rosidl_typesupport_fastrtps_c/crazyflie_interfaces/msg/detail/status__type_support_c.cpp.o\x1b[0m\n'}
[3.190465] (crazyflie_interfaces) StdoutLine: {'line': b'[ 75%] \x1b[32mBuilding CXX object CMakeFiles/crazyflie_interfaces__rosidl_typesupport_fastrtps_cpp.dir/rosidl_typesupport_fastrtps_cpp/crazyflie_interfaces/srv/detail/dds_fastrtps/takeoff__type_support.cpp.o\x1b[0m\n'}
[3.199349] (crazyflie_interfaces) StdoutLine: {'line': b'[ 76%] \x1b[32mBuilding CXX object CMakeFiles/crazyflie_interfaces__rosidl_typesupport_fastrtps_cpp.dir/rosidl_typesupport_fastrtps_cpp/crazyflie_interfaces/srv/detail/dds_fastrtps/update_params__type_support.cpp.o\x1b[0m\n'}
[3.209505] (-) TimerEvent: {}
[3.212128] (crazyflie_interfaces) StdoutLine: {'line': b'[ 76%] \x1b[32m\x1b[1mLinking CXX shared library libcrazyflie_interfaces__rosidl_typesupport_introspection_cpp.so\x1b[0m\n'}
[3.299215] (crazyflie_interfaces) StdoutLine: {'line': b'[ 76%] Built target crazyflie_interfaces__rosidl_typesupport_introspection_cpp\n'}
[3.308367] (crazyflie_interfaces) StdoutLine: {'line': b'[ 76%] \x1b[32mBuilding CXX object CMakeFiles/crazyflie_interfaces__rosidl_typesupport_fastrtps_cpp.dir/rosidl_typesupport_fastrtps_cpp/crazyflie_interfaces/srv/detail/dds_fastrtps/upload_trajectory__type_support.cpp.o\x1b[0m\n'}
[3.310719] (-) TimerEvent: {}
[3.411023] (-) TimerEvent: {}
[3.428003] (crazyflie_interfaces) StdoutLine: {'line': b'[ 77%] \x1b[32mBuilding CXX object CMakeFiles/crazyflie_interfaces__rosidl_typesupport_fastrtps_cpp.dir/rosidl_typesupport_fastrtps_cpp/crazyflie_interfaces/srv/detail/dds_fastrtps/remove_logging__type_support.cpp.o\x1b[0m\n'}
[3.449805] (crazyflie_interfaces) StdoutLine: {'line': b'[ 77%] \x1b[32mBuilding CXX object CMakeFiles/crazyflie_interfaces__rosidl_typesupport_fastrtps_cpp.dir/rosidl_typesupport_fastrtps_cpp/crazyflie_interfaces/srv/detail/dds_fastrtps/add_logging__type_support.cpp.o\x1b[0m\n'}
[3.453889] (crazyflie_interfaces) StdoutLine: {'line': b'[ 78%] \x1b[32mBuilding CXX object CMakeFiles/crazyflie_interfaces__rosidl_typesupport_fastrtps_cpp.dir/rosidl_typesupport_fastrtps_cpp/crazyflie_interfaces/srv/detail/dds_fastrtps/arm__type_support.cpp.o\x1b[0m\n'}
[3.461088] (crazyflie_interfaces) StdoutLine: {'line': b'[ 79%] \x1b[32mBuilding CXX object CMakeFiles/crazyflie_interfaces__rosidl_typesupport_fastrtps_c.dir/rosidl_typesupport_fastrtps_c/crazyflie_interfaces/msg/detail/velocity_world__type_support_c.cpp.o\x1b[0m\n'}
[3.463324] (crazyflie_interfaces) StdoutLine: {'line': b'[ 79%] \x1b[32mBuilding CXX object CMakeFiles/crazyflie_interfaces__rosidl_typesupport_fastrtps_c.dir/rosidl_typesupport_fastrtps_c/crazyflie_interfaces/srv/detail/go_to__type_support_c.cpp.o\x1b[0m\n'}
[3.464977] (crazyflie_interfaces) StdoutLine: {'line': b'[ 80%] \x1b[32mBuilding CXX object CMakeFiles/crazyflie_interfaces__rosidl_typesupport_fastrtps_c.dir/rosidl_typesupport_fastrtps_c/crazyflie_interfaces/srv/detail/land__type_support_c.cpp.o\x1b[0m\n'}
[3.476398] (crazyflie_interfaces) StdoutLine: {'line': b'[ 81%] \x1b[32mBuilding CXX object CMakeFiles/crazyflie_interfaces__rosidl_typesupport_fastrtps_c.dir/rosidl_typesupport_fastrtps_c/crazyflie_interfaces/srv/detail/notify_setpoints_stop__type_support_c.cpp.o\x1b[0m\n'}
[3.476575] (crazyflie_interfaces) StdoutLine: {'line': b'[ 81%] \x1b[32mBuilding CXX object CMakeFiles/crazyflie_interfaces__rosidl_typesupport_fastrtps_c.dir/rosidl_typesupport_fastrtps_c/crazyflie_interfaces/srv/detail/set_group_mask__type_support_c.cpp.o\x1b[0m\n'}
[3.476641] (crazyflie_interfaces) StdoutLine: {'line': b'[ 81%] \x1b[32mBuilding CXX object CMakeFiles/crazyflie_interfaces__rosidl_typesupport_fastrtps_c.dir/rosidl_typesupport_fastrtps_c/crazyflie_interfaces/srv/detail/start_trajectory__type_support_c.cpp.o\x1b[0m\n'}
[3.480756] (crazyflie_interfaces) StdoutLine: {'line': b'[ 82%] \x1b[32mBuilding CXX object CMakeFiles/crazyflie_interfaces__rosidl_typesupport_fastrtps_c.dir/rosidl_typesupport_fastrtps_c/crazyflie_interfaces/srv/detail/stop__type_support_c.cpp.o\x1b[0m\n'}
[3.485733] (crazyflie_interfaces) StdoutLine: {'line': b'[ 82%] \x1b[32mBuilding CXX object CMakeFiles/crazyflie_interfaces__rosidl_typesupport_fastrtps_c.dir/rosidl_typesupport_fastrtps_c/crazyflie_interfaces/srv/detail/takeoff__type_support_c.cpp.o\x1b[0m\n'}
[3.491389] (crazyflie_interfaces) StdoutLine: {'line': b'[ 83%] \x1b[32mBuilding CXX object CMakeFiles/crazyflie_interfaces__rosidl_typesupport_fastrtps_c.dir/rosidl_typesupport_fastrtps_c/crazyflie_interfaces/srv/detail/update_params__type_support_c.cpp.o\x1b[0m\n'}
[3.495683] (crazyflie_interfaces) StdoutLine: {'line': b'[ 83%] \x1b[32mBuilding CXX object CMakeFiles/crazyflie_interfaces__rosidl_typesupport_fastrtps_c.dir/rosidl_typesupport_fastrtps_c/crazyflie_interfaces/srv/detail/upload_trajectory__type_support_c.cpp.o\x1b[0m\n'}
[3.498493] (crazyflie_interfaces) StdoutLine: {'line': b'[ 84%] \x1b[32mBuilding CXX object CMakeFiles/crazyflie_interfaces__rosidl_typesupport_fastrtps_c.dir/rosidl_typesupport_fastrtps_c/crazyflie_interfaces/srv/detail/remove_logging__type_support_c.cpp.o\x1b[0m\n'}
[3.498710] (crazyflie_interfaces) StdoutLine: {'line': b'[ 84%] \x1b[32mBuilding CXX object CMakeFiles/crazyflie_interfaces__rosidl_typesupport_fastrtps_c.dir/rosidl_typesupport_fastrtps_c/crazyflie_interfaces/srv/detail/add_logging__type_support_c.cpp.o\x1b[0m\n'}
[3.499437] (crazyflie_interfaces) StdoutLine: {'line': b'[ 85%] \x1b[32mBuilding CXX object CMakeFiles/crazyflie_interfaces__rosidl_typesupport_fastrtps_c.dir/rosidl_typesupport_fastrtps_c/crazyflie_interfaces/srv/detail/arm__type_support_c.cpp.o\x1b[0m\n'}
[3.511129] (-) TimerEvent: {}
[3.611413] (-) TimerEvent: {}
[3.711732] (-) TimerEvent: {}
[3.766664] (crazyflie_interfaces) StdoutLine: {'line': b'[ 85%] \x1b[32m\x1b[1mLinking CXX shared library libcrazyflie_interfaces__rosidl_typesupport_fastrtps_c.so\x1b[0m\n'}
[3.807535] (crazyflie_interfaces) StdoutLine: {'line': b'[ 85%] Built target crazyflie_interfaces__rosidl_typesupport_fastrtps_c\n'}
[3.807703] (crazyflie_interfaces) StdoutLine: {'line': b'[ 85%] \x1b[32m\x1b[1mLinking CXX shared library libcrazyflie_interfaces__rosidl_typesupport_fastrtps_cpp.so\x1b[0m\n'}
[3.811785] (-) TimerEvent: {}
[3.854454] (crazyflie_interfaces) StdoutLine: {'line': b'[ 85%] Built target crazyflie_interfaces__rosidl_typesupport_fastrtps_cpp\n'}
[3.866399] (crazyflie_interfaces) StdoutLine: {'line': b'[ 85%] Built target crazyflie_interfaces\n'}
[3.879185] (crazyflie_interfaces) StdoutLine: {'line': b'[ 86%] \x1b[34m\x1b[1mGenerating Python code for ROS interfaces\x1b[0m\n'}
[3.911854] (-) TimerEvent: {}
[4.012005] (-) TimerEvent: {}
[4.112133] (-) TimerEvent: {}
[4.212267] (-) TimerEvent: {}
[4.312400] (-) TimerEvent: {}
[4.412569] (-) TimerEvent: {}
[4.512706] (-) TimerEvent: {}
[4.612926] (-) TimerEvent: {}
[4.713139] (-) TimerEvent: {}
[4.813320] (-) TimerEvent: {}
[4.913484] (-) TimerEvent: {}
[5.013658] (-) TimerEvent: {}
[5.113849] (-) TimerEvent: {}
[5.159823] (crazyflie_interfaces) StdoutLine: {'line': b'[ 86%] Built target crazyflie_interfaces__py\n'}
[5.175022] (crazyflie_interfaces) StdoutLine: {'line': b'[ 86%] \x1b[32mBuilding C object CMakeFiles/crazyflie_interfaces__rosidl_generator_py.dir/rosidl_generator_py/crazyflie_interfaces/msg/_hover_s.c.o\x1b[0m\n'}
[5.175300] (crazyflie_interfaces) StdoutLine: {'line': b'[ 87%] \x1b[32mBuilding C object CMakeFiles/crazyflie_interfaces__rosidl_generator_py.dir/rosidl_generator_py/crazyflie_interfaces/msg/_log_block_s.c.o\x1b[0m\n'}
[5.175437] (crazyflie_interfaces) StdoutLine: {'line': b'[ 88%] \x1b[32mBuilding C object CMakeFiles/crazyflie_interfaces__rosidl_generator_py.dir/rosidl_generator_py/crazyflie_interfaces/msg/_velocity_world_s.c.o\x1b[0m\n'}
[5.175575] (crazyflie_interfaces) StdoutLine: {'line': b'[ 88%] \x1b[32mBuilding C object CMakeFiles/crazyflie_interfaces__rosidl_generator_py.dir/rosidl_generator_py/crazyflie_interfaces/msg/_connection_statistics_s.c.o\x1b[0m\n'}
[5.175679] (crazyflie_interfaces) StdoutLine: {'line': b'[ 88%] \x1b[32mBuilding C object CMakeFiles/crazyflie_interfaces__rosidl_generator_py.dir/rosidl_generator_py/crazyflie_interfaces/srv/_notify_setpoints_stop_s.c.o\x1b[0m\n'}
[5.175764] (crazyflie_interfaces) StdoutLine: {'line': b'[ 89%] \x1b[32mBuilding C object CMakeFiles/crazyflie_interfaces__rosidl_generator_py.dir/rosidl_generator_py/crazyflie_interfaces/msg/_connection_statistics_array_s.c.o\x1b[0m\n'}
[5.175910] (crazyflie_interfaces) StdoutLine: {'line': b'[ 89%] \x1b[32mBuilding C object CMakeFiles/crazyflie_interfaces__rosidl_generator_py.dir/rosidl_generator_py/crazyflie_interfaces/srv/_go_to_s.c.o\x1b[0m\n'}
[5.176060] (crazyflie_interfaces) StdoutLine: {'line': b'[ 89%] \x1b[32mBuilding C object CMakeFiles/crazyflie_interfaces__rosidl_generator_py.dir/rosidl_generator_py/crazyflie_interfaces/msg/_trajectory_polynomial_piece_s.c.o\x1b[0m\n'}
[5.176116] (crazyflie_interfaces) StdoutLine: {'line': b'[ 89%] \x1b[32mBuilding C object CMakeFiles/crazyflie_interfaces__rosidl_generator_py.dir/rosidl_generator_py/crazyflie_interfaces/msg/_full_state_s.c.o\x1b[0m\n'}
[5.176193] (crazyflie_interfaces) StdoutLine: {'line': b'[ 90%] \x1b[32mBuilding C object CMakeFiles/crazyflie_interfaces__rosidl_generator_py.dir/rosidl_generator_py/crazyflie_interfaces/srv/_land_s.c.o\x1b[0m\n'}
[5.176551] (crazyflie_interfaces) StdoutLine: {'line': b'[ 91%] \x1b[32mBuilding C object CMakeFiles/crazyflie_interfaces__rosidl_generator_py.dir/rosidl_generator_py/crazyflie_interfaces/msg/_log_data_generic_s.c.o\x1b[0m\n'}
[5.176774] (crazyflie_interfaces) StdoutLine: {'line': b'[ 91%] \x1b[32mBuilding C object CMakeFiles/crazyflie_interfaces__rosidl_generator_py.dir/rosidl_generator_py/crazyflie_interfaces/msg/_position_s.c.o\x1b[0m\n'}
[5.176907] (crazyflie_interfaces) StdoutLine: {'line': b'[ 92%] \x1b[32mBuilding C object CMakeFiles/crazyflie_interfaces__rosidl_generator_py.dir/rosidl_generator_py/crazyflie_interfaces/msg/_status_s.c.o\x1b[0m\n'}
[5.177029] (crazyflie_interfaces) StdoutLine: {'line': b'[ 92%] \x1b[32mBuilding C object CMakeFiles/crazyflie_interfaces__rosidl_generator_py.dir/rosidl_generator_py/crazyflie_interfaces/srv/_start_trajectory_s.c.o\x1b[0m\n'}
[5.177966] (crazyflie_interfaces) StdoutLine: {'line': b'[ 93%] \x1b[32mBuilding C object CMakeFiles/crazyflie_interfaces__rosidl_generator_py.dir/rosidl_generator_py/crazyflie_interfaces/srv/_add_logging_s.c.o\x1b[0m\n'}
[5.178092] (crazyflie_interfaces) StdoutLine: {'line': b'[ 93%] \x1b[32mBuilding C object CMakeFiles/crazyflie_interfaces__rosidl_generator_py.dir/rosidl_generator_py/crazyflie_interfaces/srv/_set_group_mask_s.c.o\x1b[0m\n'}
[5.178164] (crazyflie_interfaces) StdoutLine: {'line': b'[ 94%] \x1b[32mBuilding C object CMakeFiles/crazyflie_interfaces__rosidl_generator_py.dir/rosidl_generator_py/crazyflie_interfaces/srv/_update_params_s.c.o\x1b[0m\n'}
[5.178280] (crazyflie_interfaces) StdoutLine: {'line': b'[ 94%] \x1b[32mBuilding C object CMakeFiles/crazyflie_interfaces__rosidl_generator_py.dir/rosidl_generator_py/crazyflie_interfaces/srv/_upload_trajectory_s.c.o\x1b[0m\n'}
[5.178350] (crazyflie_interfaces) StdoutLine: {'line': b'[ 95%] \x1b[32mBuilding C object CMakeFiles/crazyflie_interfaces__rosidl_generator_py.dir/rosidl_generator_py/crazyflie_interfaces/srv/_remove_logging_s.c.o\x1b[0m\n'}
[5.178436] (crazyflie_interfaces) StdoutLine: {'line': b'[ 97%] \x1b[32mBuilding C object CMakeFiles/crazyflie_interfaces__rosidl_generator_py.dir/rosidl_generator_py/crazyflie_interfaces/srv/_arm_s.c.o\x1b[0m\n'}
[5.178538] (crazyflie_interfaces) StdoutLine: {'line': b'[ 97%] \x1b[32mBuilding C object CMakeFiles/crazyflie_interfaces__rosidl_generator_py.dir/rosidl_generator_py/crazyflie_interfaces/srv/_stop_s.c.o\x1b[0m\n'}
[5.178622] (crazyflie_interfaces) StdoutLine: {'line': b'[ 97%] \x1b[32mBuilding C object CMakeFiles/crazyflie_interfaces__rosidl_generator_py.dir/rosidl_generator_py/crazyflie_interfaces/srv/_takeoff_s.c.o\x1b[0m\n'}
[5.213980] (-) TimerEvent: {}
[5.282531] (crazyflie_interfaces) StdoutLine: {'line': b'[ 97%] \x1b[32m\x1b[1mLinking C shared library rosidl_generator_py/crazyflie_interfaces/libcrazyflie_interfaces__rosidl_generator_py.so\x1b[0m\n'}
[5.308669] (crazyflie_interfaces) StdoutLine: {'line': b'[ 97%] Built target crazyflie_interfaces__rosidl_generator_py\n'}
[5.314039] (-) TimerEvent: {}
[5.321669] (crazyflie_interfaces) StdoutLine: {'line': b'[ 98%] \x1b[32mBuilding C object CMakeFiles/crazyflie_interfaces__rosidl_typesupport_introspection_c__pyext.dir/rosidl_generator_py/crazyflie_interfaces/_crazyflie_interfaces_s.ep.rosidl_typesupport_introspection_c.c.o\x1b[0m\n'}
[5.322001] (crazyflie_interfaces) StdoutLine: {'line': b'[ 99%] \x1b[32mBuilding C object CMakeFiles/crazyflie_interfaces__rosidl_typesupport_c__pyext.dir/rosidl_generator_py/crazyflie_interfaces/_crazyflie_interfaces_s.ep.rosidl_typesupport_c.c.o\x1b[0m\n'}
[5.322524] (crazyflie_interfaces) StdoutLine: {'line': b'[100%] \x1b[32mBuilding C object CMakeFiles/crazyflie_interfaces__rosidl_typesupport_fastrtps_c__pyext.dir/rosidl_generator_py/crazyflie_interfaces/_crazyflie_interfaces_s.ep.rosidl_typesupport_fastrtps_c.c.o\x1b[0m\n'}
[5.414134] (-) TimerEvent: {}
[5.423792] (crazyflie_interfaces) StdoutLine: {'line': b'[100%] \x1b[32m\x1b[1mLinking C shared library rosidl_generator_py/crazyflie_interfaces/crazyflie_interfaces_s__rosidl_typesupport_introspection_c.cpython-310-x86_64-linux-gnu.so\x1b[0m\n'}
[5.423971] (crazyflie_interfaces) StdoutLine: {'line': b'[100%] \x1b[32m\x1b[1mLinking C shared library rosidl_generator_py/crazyflie_interfaces/crazyflie_interfaces_s__rosidl_typesupport_fastrtps_c.cpython-310-x86_64-linux-gnu.so\x1b[0m\n'}
[5.424629] (crazyflie_interfaces) StdoutLine: {'line': b'[100%] \x1b[32m\x1b[1mLinking C shared library rosidl_generator_py/crazyflie_interfaces/crazyflie_interfaces_s__rosidl_typesupport_c.cpython-310-x86_64-linux-gnu.so\x1b[0m\n'}
[5.450841] (crazyflie_interfaces) StdoutLine: {'line': b'[100%] Built target crazyflie_interfaces__rosidl_typesupport_introspection_c__pyext\n'}
[5.450959] (crazyflie_interfaces) StdoutLine: {'line': b'[100%] Built target crazyflie_interfaces__rosidl_typesupport_fastrtps_c__pyext\n'}
[5.452770] (crazyflie_interfaces) StdoutLine: {'line': b'[100%] Built target crazyflie_interfaces__rosidl_typesupport_c__pyext\n'}
[5.461314] (crazyflie_interfaces) CommandEnded: {'returncode': 0}
[5.461846] (crazyflie_interfaces) JobProgress: {'identifier': 'crazyflie_interfaces', 'progress': 'install'}
[5.461970] (crazyflie_interfaces) Command: {'cmd': ['/usr/bin/cmake', '--install', '/home/iiitd/cf_ws/build/crazyflie_interfaces'], 'cwd': '/home/iiitd/cf_ws/build/crazyflie_interfaces', 'env': OrderedDict([('LESSOPEN', '| /usr/bin/lesspipe %s'), ('LANGUAGE', 'en_IN:en'), ('USER', 'iiitd'), ('XDG_SESSION_TYPE', 'wayland'), ('SHLVL', '1'), ('LD_LIBRARY_PATH', '/usr/lib/x86_64-linux-gnu/gazebo-11/plugins:/opt/ros/humble/opt/rviz_ogre_vendor/lib:/opt/ros/humble/lib/x86_64-linux-gnu:/opt/ros/humble/lib'), ('HOME', '/home/iiitd'), ('OLDPWD', '/home/iiitd/cf_ws/src'), ('DESKTOP_SESSION', 'ubuntu'), ('ROS_PYTHON_VERSION', '3'), ('GNOME_SHELL_SESSION_MODE', 'ubuntu'), ('GTK_MODULES', 'gail:atk-bridge'), ('SYSTEMD_EXEC_PID', '2764'), ('DBUS_SESSION_BUS_ADDRESS', 'unix:path=/run/user/1000/bus'), ('COLORTERM', 'truecolor'), ('IM_CONFIG_PHASE', '1'), ('WAYLAND_DISPLAY', 'wayland-0'), ('ROS_DISTRO', 'humble'), ('LOGNAME', 'iiitd'), ('SUMO_HOME', '/usr/share/sumo'), ('_', '/usr/bin/colcon'), ('ROS_VERSION', '2'), ('XDG_SESSION_CLASS', 'user'), ('USERNAME', 'iiitd'), ('TERM', 'xterm-256color'), ('GAZEBO_MODEL_PATH', ':/home/iiitd/ros2_ws/install/sjtu_drone_description/share/sjtu_drone_description/models:/home/iiitd/ros2_ws/install/sjtu_drone_description/share/sjtu_drone_description/models'), ('GNOME_DESKTOP_SESSION_ID', 'this-is-deprecated'), ('ROS_LOCALHOST_ONLY', '0'), ('PATH', '/home/iiitd/.opencode/bin:/opt/ros/humble/bin:/home/iiitd/.local/bin:/usr/local/sbin:/usr/local/bin:/usr/sbin:/usr/bin:/sbin:/bin:/usr/games:/usr/local/games:/snap/bin:/snap/bin:/home/iiitd/.local/bin'), ('SESSION_MANAGER', 'local/iiitd-MS-7E02:@/tmp/.ICE-unix/2735,unix/iiitd-MS-7E02:/tmp/.ICE-unix/2735'), ('XDG_MENU_PREFIX', 'gnome-'), ('GNOME_TERMINAL_SCREEN', '/org/gnome/Terminal/screen/50fbead3_129e_4ecf_a85f_7ef6b72954ad'), ('GNOME_SETUP_DISPLAY', ':1'), ('XDG_RUNTIME_DIR', '/run/user/1000'), ('DISPLAY', ':0'), ('LANG', 'en_US.UTF-8'), ('XDG_CURRENT_DESKTOP', 'ubuntu:GNOME'), ('XMODIFIERS', '@im=ibus'), ('XDG_SESSION_DESKTOP', 'ubuntu'), ('XAUTHORITY', '/run/user/1000/.mutter-Xwaylandauth.EEOWS3'), ('LS_COLORS', 'rs=0:di=01;34:ln=01;36:mh=00:pi=40;33:so=01;35:do=01;35:bd=40;33;01:cd=40;33;01:or=40;31;01:mi=00:su=37;41:sg=30;43:ca=30;41:tw=30;42:ow=34;42:st=37;44:ex=01;32:*.tar=01;31:*.tgz=01;31:*.arc=01;31:*.arj=01;31:*.taz=01;31:*.lha=01;31:*.lz4=01;31:*.lzh=01;31:*.lzma=01;31:*.tlz=01;31:*.txz=01;31:*.tzo=01;31:*.t7z=01;31:*.zip=01;31:*.z=01;31:*.dz=01;31:*.gz=01;31:*.lrz=01;31:*.lz=01;31:*.lzo=01;31:*.xz=01;31:*.zst=01;31:*.tzst=01;31:*.bz2=01;31:*.bz=01;31:*.tbz=01;31:*.tbz2=01;31:*.tz=01;31:*.deb=01;31:*.rpm=01;31:*.jar=01;31:*.war=01;31:*.ear=01;31:*.sar=01;31:*.rar=01;31:*.alz=01;31:*.ace=01;31:*.zoo=01;31:*.cpio=01;31:*.7z=01;31:*.rz=01;31:*.cab=01;31:*.wim=01;31:*.swm=01;31:*.dwm=01;31:*.esd=01;31:*.jpg=01;35:*.jpeg=01;35:*.mjpg=01;35:*.mjpeg=01;35:*.gif=01;35:*.bmp=01;35:*.pbm=01;35:*.pgm=01;35:*.ppm=01;35:*.tga=01;35:*.xbm=01;35:*.xpm=01;35:*.tif=01;35:*.tiff=01;35:*.png=01;35:*.svg=01;35:*.svgz=01;35:*.mng=01;35:*.pcx=01;35:*.mov=01;35:*.mpg=01;35:*.mpeg=01;35:*.m2v=01;35:*.mkv=01;35:*.webm=01;35:*.webp=01;35:*.ogm=01;35:*.mp4=01;35:*.m4v=01;35:*.mp4v=01;35:*.vob=01;35:*.qt=01;35:*.nuv=01;35:*.wmv=01;35:*.asf=01;35:*.rm=01;35:*.rmvb=01;35:*.flc=01;35:*.avi=01;35:*.fli=01;35:*.flv=01;35:*.gl=01;35:*.dl=01;35:*.xcf=01;35:*.xwd=01;35:*.yuv=01;35:*.cgm=01;35:*.emf=01;35:*.ogv=01;35:*.ogx=01;35:*.aac=00;36:*.au=00;36:*.flac=00;36:*.m4a=00;36:*.mid=00;36:*.midi=00;36:*.mka=00;36:*.mp3=00;36:*.mpc=00;36:*.ogg=00;36:*.ra=00;36:*.wav=00;36:*.oga=00;36:*.opus=00;36:*.spx=00;36:*.xspf=00;36:'), ('GNOME_TERMINAL_SERVICE', ':1.215'), ('SSH_AGENT_LAUNCHER', 'gnome-keyring'), ('SSH_AUTH_SOCK', '/run/user/1000/keyring/ssh'), ('AMENT_PREFIX_PATH', '/opt/ros/humble'), ('SHELL', '/bin/bash'), ('QT_ACCESSIBILITY', '1'), ('GDMSESSION', 'ubuntu'), ('LESSCLOSE', '/usr/bin/lesspipe %s %s'), ('QT_IM_MODULE', 'ibus'), ('PWD', '/home/iiitd/cf_ws/build/crazyflie_interfaces'), ('TURTLEBOT3_MODEL', 'burger'), ('LC_ALL', 'en_US.UTF-8'), ('XDG_CONFIG_DIRS', '/etc/xdg/xdg-ubuntu:/etc/xdg'), ('GAZEBO_PLUGIN_PATH', ':/home/iiitd/ros2_ws/install/sjtu_drone_description/lib:/home/iiitd/ros2_ws/install/sjtu_drone_description/lib'), ('XDG_DATA_DIRS', '/usr/share/ubuntu:/usr/local/share/:/usr/share/:/var/lib/snapd/desktop'), ('PYTHONPATH', '/opt/ros/humble/lib/python3.10/site-packages:/opt/ros/humble/local/lib/python3.10/dist-packages'), ('COLCON', '1'), ('VTE_VERSION', '6800'), ('CMAKE_PREFIX_PATH', '/opt/ros/humble')]), 'shell': False}
[5.467793] (crazyflie_interfaces) StdoutLine: {'line': b'-- Install configuration: ""\n'}
[5.468480] (crazyflie_interfaces) StdoutLine: {'line': b'-- Execute custom install script\n'}
[5.468633] (crazyflie_interfaces) StdoutLine: {'line': b'-- Symlinking: /home/iiitd/cf_ws/install/crazyflie_interfaces/share/ament_index/resource_index/rosidl_interfaces/crazyflie_interfaces\n'}
[5.472987] (crazyflie_interfaces) StdoutLine: {'line': b'-- Symlinking: /home/iiitd/cf_ws/install/crazyflie_interfaces/include/crazyflie_interfaces/crazyflie_interfaces/msg/connection_statistics.h\n'}
[5.477582] (crazyflie_interfaces) StdoutLine: {'line': b'-- Symlinking: /home/iiitd/cf_ws/install/crazyflie_interfaces/include/crazyflie_interfaces/crazyflie_interfaces/msg/connection_statistics_array.h\n'}
[5.481460] (crazyflie_interfaces) StdoutLine: {'line': b'-- Symlinking: /home/iiitd/cf_ws/install/crazyflie_interfaces/include/crazyflie_interfaces/crazyflie_interfaces/msg/detail/connection_statistics__functions.h\n'}
[5.486100] (crazyflie_interfaces) StdoutLine: {'line': b'-- Symlinking: /home/iiitd/cf_ws/install/crazyflie_interfaces/include/crazyflie_interfaces/crazyflie_interfaces/msg/detail/connection_statistics__struct.h\n'}
[5.491162] (crazyflie_interfaces) StdoutLine: {'line': b'-- Symlinking: /home/iiitd/cf_ws/install/crazyflie_interfaces/include/crazyflie_interfaces/crazyflie_interfaces/msg/detail/connection_statistics__type_support.h\n'}
[5.496193] (crazyflie_interfaces) StdoutLine: {'line': b'-- Symlinking: /home/iiitd/cf_ws/install/crazyflie_interfaces/include/crazyflie_interfaces/crazyflie_interfaces/msg/detail/connection_statistics_array__functions.h\n'}
[5.500218] (crazyflie_interfaces) StdoutLine: {'line': b'-- Symlinking: /home/iiitd/cf_ws/install/crazyflie_interfaces/include/crazyflie_interfaces/crazyflie_interfaces/msg/detail/connection_statistics_array__struct.h\n'}
[5.505054] (crazyflie_interfaces) StdoutLine: {'line': b'-- Symlinking: /home/iiitd/cf_ws/install/crazyflie_interfaces/include/crazyflie_interfaces/crazyflie_interfaces/msg/detail/connection_statistics_array__type_support.h\n'}
[5.509449] (crazyflie_interfaces) StdoutLine: {'line': b'-- Symlinking: /home/iiitd/cf_ws/install/crazyflie_interfaces/include/crazyflie_interfaces/crazyflie_interfaces/msg/detail/full_state__functions.h\n'}
[5.514183] (-) TimerEvent: {}
[5.514376] (crazyflie_interfaces) StdoutLine: {'line': b'-- Symlinking: /home/iiitd/cf_ws/install/crazyflie_interfaces/include/crazyflie_interfaces/crazyflie_interfaces/msg/detail/full_state__struct.h\n'}
[5.519531] (crazyflie_interfaces) StdoutLine: {'line': b'-- Symlinking: /home/iiitd/cf_ws/install/crazyflie_interfaces/include/crazyflie_interfaces/crazyflie_interfaces/msg/detail/full_state__type_support.h\n'}
[5.524679] (crazyflie_interfaces) StdoutLine: {'line': b'-- Symlinking: /home/iiitd/cf_ws/install/crazyflie_interfaces/include/crazyflie_interfaces/crazyflie_interfaces/msg/detail/hover__functions.h\n'}
[5.528044] (crazyflie_interfaces) StdoutLine: {'line': b'-- Symlinking: /home/iiitd/cf_ws/install/crazyflie_interfaces/include/crazyflie_interfaces/crazyflie_interfaces/msg/detail/hover__struct.h\n'}
[5.532486] (crazyflie_interfaces) StdoutLine: {'line': b'-- Symlinking: /home/iiitd/cf_ws/install/crazyflie_interfaces/include/crazyflie_interfaces/crazyflie_interfaces/msg/detail/hover__type_support.h\n'}
[5.536860] (crazyflie_interfaces) StdoutLine: {'line': b'-- Symlinking: /home/iiitd/cf_ws/install/crazyflie_interfaces/include/crazyflie_interfaces/crazyflie_interfaces/msg/detail/log_block__functions.h\n'}
[5.541750] (crazyflie_interfaces) StdoutLine: {'line': b'-- Symlinking: /home/iiitd/cf_ws/install/crazyflie_interfaces/include/crazyflie_interfaces/crazyflie_interfaces/msg/detail/log_block__struct.h\n'}
[5.546739] (crazyflie_interfaces) StdoutLine: {'line': b'-- Symlinking: /home/iiitd/cf_ws/install/crazyflie_interfaces/include/crazyflie_interfaces/crazyflie_interfaces/msg/detail/log_block__type_support.h\n'}
[5.550505] (crazyflie_interfaces) StdoutLine: {'line': b'-- Symlinking: /home/iiitd/cf_ws/install/crazyflie_interfaces/include/crazyflie_interfaces/crazyflie_interfaces/msg/detail/log_data_generic__functions.h\n'}
[5.554748] (crazyflie_interfaces) StdoutLine: {'line': b'-- Symlinking: /home/iiitd/cf_ws/install/crazyflie_interfaces/include/crazyflie_interfaces/crazyflie_interfaces/msg/detail/log_data_generic__struct.h\n'}
[5.559554] (crazyflie_interfaces) StdoutLine: {'line': b'-- Symlinking: /home/iiitd/cf_ws/install/crazyflie_interfaces/include/crazyflie_interfaces/crazyflie_interfaces/msg/detail/log_data_generic__type_support.h\n'}
[5.564396] (crazyflie_interfaces) StdoutLine: {'line': b'-- Symlinking: /home/iiitd/cf_ws/install/crazyflie_interfaces/include/crazyflie_interfaces/crazyflie_interfaces/msg/detail/position__functions.h\n'}
[5.567973] (crazyflie_interfaces) StdoutLine: {'line': b'-- Symlinking: /home/iiitd/cf_ws/install/crazyflie_interfaces/include/crazyflie_interfaces/crazyflie_interfaces/msg/detail/position__struct.h\n'}
[5.572775] (crazyflie_interfaces) StdoutLine: {'line': b'-- Symlinking: /home/iiitd/cf_ws/install/crazyflie_interfaces/include/crazyflie_interfaces/crazyflie_interfaces/msg/detail/position__type_support.h\n'}
[5.577622] (crazyflie_interfaces) StdoutLine: {'line': b'-- Symlinking: /home/iiitd/cf_ws/install/crazyflie_interfaces/include/crazyflie_interfaces/crazyflie_interfaces/msg/detail/status__functions.h\n'}
[5.582359] (crazyflie_interfaces) StdoutLine: {'line': b'-- Symlinking: /home/iiitd/cf_ws/install/crazyflie_interfaces/include/crazyflie_interfaces/crazyflie_interfaces/msg/detail/status__struct.h\n'}
[5.585960] (crazyflie_interfaces) StdoutLine: {'line': b'-- Symlinking: /home/iiitd/cf_ws/install/crazyflie_interfaces/include/crazyflie_interfaces/crazyflie_interfaces/msg/detail/status__type_support.h\n'}
[5.589761] (crazyflie_interfaces) StdoutLine: {'line': b'-- Symlinking: /home/iiitd/cf_ws/install/crazyflie_interfaces/include/crazyflie_interfaces/crazyflie_interfaces/msg/detail/trajectory_polynomial_piece__functions.h\n'}
[5.594362] (crazyflie_interfaces) StdoutLine: {'line': b'-- Symlinking: /home/iiitd/cf_ws/install/crazyflie_interfaces/include/crazyflie_interfaces/crazyflie_interfaces/msg/detail/trajectory_polynomial_piece__struct.h\n'}
[5.597838] (crazyflie_interfaces) StdoutLine: {'line': b'-- Symlinking: /home/iiitd/cf_ws/install/crazyflie_interfaces/include/crazyflie_interfaces/crazyflie_interfaces/msg/detail/trajectory_polynomial_piece__type_support.h\n'}
[5.602752] (crazyflie_interfaces) StdoutLine: {'line': b'-- Symlinking: /home/iiitd/cf_ws/install/crazyflie_interfaces/include/crazyflie_interfaces/crazyflie_interfaces/msg/detail/velocity_world__functions.h\n'}
[5.607355] (crazyflie_interfaces) StdoutLine: {'line': b'-- Symlinking: /home/iiitd/cf_ws/install/crazyflie_interfaces/include/crazyflie_interfaces/crazyflie_interfaces/msg/detail/velocity_world__struct.h\n'}
[5.611919] (crazyflie_interfaces) StdoutLine: {'line': b'-- Symlinking: /home/iiitd/cf_ws/install/crazyflie_interfaces/include/crazyflie_interfaces/crazyflie_interfaces/msg/detail/velocity_world__type_support.h\n'}
[5.614256] (-) TimerEvent: {}
[5.616761] (crazyflie_interfaces) StdoutLine: {'line': b'-- Symlinking: /home/iiitd/cf_ws/install/crazyflie_interfaces/include/crazyflie_interfaces/crazyflie_interfaces/msg/full_state.h\n'}
[5.621437] (crazyflie_interfaces) StdoutLine: {'line': b'-- Symlinking: /home/iiitd/cf_ws/install/crazyflie_interfaces/include/crazyflie_interfaces/crazyflie_interfaces/msg/hover.h\n'}
[5.625381] (crazyflie_interfaces) StdoutLine: {'line': b'-- Symlinking: /home/iiitd/cf_ws/install/crazyflie_interfaces/include/crazyflie_interfaces/crazyflie_interfaces/msg/log_block.h\n'}
[5.630044] (crazyflie_interfaces) StdoutLine: {'line': b'-- Symlinking: /home/iiitd/cf_ws/install/crazyflie_interfaces/include/crazyflie_interfaces/crazyflie_interfaces/msg/log_data_generic.h\n'}
[5.634831] (crazyflie_interfaces) StdoutLine: {'line': b'-- Symlinking: /home/iiitd/cf_ws/install/crazyflie_interfaces/include/crazyflie_interfaces/crazyflie_interfaces/msg/position.h\n'}
[5.638640] (crazyflie_interfaces) StdoutLine: {'line': b'-- Symlinking: /home/iiitd/cf_ws/install/crazyflie_interfaces/include/crazyflie_interfaces/crazyflie_interfaces/msg/rosidl_generator_c__visibility_control.h\n'}
[5.643750] (crazyflie_interfaces) StdoutLine: {'line': b'-- Symlinking: /home/iiitd/cf_ws/install/crazyflie_interfaces/include/crazyflie_interfaces/crazyflie_interfaces/msg/status.h\n'}
[5.648770] (crazyflie_interfaces) StdoutLine: {'line': b'-- Symlinking: /home/iiitd/cf_ws/install/crazyflie_interfaces/include/crazyflie_interfaces/crazyflie_interfaces/msg/trajectory_polynomial_piece.h\n'}
[5.652616] (crazyflie_interfaces) StdoutLine: {'line': b'-- Symlinking: /home/iiitd/cf_ws/install/crazyflie_interfaces/include/crazyflie_interfaces/crazyflie_interfaces/msg/velocity_world.h\n'}
[5.656055] (crazyflie_interfaces) StdoutLine: {'line': b'-- Symlinking: /home/iiitd/cf_ws/install/crazyflie_interfaces/include/crazyflie_interfaces/crazyflie_interfaces/srv/add_logging.h\n'}
[5.660953] (crazyflie_interfaces) StdoutLine: {'line': b'-- Symlinking: /home/iiitd/cf_ws/install/crazyflie_interfaces/include/crazyflie_interfaces/crazyflie_interfaces/srv/arm.h\n'}
[5.665951] (crazyflie_interfaces) StdoutLine: {'line': b'-- Symlinking: /home/iiitd/cf_ws/install/crazyflie_interfaces/include/crazyflie_interfaces/crazyflie_interfaces/srv/detail/add_logging__functions.h\n'}
[5.669678] (crazyflie_interfaces) StdoutLine: {'line': b'-- Symlinking: /home/iiitd/cf_ws/install/crazyflie_interfaces/include/crazyflie_interfaces/crazyflie_interfaces/srv/detail/add_logging__struct.h\n'}
[5.673876] (crazyflie_interfaces) StdoutLine: {'line': b'-- Symlinking: /home/iiitd/cf_ws/install/crazyflie_interfaces/include/crazyflie_interfaces/crazyflie_interfaces/srv/detail/add_logging__type_support.h\n'}
[5.678453] (crazyflie_interfaces) StdoutLine: {'line': b'-- Symlinking: /home/iiitd/cf_ws/install/crazyflie_interfaces/include/crazyflie_interfaces/crazyflie_interfaces/srv/detail/arm__functions.h\n'}
[5.682776] (crazyflie_interfaces) StdoutLine: {'line': b'-- Symlinking: /home/iiitd/cf_ws/install/crazyflie_interfaces/include/crazyflie_interfaces/crazyflie_interfaces/srv/detail/arm__struct.h\n'}
[5.687738] (crazyflie_interfaces) StdoutLine: {'line': b'-- Symlinking: /home/iiitd/cf_ws/install/crazyflie_interfaces/include/crazyflie_interfaces/crazyflie_interfaces/srv/detail/arm__type_support.h\n'}
[5.692398] (crazyflie_interfaces) StdoutLine: {'line': b'-- Symlinking: /home/iiitd/cf_ws/install/crazyflie_interfaces/include/crazyflie_interfaces/crazyflie_interfaces/srv/detail/go_to__functions.h\n'}
[5.696149] (crazyflie_interfaces) StdoutLine: {'line': b'-- Symlinking: /home/iiitd/cf_ws/install/crazyflie_interfaces/include/crazyflie_interfaces/crazyflie_interfaces/srv/detail/go_to__struct.h\n'}
[5.701188] (crazyflie_interfaces) StdoutLine: {'line': b'-- Symlinking: /home/iiitd/cf_ws/install/crazyflie_interfaces/include/crazyflie_interfaces/crazyflie_interfaces/srv/detail/go_to__type_support.h\n'}
[5.706297] (crazyflie_interfaces) StdoutLine: {'line': b'-- Symlinking: /home/iiitd/cf_ws/install/crazyflie_interfaces/include/crazyflie_interfaces/crazyflie_interfaces/srv/detail/land__functions.h\n'}
[5.710729] (crazyflie_interfaces) StdoutLine: {'line': b'-- Symlinking: /home/iiitd/cf_ws/install/crazyflie_interfaces/include/crazyflie_interfaces/crazyflie_interfaces/srv/detail/land__struct.h\n'}
[5.714305] (-) TimerEvent: {}
[5.716002] (crazyflie_interfaces) StdoutLine: {'line': b'-- Symlinking: /home/iiitd/cf_ws/install/crazyflie_interfaces/include/crazyflie_interfaces/crazyflie_interfaces/srv/detail/land__type_support.h\n'}
[5.719804] (crazyflie_interfaces) StdoutLine: {'line': b'-- Symlinking: /home/iiitd/cf_ws/install/crazyflie_interfaces/include/crazyflie_interfaces/crazyflie_interfaces/srv/detail/notify_setpoints_stop__functions.h\n'}
[5.724435] (crazyflie_interfaces) StdoutLine: {'line': b'-- Symlinking: /home/iiitd/cf_ws/install/crazyflie_interfaces/include/crazyflie_interfaces/crazyflie_interfaces/srv/detail/notify_setpoints_stop__struct.h\n'}
[5.729336] (crazyflie_interfaces) StdoutLine: {'line': b'-- Symlinking: /home/iiitd/cf_ws/install/crazyflie_interfaces/include/crazyflie_interfaces/crazyflie_interfaces/srv/detail/notify_setpoints_stop__type_support.h\n'}
[5.734238] (crazyflie_interfaces) StdoutLine: {'line': b'-- Symlinking: /home/iiitd/cf_ws/install/crazyflie_interfaces/include/crazyflie_interfaces/crazyflie_interfaces/srv/detail/remove_logging__functions.h\n'}
[5.738543] (crazyflie_interfaces) StdoutLine: {'line': b'-- Symlinking: /home/iiitd/cf_ws/install/crazyflie_interfaces/include/crazyflie_interfaces/crazyflie_interfaces/srv/detail/remove_logging__struct.h\n'}
[5.743414] (crazyflie_interfaces) StdoutLine: {'line': b'-- Symlinking: /home/iiitd/cf_ws/install/crazyflie_interfaces/include/crazyflie_interfaces/crazyflie_interfaces/srv/detail/remove_logging__type_support.h\n'}
[5.748417] (crazyflie_interfaces) StdoutLine: {'line': b'-- Symlinking: /home/iiitd/cf_ws/install/crazyflie_interfaces/include/crazyflie_interfaces/crazyflie_interfaces/srv/detail/set_group_mask__functions.h\n'}
[5.752460] (crazyflie_interfaces) StdoutLine: {'line': b'-- Symlinking: /home/iiitd/cf_ws/install/crazyflie_interfaces/include/crazyflie_interfaces/crazyflie_interfaces/srv/detail/set_group_mask__struct.h\n'}
[5.757154] (crazyflie_interfaces) StdoutLine: {'line': b'-- Symlinking: /home/iiitd/cf_ws/install/crazyflie_interfaces/include/crazyflie_interfaces/crazyflie_interfaces/srv/detail/set_group_mask__type_support.h\n'}
[5.762155] (crazyflie_interfaces) StdoutLine: {'line': b'-- Symlinking: /home/iiitd/cf_ws/install/crazyflie_interfaces/include/crazyflie_interfaces/crazyflie_interfaces/srv/detail/start_trajectory__functions.h\n'}
[5.765888] (crazyflie_interfaces) StdoutLine: {'line': b'-- Symlinking: /home/iiitd/cf_ws/install/crazyflie_interfaces/include/crazyflie_interfaces/crazyflie_interfaces/srv/detail/start_trajectory__struct.h\n'}
[5.770685] (crazyflie_interfaces) StdoutLine: {'line': b'-- Symlinking: /home/iiitd/cf_ws/install/crazyflie_interfaces/include/crazyflie_interfaces/crazyflie_interfaces/srv/detail/start_trajectory__type_support.h\n'}
[5.775320] (crazyflie_interfaces) StdoutLine: {'line': b'-- Symlinking: /home/iiitd/cf_ws/install/crazyflie_interfaces/include/crazyflie_interfaces/crazyflie_interfaces/srv/detail/stop__functions.h\n'}
[5.780194] (crazyflie_interfaces) StdoutLine: {'line': b'-- Symlinking: /home/iiitd/cf_ws/install/crazyflie_interfaces/include/crazyflie_interfaces/crazyflie_interfaces/srv/detail/stop__struct.h\n'}
[5.784842] (crazyflie_interfaces) StdoutLine: {'line': b'-- Symlinking: /home/iiitd/cf_ws/install/crazyflie_interfaces/include/crazyflie_interfaces/crazyflie_interfaces/srv/detail/stop__type_support.h\n'}
[5.789934] (crazyflie_interfaces) StdoutLine: {'line': b'-- Symlinking: /home/iiitd/cf_ws/install/crazyflie_interfaces/include/crazyflie_interfaces/crazyflie_interfaces/srv/detail/takeoff__functions.h\n'}
[5.793803] (crazyflie_interfaces) StdoutLine: {'line': b'-- Symlinking: /home/iiitd/cf_ws/install/crazyflie_interfaces/include/crazyflie_interfaces/crazyflie_interfaces/srv/detail/takeoff__struct.h\n'}
[5.797756] (crazyflie_interfaces) StdoutLine: {'line': b'-- Symlinking: /home/iiitd/cf_ws/install/crazyflie_interfaces/include/crazyflie_interfaces/crazyflie_interfaces/srv/detail/takeoff__type_support.h\n'}
[5.801893] (crazyflie_interfaces) StdoutLine: {'line': b'-- Symlinking: /home/iiitd/cf_ws/install/crazyflie_interfaces/include/crazyflie_interfaces/crazyflie_interfaces/srv/detail/update_params__functions.h\n'}
[5.806816] (crazyflie_interfaces) StdoutLine: {'line': b'-- Symlinking: /home/iiitd/cf_ws/install/crazyflie_interfaces/include/crazyflie_interfaces/crazyflie_interfaces/srv/detail/update_params__struct.h\n'}
[5.810283] (crazyflie_interfaces) StdoutLine: {'line': b'-- Symlinking: /home/iiitd/cf_ws/install/crazyflie_interfaces/include/crazyflie_interfaces/crazyflie_interfaces/srv/detail/update_params__type_support.h\n'}
[5.814365] (-) TimerEvent: {}
[5.814766] (crazyflie_interfaces) StdoutLine: {'line': b'-- Symlinking: /home/iiitd/cf_ws/install/crazyflie_interfaces/include/crazyflie_interfaces/crazyflie_interfaces/srv/detail/upload_trajectory__functions.h\n'}
[5.819864] (crazyflie_interfaces) StdoutLine: {'line': b'-- Symlinking: /home/iiitd/cf_ws/install/crazyflie_interfaces/include/crazyflie_interfaces/crazyflie_interfaces/srv/detail/upload_trajectory__struct.h\n'}
[5.823359] (crazyflie_interfaces) StdoutLine: {'line': b'-- Symlinking: /home/iiitd/cf_ws/install/crazyflie_interfaces/include/crazyflie_interfaces/crazyflie_interfaces/srv/detail/upload_trajectory__type_support.h\n'}
[5.828183] (crazyflie_interfaces) StdoutLine: {'line': b'-- Symlinking: /home/iiitd/cf_ws/install/crazyflie_interfaces/include/crazyflie_interfaces/crazyflie_interfaces/srv/go_to.h\n'}
[5.832766] (crazyflie_interfaces) StdoutLine: {'line': b'-- Symlinking: /home/iiitd/cf_ws/install/crazyflie_interfaces/include/crazyflie_interfaces/crazyflie_interfaces/srv/land.h\n'}
[5.837040] (crazyflie_interfaces) StdoutLine: {'line': b'-- Symlinking: /home/iiitd/cf_ws/install/crazyflie_interfaces/include/crazyflie_interfaces/crazyflie_interfaces/srv/notify_setpoints_stop.h\n'}
[5.841252] (crazyflie_interfaces) StdoutLine: {'line': b'-- Symlinking: /home/iiitd/cf_ws/install/crazyflie_interfaces/include/crazyflie_interfaces/crazyflie_interfaces/srv/remove_logging.h\n'}
[5.846296] (crazyflie_interfaces) StdoutLine: {'line': b'-- Symlinking: /home/iiitd/cf_ws/install/crazyflie_interfaces/include/crazyflie_interfaces/crazyflie_interfaces/srv/set_group_mask.h\n'}
[5.850377] (crazyflie_interfaces) StdoutLine: {'line': b'-- Symlinking: /home/iiitd/cf_ws/install/crazyflie_interfaces/include/crazyflie_interfaces/crazyflie_interfaces/srv/start_trajectory.h\n'}
[5.853995] (crazyflie_interfaces) StdoutLine: {'line': b'-- Symlinking: /home/iiitd/cf_ws/install/crazyflie_interfaces/include/crazyflie_interfaces/crazyflie_interfaces/srv/stop.h\n'}
[5.858978] (crazyflie_interfaces) StdoutLine: {'line': b'-- Symlinking: /home/iiitd/cf_ws/install/crazyflie_interfaces/include/crazyflie_interfaces/crazyflie_interfaces/srv/takeoff.h\n'}
[5.863917] (crazyflie_interfaces) StdoutLine: {'line': b'-- Symlinking: /home/iiitd/cf_ws/install/crazyflie_interfaces/include/crazyflie_interfaces/crazyflie_interfaces/srv/update_params.h\n'}
[5.867333] (crazyflie_interfaces) StdoutLine: {'line': b'-- Symlinking: /home/iiitd/cf_ws/install/crazyflie_interfaces/include/crazyflie_interfaces/crazyflie_interfaces/srv/upload_trajectory.h\n'}
[5.872406] (crazyflie_interfaces) StdoutLine: {'line': b'-- Symlinking: /home/iiitd/cf_ws/install/crazyflie_interfaces/share/crazyflie_interfaces/environment/library_path.sh\n'}
[5.877108] (crazyflie_interfaces) StdoutLine: {'line': b'-- Symlinking: /home/iiitd/cf_ws/install/crazyflie_interfaces/share/crazyflie_interfaces/environment/library_path.dsv\n'}
[5.881614] (crazyflie_interfaces) StdoutLine: {'line': b'-- Symlinking: /home/iiitd/cf_ws/install/crazyflie_interfaces/include/crazyflie_interfaces/crazyflie_interfaces/msg/detail/connection_statistics__rosidl_typesupport_fastrtps_c.h\n'}
[5.885457] (crazyflie_interfaces) StdoutLine: {'line': b'-- Symlinking: /home/iiitd/cf_ws/install/crazyflie_interfaces/include/crazyflie_interfaces/crazyflie_interfaces/msg/detail/connection_statistics_array__rosidl_typesupport_fastrtps_c.h\n'}
[5.890585] (crazyflie_interfaces) StdoutLine: {'line': b'-- Symlinking: /home/iiitd/cf_ws/install/crazyflie_interfaces/include/crazyflie_interfaces/crazyflie_interfaces/msg/detail/full_state__rosidl_typesupport_fastrtps_c.h\n'}
[5.894903] (crazyflie_interfaces) StdoutLine: {'line': b'-- Symlinking: /home/iiitd/cf_ws/install/crazyflie_interfaces/include/crazyflie_interfaces/crazyflie_interfaces/msg/detail/hover__rosidl_typesupport_fastrtps_c.h\n'}
[5.899260] (crazyflie_interfaces) StdoutLine: {'line': b'-- Symlinking: /home/iiitd/cf_ws/install/crazyflie_interfaces/include/crazyflie_interfaces/crazyflie_interfaces/msg/detail/log_block__rosidl_typesupport_fastrtps_c.h\n'}
[5.904322] (crazyflie_interfaces) StdoutLine: {'line': b'-- Symlinking: /home/iiitd/cf_ws/install/crazyflie_interfaces/include/crazyflie_interfaces/crazyflie_interfaces/msg/detail/log_data_generic__rosidl_typesupport_fastrtps_c.h\n'}
[5.908742] (crazyflie_interfaces) StdoutLine: {'line': b'-- Symlinking: /home/iiitd/cf_ws/install/crazyflie_interfaces/include/crazyflie_interfaces/crazyflie_interfaces/msg/detail/position__rosidl_typesupport_fastrtps_c.h\n'}
[5.913697] (crazyflie_interfaces) StdoutLine: {'line': b'-- Symlinking: /home/iiitd/cf_ws/install/crazyflie_interfaces/include/crazyflie_interfaces/crazyflie_interfaces/msg/detail/status__rosidl_typesupport_fastrtps_c.h\n'}
[5.914426] (-) TimerEvent: {}
[5.916940] (crazyflie_interfaces) StdoutLine: {'line': b'-- Symlinking: /home/iiitd/cf_ws/install/crazyflie_interfaces/include/crazyflie_interfaces/crazyflie_interfaces/msg/detail/trajectory_polynomial_piece__rosidl_typesupport_fastrtps_c.h\n'}
[5.921432] (crazyflie_interfaces) StdoutLine: {'line': b'-- Symlinking: /home/iiitd/cf_ws/install/crazyflie_interfaces/include/crazyflie_interfaces/crazyflie_interfaces/msg/detail/velocity_world__rosidl_typesupport_fastrtps_c.h\n'}
[5.925629] (crazyflie_interfaces) StdoutLine: {'line': b'-- Symlinking: /home/iiitd/cf_ws/install/crazyflie_interfaces/include/crazyflie_interfaces/crazyflie_interfaces/msg/rosidl_typesupport_fastrtps_c__visibility_control.h\n'}
[5.929188] (crazyflie_interfaces) StdoutLine: {'line': b'-- Symlinking: /home/iiitd/cf_ws/install/crazyflie_interfaces/include/crazyflie_interfaces/crazyflie_interfaces/srv/detail/add_logging__rosidl_typesupport_fastrtps_c.h\n'}
[5.934292] (crazyflie_interfaces) StdoutLine: {'line': b'-- Symlinking: /home/iiitd/cf_ws/install/crazyflie_interfaces/include/crazyflie_interfaces/crazyflie_interfaces/srv/detail/arm__rosidl_typesupport_fastrtps_c.h\n'}
[5.937875] (crazyflie_interfaces) StdoutLine: {'line': b'-- Symlinking: /home/iiitd/cf_ws/install/crazyflie_interfaces/include/crazyflie_interfaces/crazyflie_interfaces/srv/detail/go_to__rosidl_typesupport_fastrtps_c.h\n'}
[5.941622] (crazyflie_interfaces) StdoutLine: {'line': b'-- Symlinking: /home/iiitd/cf_ws/install/crazyflie_interfaces/include/crazyflie_interfaces/crazyflie_interfaces/srv/detail/land__rosidl_typesupport_fastrtps_c.h\n'}
[5.946261] (crazyflie_interfaces) StdoutLine: {'line': b'-- Symlinking: /home/iiitd/cf_ws/install/crazyflie_interfaces/include/crazyflie_interfaces/crazyflie_interfaces/srv/detail/notify_setpoints_stop__rosidl_typesupport_fastrtps_c.h\n'}
[5.950360] (crazyflie_interfaces) StdoutLine: {'line': b'-- Symlinking: /home/iiitd/cf_ws/install/crazyflie_interfaces/include/crazyflie_interfaces/crazyflie_interfaces/srv/detail/remove_logging__rosidl_typesupport_fastrtps_c.h\n'}
[5.954007] (crazyflie_interfaces) StdoutLine: {'line': b'-- Symlinking: /home/iiitd/cf_ws/install/crazyflie_interfaces/include/crazyflie_interfaces/crazyflie_interfaces/srv/detail/set_group_mask__rosidl_typesupport_fastrtps_c.h\n'}
[5.958067] (crazyflie_interfaces) StdoutLine: {'line': b'-- Symlinking: /home/iiitd/cf_ws/install/crazyflie_interfaces/include/crazyflie_interfaces/crazyflie_interfaces/srv/detail/start_trajectory__rosidl_typesupport_fastrtps_c.h\n'}
[5.962304] (crazyflie_interfaces) StdoutLine: {'line': b'-- Symlinking: /home/iiitd/cf_ws/install/crazyflie_interfaces/include/crazyflie_interfaces/crazyflie_interfaces/srv/detail/stop__rosidl_typesupport_fastrtps_c.h\n'}
[5.966241] (crazyflie_interfaces) StdoutLine: {'line': b'-- Symlinking: /home/iiitd/cf_ws/install/crazyflie_interfaces/include/crazyflie_interfaces/crazyflie_interfaces/srv/detail/takeoff__rosidl_typesupport_fastrtps_c.h\n'}
[5.969874] (crazyflie_interfaces) StdoutLine: {'line': b'-- Symlinking: /home/iiitd/cf_ws/install/crazyflie_interfaces/include/crazyflie_interfaces/crazyflie_interfaces/srv/detail/update_params__rosidl_typesupport_fastrtps_c.h\n'}
[5.974753] (crazyflie_interfaces) StdoutLine: {'line': b'-- Symlinking: /home/iiitd/cf_ws/install/crazyflie_interfaces/include/crazyflie_interfaces/crazyflie_interfaces/srv/detail/upload_trajectory__rosidl_typesupport_fastrtps_c.h\n'}
[5.979518] (crazyflie_interfaces) StdoutLine: {'line': b'-- Symlinking: /home/iiitd/cf_ws/install/crazyflie_interfaces/include/crazyflie_interfaces/crazyflie_interfaces/msg/connection_statistics.hpp\n'}
[5.983845] (crazyflie_interfaces) StdoutLine: {'line': b'-- Symlinking: /home/iiitd/cf_ws/install/crazyflie_interfaces/include/crazyflie_interfaces/crazyflie_interfaces/msg/connection_statistics_array.hpp\n'}
[5.988873] (crazyflie_interfaces) StdoutLine: {'line': b'-- Symlinking: /home/iiitd/cf_ws/install/crazyflie_interfaces/include/crazyflie_interfaces/crazyflie_interfaces/msg/detail/connection_statistics__builder.hpp\n'}
[5.993048] (crazyflie_interfaces) StdoutLine: {'line': b'-- Symlinking: /home/iiitd/cf_ws/install/crazyflie_interfaces/include/crazyflie_interfaces/crazyflie_interfaces/msg/detail/connection_statistics__struct.hpp\n'}
[5.997798] (crazyflie_interfaces) StdoutLine: {'line': b'-- Symlinking: /home/iiitd/cf_ws/install/crazyflie_interfaces/include/crazyflie_interfaces/crazyflie_interfaces/msg/detail/connection_statistics__traits.hpp\n'}
[6.001982] (crazyflie_interfaces) StdoutLine: {'line': b'-- Symlinking: /home/iiitd/cf_ws/install/crazyflie_interfaces/include/crazyflie_interfaces/crazyflie_interfaces/msg/detail/connection_statistics__type_support.hpp\n'}
[6.006599] (crazyflie_interfaces) StdoutLine: {'line': b'-- Symlinking: /home/iiitd/cf_ws/install/crazyflie_interfaces/include/crazyflie_interfaces/crazyflie_interfaces/msg/detail/connection_statistics_array__builder.hpp\n'}
[6.009983] (crazyflie_interfaces) StdoutLine: {'line': b'-- Symlinking: /home/iiitd/cf_ws/install/crazyflie_interfaces/include/crazyflie_interfaces/crazyflie_interfaces/msg/detail/connection_statistics_array__struct.hpp\n'}
[6.013276] (crazyflie_interfaces) StdoutLine: {'line': b'-- Symlinking: /home/iiitd/cf_ws/install/crazyflie_interfaces/include/crazyflie_interfaces/crazyflie_interfaces/msg/detail/connection_statistics_array__traits.hpp\n'}
[6.014483] (-) TimerEvent: {}
[6.018047] (crazyflie_interfaces) StdoutLine: {'line': b'-- Symlinking: /home/iiitd/cf_ws/install/crazyflie_interfaces/include/crazyflie_interfaces/crazyflie_interfaces/msg/detail/connection_statistics_array__type_support.hpp\n'}
[6.022296] (crazyflie_interfaces) StdoutLine: {'line': b'-- Symlinking: /home/iiitd/cf_ws/install/crazyflie_interfaces/include/crazyflie_interfaces/crazyflie_interfaces/msg/detail/full_state__builder.hpp\n'}
[6.026482] (crazyflie_interfaces) StdoutLine: {'line': b'-- Symlinking: /home/iiitd/cf_ws/install/crazyflie_interfaces/include/crazyflie_interfaces/crazyflie_interfaces/msg/detail/full_state__struct.hpp\n'}
[6.031449] (crazyflie_interfaces) StdoutLine: {'line': b'-- Symlinking: /home/iiitd/cf_ws/install/crazyflie_interfaces/include/crazyflie_interfaces/crazyflie_interfaces/msg/detail/full_state__traits.hpp\n'}
[6.035037] (crazyflie_interfaces) StdoutLine: {'line': b'-- Symlinking: /home/iiitd/cf_ws/install/crazyflie_interfaces/include/crazyflie_interfaces/crazyflie_interfaces/msg/detail/full_state__type_support.hpp\n'}
[6.039710] (crazyflie_interfaces) StdoutLine: {'line': b'-- Symlinking: /home/iiitd/cf_ws/install/crazyflie_interfaces/include/crazyflie_interfaces/crazyflie_interfaces/msg/detail/hover__builder.hpp\n'}
[6.044893] (crazyflie_interfaces) StdoutLine: {'line': b'-- Symlinking: /home/iiitd/cf_ws/install/crazyflie_interfaces/include/crazyflie_interfaces/crazyflie_interfaces/msg/detail/hover__struct.hpp\n'}
[6.048373] (crazyflie_interfaces) StdoutLine: {'line': b'-- Symlinking: /home/iiitd/cf_ws/install/crazyflie_interfaces/include/crazyflie_interfaces/crazyflie_interfaces/msg/detail/hover__traits.hpp\n'}
[6.052037] (crazyflie_interfaces) StdoutLine: {'line': b'-- Symlinking: /home/iiitd/cf_ws/install/crazyflie_interfaces/include/crazyflie_interfaces/crazyflie_interfaces/msg/detail/hover__type_support.hpp\n'}
[6.055643] (crazyflie_interfaces) StdoutLine: {'line': b'-- Symlinking: /home/iiitd/cf_ws/install/crazyflie_interfaces/include/crazyflie_interfaces/crazyflie_interfaces/msg/detail/log_block__builder.hpp\n'}
[6.059250] (crazyflie_interfaces) StdoutLine: {'line': b'-- Symlinking: /home/iiitd/cf_ws/install/crazyflie_interfaces/include/crazyflie_interfaces/crazyflie_interfaces/msg/detail/log_block__struct.hpp\n'}
[6.062933] (crazyflie_interfaces) StdoutLine: {'line': b'-- Symlinking: /home/iiitd/cf_ws/install/crazyflie_interfaces/include/crazyflie_interfaces/crazyflie_interfaces/msg/detail/log_block__traits.hpp\n'}
[6.067588] (crazyflie_interfaces) StdoutLine: {'line': b'-- Symlinking: /home/iiitd/cf_ws/install/crazyflie_interfaces/include/crazyflie_interfaces/crazyflie_interfaces/msg/detail/log_block__type_support.hpp\n'}
[6.072457] (crazyflie_interfaces) StdoutLine: {'line': b'-- Symlinking: /home/iiitd/cf_ws/install/crazyflie_interfaces/include/crazyflie_interfaces/crazyflie_interfaces/msg/detail/log_data_generic__builder.hpp\n'}
[6.076019] (crazyflie_interfaces) StdoutLine: {'line': b'-- Symlinking: /home/iiitd/cf_ws/install/crazyflie_interfaces/include/crazyflie_interfaces/crazyflie_interfaces/msg/detail/log_data_generic__struct.hpp\n'}
[6.079721] (crazyflie_interfaces) StdoutLine: {'line': b'-- Symlinking: /home/iiitd/cf_ws/install/crazyflie_interfaces/include/crazyflie_interfaces/crazyflie_interfaces/msg/detail/log_data_generic__traits.hpp\n'}
[6.083195] (crazyflie_interfaces) StdoutLine: {'line': b'-- Symlinking: /home/iiitd/cf_ws/install/crazyflie_interfaces/include/crazyflie_interfaces/crazyflie_interfaces/msg/detail/log_data_generic__type_support.hpp\n'}
[6.086824] (crazyflie_interfaces) StdoutLine: {'line': b'-- Symlinking: /home/iiitd/cf_ws/install/crazyflie_interfaces/include/crazyflie_interfaces/crazyflie_interfaces/msg/detail/position__builder.hpp\n'}
[6.091076] (crazyflie_interfaces) StdoutLine: {'line': b'-- Symlinking: /home/iiitd/cf_ws/install/crazyflie_interfaces/include/crazyflie_interfaces/crazyflie_interfaces/msg/detail/position__struct.hpp\n'}
[6.095675] (crazyflie_interfaces) StdoutLine: {'line': b'-- Symlinking: /home/iiitd/cf_ws/install/crazyflie_interfaces/include/crazyflie_interfaces/crazyflie_interfaces/msg/detail/position__traits.hpp\n'}
[6.100534] (crazyflie_interfaces) StdoutLine: {'line': b'-- Symlinking: /home/iiitd/cf_ws/install/crazyflie_interfaces/include/crazyflie_interfaces/crazyflie_interfaces/msg/detail/position__type_support.hpp\n'}
[6.104145] (crazyflie_interfaces) StdoutLine: {'line': b'-- Symlinking: /home/iiitd/cf_ws/install/crazyflie_interfaces/include/crazyflie_interfaces/crazyflie_interfaces/msg/detail/status__builder.hpp\n'}
[6.107835] (crazyflie_interfaces) StdoutLine: {'line': b'-- Symlinking: /home/iiitd/cf_ws/install/crazyflie_interfaces/include/crazyflie_interfaces/crazyflie_interfaces/msg/detail/status__struct.hpp\n'}
[6.111302] (crazyflie_interfaces) StdoutLine: {'line': b'-- Symlinking: /home/iiitd/cf_ws/install/crazyflie_interfaces/include/crazyflie_interfaces/crazyflie_interfaces/msg/detail/status__traits.hpp\n'}
[6.114543] (-) TimerEvent: {}
[6.114908] (crazyflie_interfaces) StdoutLine: {'line': b'-- Symlinking: /home/iiitd/cf_ws/install/crazyflie_interfaces/include/crazyflie_interfaces/crazyflie_interfaces/msg/detail/status__type_support.hpp\n'}
[6.119129] (crazyflie_interfaces) StdoutLine: {'line': b'-- Symlinking: /home/iiitd/cf_ws/install/crazyflie_interfaces/include/crazyflie_interfaces/crazyflie_interfaces/msg/detail/trajectory_polynomial_piece__builder.hpp\n'}
[6.123546] (crazyflie_interfaces) StdoutLine: {'line': b'-- Symlinking: /home/iiitd/cf_ws/install/crazyflie_interfaces/include/crazyflie_interfaces/crazyflie_interfaces/msg/detail/trajectory_polynomial_piece__struct.hpp\n'}
[6.128531] (crazyflie_interfaces) StdoutLine: {'line': b'-- Symlinking: /home/iiitd/cf_ws/install/crazyflie_interfaces/include/crazyflie_interfaces/crazyflie_interfaces/msg/detail/trajectory_polynomial_piece__traits.hpp\n'}
[6.132321] (crazyflie_interfaces) StdoutLine: {'line': b'-- Symlinking: /home/iiitd/cf_ws/install/crazyflie_interfaces/include/crazyflie_interfaces/crazyflie_interfaces/msg/detail/trajectory_polynomial_piece__type_support.hpp\n'}
[6.135884] (crazyflie_interfaces) StdoutLine: {'line': b'-- Symlinking: /home/iiitd/cf_ws/install/crazyflie_interfaces/include/crazyflie_interfaces/crazyflie_interfaces/msg/detail/velocity_world__builder.hpp\n'}
[6.139438] (crazyflie_interfaces) StdoutLine: {'line': b'-- Symlinking: /home/iiitd/cf_ws/install/crazyflie_interfaces/include/crazyflie_interfaces/crazyflie_interfaces/msg/detail/velocity_world__struct.hpp\n'}
[6.144743] (crazyflie_interfaces) StdoutLine: {'line': b'-- Symlinking: /home/iiitd/cf_ws/install/crazyflie_interfaces/include/crazyflie_interfaces/crazyflie_interfaces/msg/detail/velocity_world__traits.hpp\n'}
[6.148638] (crazyflie_interfaces) StdoutLine: {'line': b'-- Symlinking: /home/iiitd/cf_ws/install/crazyflie_interfaces/include/crazyflie_interfaces/crazyflie_interfaces/msg/detail/velocity_world__type_support.hpp\n'}
[6.152808] (crazyflie_interfaces) StdoutLine: {'line': b'-- Symlinking: /home/iiitd/cf_ws/install/crazyflie_interfaces/include/crazyflie_interfaces/crazyflie_interfaces/msg/full_state.hpp\n'}
[6.157778] (crazyflie_interfaces) StdoutLine: {'line': b'-- Symlinking: /home/iiitd/cf_ws/install/crazyflie_interfaces/include/crazyflie_interfaces/crazyflie_interfaces/msg/hover.hpp\n'}
[6.162243] (crazyflie_interfaces) StdoutLine: {'line': b'-- Symlinking: /home/iiitd/cf_ws/install/crazyflie_interfaces/include/crazyflie_interfaces/crazyflie_interfaces/msg/log_block.hpp\n'}
[6.165880] (crazyflie_interfaces) StdoutLine: {'line': b'-- Symlinking: /home/iiitd/cf_ws/install/crazyflie_interfaces/include/crazyflie_interfaces/crazyflie_interfaces/msg/log_data_generic.hpp\n'}
[6.171035] (crazyflie_interfaces) StdoutLine: {'line': b'-- Symlinking: /home/iiitd/cf_ws/install/crazyflie_interfaces/include/crazyflie_interfaces/crazyflie_interfaces/msg/position.hpp\n'}
[6.175125] (crazyflie_interfaces) StdoutLine: {'line': b'-- Symlinking: /home/iiitd/cf_ws/install/crazyflie_interfaces/include/crazyflie_interfaces/crazyflie_interfaces/msg/rosidl_generator_cpp__visibility_control.hpp\n'}
[6.180001] (crazyflie_interfaces) StdoutLine: {'line': b'-- Symlinking: /home/iiitd/cf_ws/install/crazyflie_interfaces/include/crazyflie_interfaces/crazyflie_interfaces/msg/status.hpp\n'}
[6.184199] (crazyflie_interfaces) StdoutLine: {'line': b'-- Symlinking: /home/iiitd/cf_ws/install/crazyflie_interfaces/include/crazyflie_interfaces/crazyflie_interfaces/msg/trajectory_polynomial_piece.hpp\n'}
[6.188180] (crazyflie_interfaces) StdoutLine: {'line': b'-- Symlinking: /home/iiitd/cf_ws/install/crazyflie_interfaces/include/crazyflie_interfaces/crazyflie_interfaces/msg/velocity_world.hpp\n'}
[6.192568] (crazyflie_interfaces) StdoutLine: {'line': b'-- Symlinking: /home/iiitd/cf_ws/install/crazyflie_interfaces/include/crazyflie_interfaces/crazyflie_interfaces/srv/add_logging.hpp\n'}
[6.197436] (crazyflie_interfaces) StdoutLine: {'line': b'-- Symlinking: /home/iiitd/cf_ws/install/crazyflie_interfaces/include/crazyflie_interfaces/crazyflie_interfaces/srv/arm.hpp\n'}
[6.202394] (crazyflie_interfaces) StdoutLine: {'line': b'-- Symlinking: /home/iiitd/cf_ws/install/crazyflie_interfaces/include/crazyflie_interfaces/crazyflie_interfaces/srv/detail/add_logging__builder.hpp\n'}
[6.206091] (crazyflie_interfaces) StdoutLine: {'line': b'-- Symlinking: /home/iiitd/cf_ws/install/crazyflie_interfaces/include/crazyflie_interfaces/crazyflie_interfaces/srv/detail/add_logging__struct.hpp\n'}
[6.211214] (crazyflie_interfaces) StdoutLine: {'line': b'-- Symlinking: /home/iiitd/cf_ws/install/crazyflie_interfaces/include/crazyflie_interfaces/crazyflie_interfaces/srv/detail/add_logging__traits.hpp\n'}
[6.214602] (-) TimerEvent: {}
[6.215427] (crazyflie_interfaces) StdoutLine: {'line': b'-- Symlinking: /home/iiitd/cf_ws/install/crazyflie_interfaces/include/crazyflie_interfaces/crazyflie_interfaces/srv/detail/add_logging__type_support.hpp\n'}
[6.220705] (crazyflie_interfaces) StdoutLine: {'line': b'-- Symlinking: /home/iiitd/cf_ws/install/crazyflie_interfaces/include/crazyflie_interfaces/crazyflie_interfaces/srv/detail/arm__builder.hpp\n'}
[6.225876] (crazyflie_interfaces) StdoutLine: {'line': b'-- Symlinking: /home/iiitd/cf_ws/install/crazyflie_interfaces/include/crazyflie_interfaces/crazyflie_interfaces/srv/detail/arm__struct.hpp\n'}
[6.230582] (crazyflie_interfaces) StdoutLine: {'line': b'-- Symlinking: /home/iiitd/cf_ws/install/crazyflie_interfaces/include/crazyflie_interfaces/crazyflie_interfaces/srv/detail/arm__traits.hpp\n'}
[6.234356] (crazyflie_interfaces) StdoutLine: {'line': b'-- Symlinking: /home/iiitd/cf_ws/install/crazyflie_interfaces/include/crazyflie_interfaces/crazyflie_interfaces/srv/detail/arm__type_support.hpp\n'}
[6.239604] (crazyflie_interfaces) StdoutLine: {'line': b'-- Symlinking: /home/iiitd/cf_ws/install/crazyflie_interfaces/include/crazyflie_interfaces/crazyflie_interfaces/srv/detail/go_to__builder.hpp\n'}
[6.243564] (crazyflie_interfaces) StdoutLine: {'line': b'-- Symlinking: /home/iiitd/cf_ws/install/crazyflie_interfaces/include/crazyflie_interfaces/crazyflie_interfaces/srv/detail/go_to__struct.hpp\n'}
[6.248587] (crazyflie_interfaces) StdoutLine: {'line': b'-- Symlinking: /home/iiitd/cf_ws/install/crazyflie_interfaces/include/crazyflie_interfaces/crazyflie_interfaces/srv/detail/go_to__traits.hpp\n'}
[6.253909] (crazyflie_interfaces) StdoutLine: {'line': b'-- Symlinking: /home/iiitd/cf_ws/install/crazyflie_interfaces/include/crazyflie_interfaces/crazyflie_interfaces/srv/detail/go_to__type_support.hpp\n'}
[6.258935] (crazyflie_interfaces) StdoutLine: {'line': b'-- Symlinking: /home/iiitd/cf_ws/install/crazyflie_interfaces/include/crazyflie_interfaces/crazyflie_interfaces/srv/detail/land__builder.hpp\n'}
[6.262728] (crazyflie_interfaces) StdoutLine: {'line': b'-- Symlinking: /home/iiitd/cf_ws/install/crazyflie_interfaces/include/crazyflie_interfaces/crazyflie_interfaces/srv/detail/land__struct.hpp\n'}
[6.267562] (crazyflie_interfaces) StdoutLine: {'line': b'-- Symlinking: /home/iiitd/cf_ws/install/crazyflie_interfaces/include/crazyflie_interfaces/crazyflie_interfaces/srv/detail/land__traits.hpp\n'}
[6.272506] (crazyflie_interfaces) StdoutLine: {'line': b'-- Symlinking: /home/iiitd/cf_ws/install/crazyflie_interfaces/include/crazyflie_interfaces/crazyflie_interfaces/srv/detail/land__type_support.hpp\n'}
[6.277287] (crazyflie_interfaces) StdoutLine: {'line': b'-- Symlinking: /home/iiitd/cf_ws/install/crazyflie_interfaces/include/crazyflie_interfaces/crazyflie_interfaces/srv/detail/notify_setpoints_stop__builder.hpp\n'}
[6.282097] (crazyflie_interfaces) StdoutLine: {'line': b'-- Symlinking: /home/iiitd/cf_ws/install/crazyflie_interfaces/include/crazyflie_interfaces/crazyflie_interfaces/srv/detail/notify_setpoints_stop__struct.hpp\n'}
[6.286511] (crazyflie_interfaces) StdoutLine: {'line': b'-- Symlinking: /home/iiitd/cf_ws/install/crazyflie_interfaces/include/crazyflie_interfaces/crazyflie_interfaces/srv/detail/notify_setpoints_stop__traits.hpp\n'}
[6.290547] (crazyflie_interfaces) StdoutLine: {'line': b'-- Symlinking: /home/iiitd/cf_ws/install/crazyflie_interfaces/include/crazyflie_interfaces/crazyflie_interfaces/srv/detail/notify_setpoints_stop__type_support.hpp\n'}
[6.295661] (crazyflie_interfaces) StdoutLine: {'line': b'-- Symlinking: /home/iiitd/cf_ws/install/crazyflie_interfaces/include/crazyflie_interfaces/crazyflie_interfaces/srv/detail/remove_logging__builder.hpp\n'}
[6.299954] (crazyflie_interfaces) StdoutLine: {'line': b'-- Symlinking: /home/iiitd/cf_ws/install/crazyflie_interfaces/include/crazyflie_interfaces/crazyflie_interfaces/srv/detail/remove_logging__struct.hpp\n'}
[6.305085] (crazyflie_interfaces) StdoutLine: {'line': b'-- Symlinking: /home/iiitd/cf_ws/install/crazyflie_interfaces/include/crazyflie_interfaces/crazyflie_interfaces/srv/detail/remove_logging__traits.hpp\n'}
[6.308815] (crazyflie_interfaces) StdoutLine: {'line': b'-- Symlinking: /home/iiitd/cf_ws/install/crazyflie_interfaces/include/crazyflie_interfaces/crazyflie_interfaces/srv/detail/remove_logging__type_support.hpp\n'}
[6.313917] (crazyflie_interfaces) StdoutLine: {'line': b'-- Symlinking: /home/iiitd/cf_ws/install/crazyflie_interfaces/include/crazyflie_interfaces/crazyflie_interfaces/srv/detail/set_group_mask__builder.hpp\n'}
[6.314659] (-) TimerEvent: {}
[6.318074] (crazyflie_interfaces) StdoutLine: {'line': b'-- Symlinking: /home/iiitd/cf_ws/install/crazyflie_interfaces/include/crazyflie_interfaces/crazyflie_interfaces/srv/detail/set_group_mask__struct.hpp\n'}
[6.323346] (crazyflie_interfaces) StdoutLine: {'line': b'-- Symlinking: /home/iiitd/cf_ws/install/crazyflie_interfaces/include/crazyflie_interfaces/crazyflie_interfaces/srv/detail/set_group_mask__traits.hpp\n'}
[6.326910] (crazyflie_interfaces) StdoutLine: {'line': b'-- Symlinking: /home/iiitd/cf_ws/install/crazyflie_interfaces/include/crazyflie_interfaces/crazyflie_interfaces/srv/detail/set_group_mask__type_support.hpp\n'}
[6.331969] (crazyflie_interfaces) StdoutLine: {'line': b'-- Symlinking: /home/iiitd/cf_ws/install/crazyflie_interfaces/include/crazyflie_interfaces/crazyflie_interfaces/srv/detail/start_trajectory__builder.hpp\n'}
[6.337171] (crazyflie_interfaces) StdoutLine: {'line': b'-- Symlinking: /home/iiitd/cf_ws/install/crazyflie_interfaces/include/crazyflie_interfaces/crazyflie_interfaces/srv/detail/start_trajectory__struct.hpp\n'}
[6.342026] (crazyflie_interfaces) StdoutLine: {'line': b'-- Symlinking: /home/iiitd/cf_ws/install/crazyflie_interfaces/include/crazyflie_interfaces/crazyflie_interfaces/srv/detail/start_trajectory__traits.hpp\n'}
[6.345784] (crazyflie_interfaces) StdoutLine: {'line': b'-- Symlinking: /home/iiitd/cf_ws/install/crazyflie_interfaces/include/crazyflie_interfaces/crazyflie_interfaces/srv/detail/start_trajectory__type_support.hpp\n'}
[6.350441] (crazyflie_interfaces) StdoutLine: {'line': b'-- Symlinking: /home/iiitd/cf_ws/install/crazyflie_interfaces/include/crazyflie_interfaces/crazyflie_interfaces/srv/detail/stop__builder.hpp\n'}
[6.355267] (crazyflie_interfaces) StdoutLine: {'line': b'-- Symlinking: /home/iiitd/cf_ws/install/crazyflie_interfaces/include/crazyflie_interfaces/crazyflie_interfaces/srv/detail/stop__struct.hpp\n'}
[6.358889] (crazyflie_interfaces) StdoutLine: {'line': b'-- Symlinking: /home/iiitd/cf_ws/install/crazyflie_interfaces/include/crazyflie_interfaces/crazyflie_interfaces/srv/detail/stop__traits.hpp\n'}
[6.362865] (crazyflie_interfaces) StdoutLine: {'line': b'-- Symlinking: /home/iiitd/cf_ws/install/crazyflie_interfaces/include/crazyflie_interfaces/crazyflie_interfaces/srv/detail/stop__type_support.hpp\n'}
[6.366639] (crazyflie_interfaces) StdoutLine: {'line': b'-- Symlinking: /home/iiitd/cf_ws/install/crazyflie_interfaces/include/crazyflie_interfaces/crazyflie_interfaces/srv/detail/takeoff__builder.hpp\n'}
[6.370937] (crazyflie_interfaces) StdoutLine: {'line': b'-- Symlinking: /home/iiitd/cf_ws/install/crazyflie_interfaces/include/crazyflie_interfaces/crazyflie_interfaces/srv/detail/takeoff__struct.hpp\n'}
[6.374285] (crazyflie_interfaces) StdoutLine: {'line': b'-- Symlinking: /home/iiitd/cf_ws/install/crazyflie_interfaces/include/crazyflie_interfaces/crazyflie_interfaces/srv/detail/takeoff__traits.hpp\n'}
[6.379295] (crazyflie_interfaces) StdoutLine: {'line': b'-- Symlinking: /home/iiitd/cf_ws/install/crazyflie_interfaces/include/crazyflie_interfaces/crazyflie_interfaces/srv/detail/takeoff__type_support.hpp\n'}
[6.383687] (crazyflie_interfaces) StdoutLine: {'line': b'-- Symlinking: /home/iiitd/cf_ws/install/crazyflie_interfaces/include/crazyflie_interfaces/crazyflie_interfaces/srv/detail/update_params__builder.hpp\n'}
[6.388709] (crazyflie_interfaces) StdoutLine: {'line': b'-- Symlinking: /home/iiitd/cf_ws/install/crazyflie_interfaces/include/crazyflie_interfaces/crazyflie_interfaces/srv/detail/update_params__struct.hpp\n'}
[6.393313] (crazyflie_interfaces) StdoutLine: {'line': b'-- Symlinking: /home/iiitd/cf_ws/install/crazyflie_interfaces/include/crazyflie_interfaces/crazyflie_interfaces/srv/detail/update_params__traits.hpp\n'}
[6.398216] (crazyflie_interfaces) StdoutLine: {'line': b'-- Symlinking: /home/iiitd/cf_ws/install/crazyflie_interfaces/include/crazyflie_interfaces/crazyflie_interfaces/srv/detail/update_params__type_support.hpp\n'}
[6.401824] (crazyflie_interfaces) StdoutLine: {'line': b'-- Symlinking: /home/iiitd/cf_ws/install/crazyflie_interfaces/include/crazyflie_interfaces/crazyflie_interfaces/srv/detail/upload_trajectory__builder.hpp\n'}
[6.406840] (crazyflie_interfaces) StdoutLine: {'line': b'-- Symlinking: /home/iiitd/cf_ws/install/crazyflie_interfaces/include/crazyflie_interfaces/crazyflie_interfaces/srv/detail/upload_trajectory__struct.hpp\n'}
[6.411659] (crazyflie_interfaces) StdoutLine: {'line': b'-- Symlinking: /home/iiitd/cf_ws/install/crazyflie_interfaces/include/crazyflie_interfaces/crazyflie_interfaces/srv/detail/upload_trajectory__traits.hpp\n'}
[6.414716] (-) TimerEvent: {}
[6.415959] (crazyflie_interfaces) StdoutLine: {'line': b'-- Symlinking: /home/iiitd/cf_ws/install/crazyflie_interfaces/include/crazyflie_interfaces/crazyflie_interfaces/srv/detail/upload_trajectory__type_support.hpp\n'}
[6.419756] (crazyflie_interfaces) StdoutLine: {'line': b'-- Symlinking: /home/iiitd/cf_ws/install/crazyflie_interfaces/include/crazyflie_interfaces/crazyflie_interfaces/srv/go_to.hpp\n'}
[6.424234] (crazyflie_interfaces) StdoutLine: {'line': b'-- Symlinking: /home/iiitd/cf_ws/install/crazyflie_interfaces/include/crazyflie_interfaces/crazyflie_interfaces/srv/land.hpp\n'}
[6.428848] (crazyflie_interfaces) StdoutLine: {'line': b'-- Symlinking: /home/iiitd/cf_ws/install/crazyflie_interfaces/include/crazyflie_interfaces/crazyflie_interfaces/srv/notify_setpoints_stop.hpp\n'}
[6.433910] (crazyflie_interfaces) StdoutLine: {'line': b'-- Symlinking: /home/iiitd/cf_ws/install/crazyflie_interfaces/include/crazyflie_interfaces/crazyflie_interfaces/srv/remove_logging.hpp\n'}
[6.439059] (crazyflie_interfaces) StdoutLine: {'line': b'-- Symlinking: /home/iiitd/cf_ws/install/crazyflie_interfaces/include/crazyflie_interfaces/crazyflie_interfaces/srv/set_group_mask.hpp\n'}
[6.443354] (crazyflie_interfaces) StdoutLine: {'line': b'-- Symlinking: /home/iiitd/cf_ws/install/crazyflie_interfaces/include/crazyflie_interfaces/crazyflie_interfaces/srv/start_trajectory.hpp\n'}
[6.449002] (crazyflie_interfaces) StdoutLine: {'line': b'-- Symlinking: /home/iiitd/cf_ws/install/crazyflie_interfaces/include/crazyflie_interfaces/crazyflie_interfaces/srv/stop.hpp\n'}
[6.453425] (crazyflie_interfaces) StdoutLine: {'line': b'-- Symlinking: /home/iiitd/cf_ws/install/crazyflie_interfaces/include/crazyflie_interfaces/crazyflie_interfaces/srv/takeoff.hpp\n'}
[6.458089] (crazyflie_interfaces) StdoutLine: {'line': b'-- Symlinking: /home/iiitd/cf_ws/install/crazyflie_interfaces/include/crazyflie_interfaces/crazyflie_interfaces/srv/update_params.hpp\n'}
[6.463510] (crazyflie_interfaces) StdoutLine: {'line': b'-- Symlinking: /home/iiitd/cf_ws/install/crazyflie_interfaces/include/crazyflie_interfaces/crazyflie_interfaces/srv/upload_trajectory.hpp\n'}
[6.469067] (crazyflie_interfaces) StdoutLine: {'line': b'-- Symlinking: /home/iiitd/cf_ws/install/crazyflie_interfaces/include/crazyflie_interfaces/crazyflie_interfaces/msg/detail/connection_statistics__rosidl_typesupport_fastrtps_cpp.hpp\n'}
[6.473630] (crazyflie_interfaces) StdoutLine: {'line': b'-- Symlinking: /home/iiitd/cf_ws/install/crazyflie_interfaces/include/crazyflie_interfaces/crazyflie_interfaces/msg/detail/connection_statistics_array__rosidl_typesupport_fastrtps_cpp.hpp\n'}
[6.478503] (crazyflie_interfaces) StdoutLine: {'line': b'-- Symlinking: /home/iiitd/cf_ws/install/crazyflie_interfaces/include/crazyflie_interfaces/crazyflie_interfaces/msg/detail/full_state__rosidl_typesupport_fastrtps_cpp.hpp\n'}
[6.482909] (crazyflie_interfaces) StdoutLine: {'line': b'-- Symlinking: /home/iiitd/cf_ws/install/crazyflie_interfaces/include/crazyflie_interfaces/crazyflie_interfaces/msg/detail/hover__rosidl_typesupport_fastrtps_cpp.hpp\n'}
[6.486765] (crazyflie_interfaces) StdoutLine: {'line': b'-- Symlinking: /home/iiitd/cf_ws/install/crazyflie_interfaces/include/crazyflie_interfaces/crazyflie_interfaces/msg/detail/log_block__rosidl_typesupport_fastrtps_cpp.hpp\n'}
[6.490876] (crazyflie_interfaces) StdoutLine: {'line': b'-- Symlinking: /home/iiitd/cf_ws/install/crazyflie_interfaces/include/crazyflie_interfaces/crazyflie_interfaces/msg/detail/log_data_generic__rosidl_typesupport_fastrtps_cpp.hpp\n'}
[6.495890] (crazyflie_interfaces) StdoutLine: {'line': b'-- Symlinking: /home/iiitd/cf_ws/install/crazyflie_interfaces/include/crazyflie_interfaces/crazyflie_interfaces/msg/detail/position__rosidl_typesupport_fastrtps_cpp.hpp\n'}
[6.501034] (crazyflie_interfaces) StdoutLine: {'line': b'-- Symlinking: /home/iiitd/cf_ws/install/crazyflie_interfaces/include/crazyflie_interfaces/crazyflie_interfaces/msg/detail/status__rosidl_typesupport_fastrtps_cpp.hpp\n'}
[6.506146] (crazyflie_interfaces) StdoutLine: {'line': b'-- Symlinking: /home/iiitd/cf_ws/install/crazyflie_interfaces/include/crazyflie_interfaces/crazyflie_interfaces/msg/detail/trajectory_polynomial_piece__rosidl_typesupport_fastrtps_cpp.hpp\n'}
[6.509720] (crazyflie_interfaces) StdoutLine: {'line': b'-- Symlinking: /home/iiitd/cf_ws/install/crazyflie_interfaces/include/crazyflie_interfaces/crazyflie_interfaces/msg/detail/velocity_world__rosidl_typesupport_fastrtps_cpp.hpp\n'}
[6.513984] (crazyflie_interfaces) StdoutLine: {'line': b'-- Symlinking: /home/iiitd/cf_ws/install/crazyflie_interfaces/include/crazyflie_interfaces/crazyflie_interfaces/msg/rosidl_typesupport_fastrtps_cpp__visibility_control.h\n'}
[6.514773] (-) TimerEvent: {}
[6.518983] (crazyflie_interfaces) StdoutLine: {'line': b'-- Symlinking: /home/iiitd/cf_ws/install/crazyflie_interfaces/include/crazyflie_interfaces/crazyflie_interfaces/srv/detail/add_logging__rosidl_typesupport_fastrtps_cpp.hpp\n'}
[6.523902] (crazyflie_interfaces) StdoutLine: {'line': b'-- Symlinking: /home/iiitd/cf_ws/install/crazyflie_interfaces/include/crazyflie_interfaces/crazyflie_interfaces/srv/detail/arm__rosidl_typesupport_fastrtps_cpp.hpp\n'}
[6.528540] (crazyflie_interfaces) StdoutLine: {'line': b'-- Symlinking: /home/iiitd/cf_ws/install/crazyflie_interfaces/include/crazyflie_interfaces/crazyflie_interfaces/srv/detail/go_to__rosidl_typesupport_fastrtps_cpp.hpp\n'}
[6.533041] (crazyflie_interfaces) StdoutLine: {'line': b'-- Symlinking: /home/iiitd/cf_ws/install/crazyflie_interfaces/include/crazyflie_interfaces/crazyflie_interfaces/srv/detail/land__rosidl_typesupport_fastrtps_cpp.hpp\n'}
[6.537171] (crazyflie_interfaces) StdoutLine: {'line': b'-- Symlinking: /home/iiitd/cf_ws/install/crazyflie_interfaces/include/crazyflie_interfaces/crazyflie_interfaces/srv/detail/notify_setpoints_stop__rosidl_typesupport_fastrtps_cpp.hpp\n'}
[6.542158] (crazyflie_interfaces) StdoutLine: {'line': b'-- Symlinking: /home/iiitd/cf_ws/install/crazyflie_interfaces/include/crazyflie_interfaces/crazyflie_interfaces/srv/detail/remove_logging__rosidl_typesupport_fastrtps_cpp.hpp\n'}
[6.547290] (crazyflie_interfaces) StdoutLine: {'line': b'-- Symlinking: /home/iiitd/cf_ws/install/crazyflie_interfaces/include/crazyflie_interfaces/crazyflie_interfaces/srv/detail/set_group_mask__rosidl_typesupport_fastrtps_cpp.hpp\n'}
[6.551636] (crazyflie_interfaces) StdoutLine: {'line': b'-- Symlinking: /home/iiitd/cf_ws/install/crazyflie_interfaces/include/crazyflie_interfaces/crazyflie_interfaces/srv/detail/start_trajectory__rosidl_typesupport_fastrtps_cpp.hpp\n'}
[6.556878] (crazyflie_interfaces) StdoutLine: {'line': b'-- Symlinking: /home/iiitd/cf_ws/install/crazyflie_interfaces/include/crazyflie_interfaces/crazyflie_interfaces/srv/detail/stop__rosidl_typesupport_fastrtps_cpp.hpp\n'}
[6.561749] (crazyflie_interfaces) StdoutLine: {'line': b'-- Symlinking: /home/iiitd/cf_ws/install/crazyflie_interfaces/include/crazyflie_interfaces/crazyflie_interfaces/srv/detail/takeoff__rosidl_typesupport_fastrtps_cpp.hpp\n'}
[6.565950] (crazyflie_interfaces) StdoutLine: {'line': b'-- Symlinking: /home/iiitd/cf_ws/install/crazyflie_interfaces/include/crazyflie_interfaces/crazyflie_interfaces/srv/detail/update_params__rosidl_typesupport_fastrtps_cpp.hpp\n'}
[6.570429] (crazyflie_interfaces) StdoutLine: {'line': b'-- Symlinking: /home/iiitd/cf_ws/install/crazyflie_interfaces/include/crazyflie_interfaces/crazyflie_interfaces/srv/detail/upload_trajectory__rosidl_typesupport_fastrtps_cpp.hpp\n'}
[6.576055] (crazyflie_interfaces) StdoutLine: {'line': b'-- Symlinking: /home/iiitd/cf_ws/install/crazyflie_interfaces/include/crazyflie_interfaces/crazyflie_interfaces/msg/detail/connection_statistics__rosidl_typesupport_introspection_c.h\n'}
[6.581236] (crazyflie_interfaces) StdoutLine: {'line': b'-- Symlinking: /home/iiitd/cf_ws/install/crazyflie_interfaces/include/crazyflie_interfaces/crazyflie_interfaces/msg/detail/connection_statistics_array__rosidl_typesupport_introspection_c.h\n'}
[6.585473] (crazyflie_interfaces) StdoutLine: {'line': b'-- Symlinking: /home/iiitd/cf_ws/install/crazyflie_interfaces/include/crazyflie_interfaces/crazyflie_interfaces/msg/detail/full_state__rosidl_typesupport_introspection_c.h\n'}
[6.590663] (crazyflie_interfaces) StdoutLine: {'line': b'-- Symlinking: /home/iiitd/cf_ws/install/crazyflie_interfaces/include/crazyflie_interfaces/crazyflie_interfaces/msg/detail/hover__rosidl_typesupport_introspection_c.h\n'}
[6.594545] (crazyflie_interfaces) StdoutLine: {'line': b'-- Symlinking: /home/iiitd/cf_ws/install/crazyflie_interfaces/include/crazyflie_interfaces/crazyflie_interfaces/msg/detail/log_block__rosidl_typesupport_introspection_c.h\n'}
[6.598862] (crazyflie_interfaces) StdoutLine: {'line': b'-- Symlinking: /home/iiitd/cf_ws/install/crazyflie_interfaces/include/crazyflie_interfaces/crazyflie_interfaces/msg/detail/log_data_generic__rosidl_typesupport_introspection_c.h\n'}
[6.603800] (crazyflie_interfaces) StdoutLine: {'line': b'-- Symlinking: /home/iiitd/cf_ws/install/crazyflie_interfaces/include/crazyflie_interfaces/crazyflie_interfaces/msg/detail/position__rosidl_typesupport_introspection_c.h\n'}
[6.608739] (crazyflie_interfaces) StdoutLine: {'line': b'-- Symlinking: /home/iiitd/cf_ws/install/crazyflie_interfaces/include/crazyflie_interfaces/crazyflie_interfaces/msg/detail/status__rosidl_typesupport_introspection_c.h\n'}
[6.613825] (crazyflie_interfaces) StdoutLine: {'line': b'-- Symlinking: /home/iiitd/cf_ws/install/crazyflie_interfaces/include/crazyflie_interfaces/crazyflie_interfaces/msg/detail/trajectory_polynomial_piece__rosidl_typesupport_introspection_c.h\n'}
[6.614835] (-) TimerEvent: {}
[6.618689] (crazyflie_interfaces) StdoutLine: {'line': b'-- Symlinking: /home/iiitd/cf_ws/install/crazyflie_interfaces/include/crazyflie_interfaces/crazyflie_interfaces/msg/detail/velocity_world__rosidl_typesupport_introspection_c.h\n'}
[6.622970] (crazyflie_interfaces) StdoutLine: {'line': b'-- Symlinking: /home/iiitd/cf_ws/install/crazyflie_interfaces/include/crazyflie_interfaces/crazyflie_interfaces/msg/rosidl_typesupport_introspection_c__visibility_control.h\n'}
[6.626962] (crazyflie_interfaces) StdoutLine: {'line': b'-- Symlinking: /home/iiitd/cf_ws/install/crazyflie_interfaces/include/crazyflie_interfaces/crazyflie_interfaces/srv/detail/add_logging__rosidl_typesupport_introspection_c.h\n'}
[6.632005] (crazyflie_interfaces) StdoutLine: {'line': b'-- Symlinking: /home/iiitd/cf_ws/install/crazyflie_interfaces/include/crazyflie_interfaces/crazyflie_interfaces/srv/detail/arm__rosidl_typesupport_introspection_c.h\n'}
[6.636436] (crazyflie_interfaces) StdoutLine: {'line': b'-- Symlinking: /home/iiitd/cf_ws/install/crazyflie_interfaces/include/crazyflie_interfaces/crazyflie_interfaces/srv/detail/go_to__rosidl_typesupport_introspection_c.h\n'}
[6.640137] (crazyflie_interfaces) StdoutLine: {'line': b'-- Symlinking: /home/iiitd/cf_ws/install/crazyflie_interfaces/include/crazyflie_interfaces/crazyflie_interfaces/srv/detail/land__rosidl_typesupport_introspection_c.h\n'}
[6.645286] (crazyflie_interfaces) StdoutLine: {'line': b'-- Symlinking: /home/iiitd/cf_ws/install/crazyflie_interfaces/include/crazyflie_interfaces/crazyflie_interfaces/srv/detail/notify_setpoints_stop__rosidl_typesupport_introspection_c.h\n'}
[6.649738] (crazyflie_interfaces) StdoutLine: {'line': b'-- Symlinking: /home/iiitd/cf_ws/install/crazyflie_interfaces/include/crazyflie_interfaces/crazyflie_interfaces/srv/detail/remove_logging__rosidl_typesupport_introspection_c.h\n'}
[6.653597] (crazyflie_interfaces) StdoutLine: {'line': b'-- Symlinking: /home/iiitd/cf_ws/install/crazyflie_interfaces/include/crazyflie_interfaces/crazyflie_interfaces/srv/detail/set_group_mask__rosidl_typesupport_introspection_c.h\n'}
[6.657367] (crazyflie_interfaces) StdoutLine: {'line': b'-- Symlinking: /home/iiitd/cf_ws/install/crazyflie_interfaces/include/crazyflie_interfaces/crazyflie_interfaces/srv/detail/start_trajectory__rosidl_typesupport_introspection_c.h\n'}
[6.662572] (crazyflie_interfaces) StdoutLine: {'line': b'-- Symlinking: /home/iiitd/cf_ws/install/crazyflie_interfaces/include/crazyflie_interfaces/crazyflie_interfaces/srv/detail/stop__rosidl_typesupport_introspection_c.h\n'}
[6.666888] (crazyflie_interfaces) StdoutLine: {'line': b'-- Symlinking: /home/iiitd/cf_ws/install/crazyflie_interfaces/include/crazyflie_interfaces/crazyflie_interfaces/srv/detail/takeoff__rosidl_typesupport_introspection_c.h\n'}
[6.671752] (crazyflie_interfaces) StdoutLine: {'line': b'-- Symlinking: /home/iiitd/cf_ws/install/crazyflie_interfaces/include/crazyflie_interfaces/crazyflie_interfaces/srv/detail/update_params__rosidl_typesupport_introspection_c.h\n'}
[6.675280] (crazyflie_interfaces) StdoutLine: {'line': b'-- Symlinking: /home/iiitd/cf_ws/install/crazyflie_interfaces/include/crazyflie_interfaces/crazyflie_interfaces/srv/detail/upload_trajectory__rosidl_typesupport_introspection_c.h\n'}
[6.678947] (crazyflie_interfaces) StdoutLine: {'line': b'-- Symlinking: /home/iiitd/cf_ws/install/crazyflie_interfaces/include/crazyflie_interfaces/crazyflie_interfaces/msg/detail/connection_statistics__rosidl_typesupport_introspection_cpp.hpp\n'}
[6.682397] (crazyflie_interfaces) StdoutLine: {'line': b'-- Symlinking: /home/iiitd/cf_ws/install/crazyflie_interfaces/include/crazyflie_interfaces/crazyflie_interfaces/msg/detail/connection_statistics_array__rosidl_typesupport_introspection_cpp.hpp\n'}
[6.687237] (crazyflie_interfaces) StdoutLine: {'line': b'-- Symlinking: /home/iiitd/cf_ws/install/crazyflie_interfaces/include/crazyflie_interfaces/crazyflie_interfaces/msg/detail/full_state__rosidl_typesupport_introspection_cpp.hpp\n'}
[6.692114] (crazyflie_interfaces) StdoutLine: {'line': b'-- Symlinking: /home/iiitd/cf_ws/install/crazyflie_interfaces/include/crazyflie_interfaces/crazyflie_interfaces/msg/detail/hover__rosidl_typesupport_introspection_cpp.hpp\n'}
[6.696171] (crazyflie_interfaces) StdoutLine: {'line': b'-- Symlinking: /home/iiitd/cf_ws/install/crazyflie_interfaces/include/crazyflie_interfaces/crazyflie_interfaces/msg/detail/log_block__rosidl_typesupport_introspection_cpp.hpp\n'}
[6.701256] (crazyflie_interfaces) StdoutLine: {'line': b'-- Symlinking: /home/iiitd/cf_ws/install/crazyflie_interfaces/include/crazyflie_interfaces/crazyflie_interfaces/msg/detail/log_data_generic__rosidl_typesupport_introspection_cpp.hpp\n'}
[6.706078] (crazyflie_interfaces) StdoutLine: {'line': b'-- Symlinking: /home/iiitd/cf_ws/install/crazyflie_interfaces/include/crazyflie_interfaces/crazyflie_interfaces/msg/detail/position__rosidl_typesupport_introspection_cpp.hpp\n'}
[6.709557] (crazyflie_interfaces) StdoutLine: {'line': b'-- Symlinking: /home/iiitd/cf_ws/install/crazyflie_interfaces/include/crazyflie_interfaces/crazyflie_interfaces/msg/detail/status__rosidl_typesupport_introspection_cpp.hpp\n'}
[6.713203] (crazyflie_interfaces) StdoutLine: {'line': b'-- Symlinking: /home/iiitd/cf_ws/install/crazyflie_interfaces/include/crazyflie_interfaces/crazyflie_interfaces/msg/detail/trajectory_polynomial_piece__rosidl_typesupport_introspection_cpp.hpp\n'}
[6.714977] (-) TimerEvent: {}
[6.718277] (crazyflie_interfaces) StdoutLine: {'line': b'-- Symlinking: /home/iiitd/cf_ws/install/crazyflie_interfaces/include/crazyflie_interfaces/crazyflie_interfaces/msg/detail/velocity_world__rosidl_typesupport_introspection_cpp.hpp\n'}
[6.721991] (crazyflie_interfaces) StdoutLine: {'line': b'-- Symlinking: /home/iiitd/cf_ws/install/crazyflie_interfaces/include/crazyflie_interfaces/crazyflie_interfaces/srv/detail/add_logging__rosidl_typesupport_introspection_cpp.hpp\n'}
[6.725818] (crazyflie_interfaces) StdoutLine: {'line': b'-- Symlinking: /home/iiitd/cf_ws/install/crazyflie_interfaces/include/crazyflie_interfaces/crazyflie_interfaces/srv/detail/arm__rosidl_typesupport_introspection_cpp.hpp\n'}
[6.730779] (crazyflie_interfaces) StdoutLine: {'line': b'-- Symlinking: /home/iiitd/cf_ws/install/crazyflie_interfaces/include/crazyflie_interfaces/crazyflie_interfaces/srv/detail/go_to__rosidl_typesupport_introspection_cpp.hpp\n'}
[6.735736] (crazyflie_interfaces) StdoutLine: {'line': b'-- Symlinking: /home/iiitd/cf_ws/install/crazyflie_interfaces/include/crazyflie_interfaces/crazyflie_interfaces/srv/detail/land__rosidl_typesupport_introspection_cpp.hpp\n'}
[6.740242] (crazyflie_interfaces) StdoutLine: {'line': b'-- Symlinking: /home/iiitd/cf_ws/install/crazyflie_interfaces/include/crazyflie_interfaces/crazyflie_interfaces/srv/detail/notify_setpoints_stop__rosidl_typesupport_introspection_cpp.hpp\n'}
[6.745625] (crazyflie_interfaces) StdoutLine: {'line': b'-- Symlinking: /home/iiitd/cf_ws/install/crazyflie_interfaces/include/crazyflie_interfaces/crazyflie_interfaces/srv/detail/remove_logging__rosidl_typesupport_introspection_cpp.hpp\n'}
[6.749864] (crazyflie_interfaces) StdoutLine: {'line': b'-- Symlinking: /home/iiitd/cf_ws/install/crazyflie_interfaces/include/crazyflie_interfaces/crazyflie_interfaces/srv/detail/set_group_mask__rosidl_typesupport_introspection_cpp.hpp\n'}
[6.753909] (crazyflie_interfaces) StdoutLine: {'line': b'-- Symlinking: /home/iiitd/cf_ws/install/crazyflie_interfaces/include/crazyflie_interfaces/crazyflie_interfaces/srv/detail/start_trajectory__rosidl_typesupport_introspection_cpp.hpp\n'}
[6.758816] (crazyflie_interfaces) StdoutLine: {'line': b'-- Symlinking: /home/iiitd/cf_ws/install/crazyflie_interfaces/include/crazyflie_interfaces/crazyflie_interfaces/srv/detail/stop__rosidl_typesupport_introspection_cpp.hpp\n'}
[6.763501] (crazyflie_interfaces) StdoutLine: {'line': b'-- Symlinking: /home/iiitd/cf_ws/install/crazyflie_interfaces/include/crazyflie_interfaces/crazyflie_interfaces/srv/detail/takeoff__rosidl_typesupport_introspection_cpp.hpp\n'}
[6.767305] (crazyflie_interfaces) StdoutLine: {'line': b'-- Symlinking: /home/iiitd/cf_ws/install/crazyflie_interfaces/include/crazyflie_interfaces/crazyflie_interfaces/srv/detail/update_params__rosidl_typesupport_introspection_cpp.hpp\n'}
[6.772509] (crazyflie_interfaces) StdoutLine: {'line': b'-- Symlinking: /home/iiitd/cf_ws/install/crazyflie_interfaces/include/crazyflie_interfaces/crazyflie_interfaces/srv/detail/upload_trajectory__rosidl_typesupport_introspection_cpp.hpp\n'}
[6.777060] (crazyflie_interfaces) StdoutLine: {'line': b'-- Symlinking: /home/iiitd/cf_ws/install/crazyflie_interfaces/share/crazyflie_interfaces/environment/pythonpath.sh\n'}
[6.781433] (crazyflie_interfaces) StdoutLine: {'line': b'-- Symlinking: /home/iiitd/cf_ws/install/crazyflie_interfaces/share/crazyflie_interfaces/environment/pythonpath.dsv\n'}
[6.786499] (crazyflie_interfaces) StdoutLine: {'line': b'-- Symlinking: /home/iiitd/cf_ws/install/crazyflie_interfaces/local/lib/python3.10/dist-packages/crazyflie_interfaces-1.0.5-py3.10.egg-info/PKG-INFO\n'}
[6.791132] (crazyflie_interfaces) StdoutLine: {'line': b'-- Symlinking: /home/iiitd/cf_ws/install/crazyflie_interfaces/local/lib/python3.10/dist-packages/crazyflie_interfaces-1.0.5-py3.10.egg-info/SOURCES.txt\n'}
[6.795508] (crazyflie_interfaces) StdoutLine: {'line': b'-- Symlinking: /home/iiitd/cf_ws/install/crazyflie_interfaces/local/lib/python3.10/dist-packages/crazyflie_interfaces-1.0.5-py3.10.egg-info/dependency_links.txt\n'}
[6.800792] (crazyflie_interfaces) StdoutLine: {'line': b'-- Symlinking: /home/iiitd/cf_ws/install/crazyflie_interfaces/local/lib/python3.10/dist-packages/crazyflie_interfaces-1.0.5-py3.10.egg-info/top_level.txt\n'}
[6.805527] (crazyflie_interfaces) StdoutLine: {'line': b'-- Symlinking: /home/iiitd/cf_ws/install/crazyflie_interfaces/local/lib/python3.10/dist-packages/crazyflie_interfaces/__init__.py\n'}
[6.810566] (crazyflie_interfaces) StdoutLine: {'line': b'-- Symlinking: /home/iiitd/cf_ws/install/crazyflie_interfaces/local/lib/python3.10/dist-packages/crazyflie_interfaces/_crazyflie_interfaces_s.ep.rosidl_typesupport_c.c\n'}
[6.815131] (-) TimerEvent: {}
[6.815684] (crazyflie_interfaces) StdoutLine: {'line': b'-- Symlinking: /home/iiitd/cf_ws/install/crazyflie_interfaces/local/lib/python3.10/dist-packages/crazyflie_interfaces/_crazyflie_interfaces_s.ep.rosidl_typesupport_fastrtps_c.c\n'}
[6.820289] (crazyflie_interfaces) StdoutLine: {'line': b'-- Symlinking: /home/iiitd/cf_ws/install/crazyflie_interfaces/local/lib/python3.10/dist-packages/crazyflie_interfaces/_crazyflie_interfaces_s.ep.rosidl_typesupport_introspection_c.c\n'}
[6.824098] (crazyflie_interfaces) StdoutLine: {'line': b'-- Symlinking: /home/iiitd/cf_ws/install/crazyflie_interfaces/local/lib/python3.10/dist-packages/crazyflie_interfaces/crazyflie_interfaces_s__rosidl_typesupport_c.cpython-310-x86_64-linux-gnu.so\n'}
[6.829103] (crazyflie_interfaces) StdoutLine: {'line': b'-- Symlinking: /home/iiitd/cf_ws/install/crazyflie_interfaces/local/lib/python3.10/dist-packages/crazyflie_interfaces/crazyflie_interfaces_s__rosidl_typesupport_fastrtps_c.cpython-310-x86_64-linux-gnu.so\n'}
[6.833308] (crazyflie_interfaces) StdoutLine: {'line': b'-- Symlinking: /home/iiitd/cf_ws/install/crazyflie_interfaces/local/lib/python3.10/dist-packages/crazyflie_interfaces/crazyflie_interfaces_s__rosidl_typesupport_introspection_c.cpython-310-x86_64-linux-gnu.so\n'}
[6.838188] (crazyflie_interfaces) StdoutLine: {'line': b'-- Symlinking: /home/iiitd/cf_ws/install/crazyflie_interfaces/local/lib/python3.10/dist-packages/crazyflie_interfaces/libcrazyflie_interfaces__rosidl_generator_py.so\n'}
[6.843266] (crazyflie_interfaces) StdoutLine: {'line': b'-- Symlinking: /home/iiitd/cf_ws/install/crazyflie_interfaces/local/lib/python3.10/dist-packages/crazyflie_interfaces/msg/__init__.py\n'}
[6.847800] (crazyflie_interfaces) StdoutLine: {'line': b'-- Symlinking: /home/iiitd/cf_ws/install/crazyflie_interfaces/local/lib/python3.10/dist-packages/crazyflie_interfaces/msg/_connection_statistics.py\n'}
[6.851378] (crazyflie_interfaces) StdoutLine: {'line': b'-- Symlinking: /home/iiitd/cf_ws/install/crazyflie_interfaces/local/lib/python3.10/dist-packages/crazyflie_interfaces/msg/_connection_statistics_array.py\n'}
[6.856487] (crazyflie_interfaces) StdoutLine: {'line': b'-- Symlinking: /home/iiitd/cf_ws/install/crazyflie_interfaces/local/lib/python3.10/dist-packages/crazyflie_interfaces/msg/_connection_statistics_array_s.c\n'}
[6.859934] (crazyflie_interfaces) StdoutLine: {'line': b'-- Symlinking: /home/iiitd/cf_ws/install/crazyflie_interfaces/local/lib/python3.10/dist-packages/crazyflie_interfaces/msg/_connection_statistics_s.c\n'}
[6.863609] (crazyflie_interfaces) StdoutLine: {'line': b'-- Symlinking: /home/iiitd/cf_ws/install/crazyflie_interfaces/local/lib/python3.10/dist-packages/crazyflie_interfaces/msg/_full_state.py\n'}
[6.867707] (crazyflie_interfaces) StdoutLine: {'line': b'-- Symlinking: /home/iiitd/cf_ws/install/crazyflie_interfaces/local/lib/python3.10/dist-packages/crazyflie_interfaces/msg/_full_state_s.c\n'}
[6.872693] (crazyflie_interfaces) StdoutLine: {'line': b'-- Symlinking: /home/iiitd/cf_ws/install/crazyflie_interfaces/local/lib/python3.10/dist-packages/crazyflie_interfaces/msg/_hover.py\n'}
[6.876857] (crazyflie_interfaces) StdoutLine: {'line': b'-- Symlinking: /home/iiitd/cf_ws/install/crazyflie_interfaces/local/lib/python3.10/dist-packages/crazyflie_interfaces/msg/_hover_s.c\n'}
[6.880585] (crazyflie_interfaces) StdoutLine: {'line': b'-- Symlinking: /home/iiitd/cf_ws/install/crazyflie_interfaces/local/lib/python3.10/dist-packages/crazyflie_interfaces/msg/_log_block.py\n'}
[6.883911] (crazyflie_interfaces) StdoutLine: {'line': b'-- Symlinking: /home/iiitd/cf_ws/install/crazyflie_interfaces/local/lib/python3.10/dist-packages/crazyflie_interfaces/msg/_log_block_s.c\n'}
[6.887158] (crazyflie_interfaces) StdoutLine: {'line': b'-- Symlinking: /home/iiitd/cf_ws/install/crazyflie_interfaces/local/lib/python3.10/dist-packages/crazyflie_interfaces/msg/_log_data_generic.py\n'}
[6.892102] (crazyflie_interfaces) StdoutLine: {'line': b'-- Symlinking: /home/iiitd/cf_ws/install/crazyflie_interfaces/local/lib/python3.10/dist-packages/crazyflie_interfaces/msg/_log_data_generic_s.c\n'}
[6.895806] (crazyflie_interfaces) StdoutLine: {'line': b'-- Symlinking: /home/iiitd/cf_ws/install/crazyflie_interfaces/local/lib/python3.10/dist-packages/crazyflie_interfaces/msg/_position.py\n'}
[6.900738] (crazyflie_interfaces) StdoutLine: {'line': b'-- Symlinking: /home/iiitd/cf_ws/install/crazyflie_interfaces/local/lib/python3.10/dist-packages/crazyflie_interfaces/msg/_position_s.c\n'}
[6.905074] (crazyflie_interfaces) StdoutLine: {'line': b'-- Symlinking: /home/iiitd/cf_ws/install/crazyflie_interfaces/local/lib/python3.10/dist-packages/crazyflie_interfaces/msg/_status.py\n'}
[6.908678] (crazyflie_interfaces) StdoutLine: {'line': b'-- Symlinking: /home/iiitd/cf_ws/install/crazyflie_interfaces/local/lib/python3.10/dist-packages/crazyflie_interfaces/msg/_status_s.c\n'}
[6.913512] (crazyflie_interfaces) StdoutLine: {'line': b'-- Symlinking: /home/iiitd/cf_ws/install/crazyflie_interfaces/local/lib/python3.10/dist-packages/crazyflie_interfaces/msg/_trajectory_polynomial_piece.py\n'}
[6.915192] (-) TimerEvent: {}
[6.917705] (crazyflie_interfaces) StdoutLine: {'line': b'-- Symlinking: /home/iiitd/cf_ws/install/crazyflie_interfaces/local/lib/python3.10/dist-packages/crazyflie_interfaces/msg/_trajectory_polynomial_piece_s.c\n'}
[6.921061] (crazyflie_interfaces) StdoutLine: {'line': b'-- Symlinking: /home/iiitd/cf_ws/install/crazyflie_interfaces/local/lib/python3.10/dist-packages/crazyflie_interfaces/msg/_velocity_world.py\n'}
[6.924403] (crazyflie_interfaces) StdoutLine: {'line': b'-- Symlinking: /home/iiitd/cf_ws/install/crazyflie_interfaces/local/lib/python3.10/dist-packages/crazyflie_interfaces/msg/_velocity_world_s.c\n'}
[6.929409] (crazyflie_interfaces) StdoutLine: {'line': b'-- Symlinking: /home/iiitd/cf_ws/install/crazyflie_interfaces/local/lib/python3.10/dist-packages/crazyflie_interfaces/srv/__init__.py\n'}
[6.934649] (crazyflie_interfaces) StdoutLine: {'line': b'-- Symlinking: /home/iiitd/cf_ws/install/crazyflie_interfaces/local/lib/python3.10/dist-packages/crazyflie_interfaces/srv/_add_logging.py\n'}
[6.938184] (crazyflie_interfaces) StdoutLine: {'line': b'-- Symlinking: /home/iiitd/cf_ws/install/crazyflie_interfaces/local/lib/python3.10/dist-packages/crazyflie_interfaces/srv/_add_logging_s.c\n'}
[6.942944] (crazyflie_interfaces) StdoutLine: {'line': b'-- Symlinking: /home/iiitd/cf_ws/install/crazyflie_interfaces/local/lib/python3.10/dist-packages/crazyflie_interfaces/srv/_arm.py\n'}
[6.947970] (crazyflie_interfaces) StdoutLine: {'line': b'-- Symlinking: /home/iiitd/cf_ws/install/crazyflie_interfaces/local/lib/python3.10/dist-packages/crazyflie_interfaces/srv/_arm_s.c\n'}
[6.952105] (crazyflie_interfaces) StdoutLine: {'line': b'-- Symlinking: /home/iiitd/cf_ws/install/crazyflie_interfaces/local/lib/python3.10/dist-packages/crazyflie_interfaces/srv/_go_to.py\n'}
[6.956859] (crazyflie_interfaces) StdoutLine: {'line': b'-- Symlinking: /home/iiitd/cf_ws/install/crazyflie_interfaces/local/lib/python3.10/dist-packages/crazyflie_interfaces/srv/_go_to_s.c\n'}
[6.961746] (crazyflie_interfaces) StdoutLine: {'line': b'-- Symlinking: /home/iiitd/cf_ws/install/crazyflie_interfaces/local/lib/python3.10/dist-packages/crazyflie_interfaces/srv/_land.py\n'}
[6.965363] (crazyflie_interfaces) StdoutLine: {'line': b'-- Symlinking: /home/iiitd/cf_ws/install/crazyflie_interfaces/local/lib/python3.10/dist-packages/crazyflie_interfaces/srv/_land_s.c\n'}
[6.970521] (crazyflie_interfaces) StdoutLine: {'line': b'-- Symlinking: /home/iiitd/cf_ws/install/crazyflie_interfaces/local/lib/python3.10/dist-packages/crazyflie_interfaces/srv/_notify_setpoints_stop.py\n'}
[6.975626] (crazyflie_interfaces) StdoutLine: {'line': b'-- Symlinking: /home/iiitd/cf_ws/install/crazyflie_interfaces/local/lib/python3.10/dist-packages/crazyflie_interfaces/srv/_notify_setpoints_stop_s.c\n'}
[6.979282] (crazyflie_interfaces) StdoutLine: {'line': b'-- Symlinking: /home/iiitd/cf_ws/install/crazyflie_interfaces/local/lib/python3.10/dist-packages/crazyflie_interfaces/srv/_remove_logging.py\n'}
[6.984096] (crazyflie_interfaces) StdoutLine: {'line': b'-- Symlinking: /home/iiitd/cf_ws/install/crazyflie_interfaces/local/lib/python3.10/dist-packages/crazyflie_interfaces/srv/_remove_logging_s.c\n'}
[6.989063] (crazyflie_interfaces) StdoutLine: {'line': b'-- Symlinking: /home/iiitd/cf_ws/install/crazyflie_interfaces/local/lib/python3.10/dist-packages/crazyflie_interfaces/srv/_set_group_mask.py\n'}
[6.993301] (crazyflie_interfaces) StdoutLine: {'line': b'-- Symlinking: /home/iiitd/cf_ws/install/crazyflie_interfaces/local/lib/python3.10/dist-packages/crazyflie_interfaces/srv/_set_group_mask_s.c\n'}
[6.996936] (crazyflie_interfaces) StdoutLine: {'line': b'-- Symlinking: /home/iiitd/cf_ws/install/crazyflie_interfaces/local/lib/python3.10/dist-packages/crazyflie_interfaces/srv/_start_trajectory.py\n'}
[7.001838] (crazyflie_interfaces) StdoutLine: {'line': b'-- Symlinking: /home/iiitd/cf_ws/install/crazyflie_interfaces/local/lib/python3.10/dist-packages/crazyflie_interfaces/srv/_start_trajectory_s.c\n'}
[7.005590] (crazyflie_interfaces) StdoutLine: {'line': b'-- Symlinking: /home/iiitd/cf_ws/install/crazyflie_interfaces/local/lib/python3.10/dist-packages/crazyflie_interfaces/srv/_stop.py\n'}
[7.010513] (crazyflie_interfaces) StdoutLine: {'line': b'-- Symlinking: /home/iiitd/cf_ws/install/crazyflie_interfaces/local/lib/python3.10/dist-packages/crazyflie_interfaces/srv/_stop_s.c\n'}
[7.015279] (-) TimerEvent: {}
[7.015521] (crazyflie_interfaces) StdoutLine: {'line': b'-- Symlinking: /home/iiitd/cf_ws/install/crazyflie_interfaces/local/lib/python3.10/dist-packages/crazyflie_interfaces/srv/_takeoff.py\n'}
[7.019227] (crazyflie_interfaces) StdoutLine: {'line': b'-- Symlinking: /home/iiitd/cf_ws/install/crazyflie_interfaces/local/lib/python3.10/dist-packages/crazyflie_interfaces/srv/_takeoff_s.c\n'}
[7.022888] (crazyflie_interfaces) StdoutLine: {'line': b'-- Symlinking: /home/iiitd/cf_ws/install/crazyflie_interfaces/local/lib/python3.10/dist-packages/crazyflie_interfaces/srv/_update_params.py\n'}
[7.028251] (crazyflie_interfaces) StdoutLine: {'line': b'-- Symlinking: /home/iiitd/cf_ws/install/crazyflie_interfaces/local/lib/python3.10/dist-packages/crazyflie_interfaces/srv/_update_params_s.c\n'}
[7.032541] (crazyflie_interfaces) StdoutLine: {'line': b'-- Symlinking: /home/iiitd/cf_ws/install/crazyflie_interfaces/local/lib/python3.10/dist-packages/crazyflie_interfaces/srv/_upload_trajectory.py\n'}
[7.036426] (crazyflie_interfaces) StdoutLine: {'line': b'-- Symlinking: /home/iiitd/cf_ws/install/crazyflie_interfaces/local/lib/python3.10/dist-packages/crazyflie_interfaces/srv/_upload_trajectory_s.c\n'}
[7.041255] (crazyflie_interfaces) StdoutLine: {'line': b'-- Up-to-date symlink: /home/iiitd/cf_ws/install/crazyflie_interfaces/local/lib/python3.10/dist-packages/crazyflie_interfaces/crazyflie_interfaces_s__rosidl_typesupport_fastrtps_c.cpython-310-x86_64-linux-gnu.so\n'}
[7.041391] (crazyflie_interfaces) StdoutLine: {'line': b'-- Up-to-date symlink: /home/iiitd/cf_ws/install/crazyflie_interfaces/local/lib/python3.10/dist-packages/crazyflie_interfaces/crazyflie_interfaces_s__rosidl_typesupport_introspection_c.cpython-310-x86_64-linux-gnu.so\n'}
[7.041502] (crazyflie_interfaces) StdoutLine: {'line': b'-- Up-to-date symlink: /home/iiitd/cf_ws/install/crazyflie_interfaces/local/lib/python3.10/dist-packages/crazyflie_interfaces/crazyflie_interfaces_s__rosidl_typesupport_c.cpython-310-x86_64-linux-gnu.so\n'}
[7.041586] (crazyflie_interfaces) StdoutLine: {'line': b'-- Symlinking: /home/iiitd/cf_ws/install/crazyflie_interfaces/share/ament_index/resource_index/rust_packages/crazyflie_interfaces\n'}
[7.045495] (crazyflie_interfaces) StdoutLine: {'line': b'-- Symlinking: /home/iiitd/cf_ws/install/crazyflie_interfaces/share/crazyflie_interfaces/rust/Cargo.toml\n'}
[7.049939] (crazyflie_interfaces) StdoutLine: {'line': b'-- Symlinking: /home/iiitd/cf_ws/install/crazyflie_interfaces/share/crazyflie_interfaces/rust/build.rs\n'}
[7.054694] (crazyflie_interfaces) StdoutLine: {'line': b'-- Symlinking: /home/iiitd/cf_ws/install/crazyflie_interfaces/share/crazyflie_interfaces/rust/src/lib.rs\n'}
[7.059007] (crazyflie_interfaces) StdoutLine: {'line': b'-- Symlinking: /home/iiitd/cf_ws/install/crazyflie_interfaces/share/crazyflie_interfaces/rust/src/msg.rs\n'}
[7.063192] (crazyflie_interfaces) StdoutLine: {'line': b'-- Symlinking: /home/iiitd/cf_ws/install/crazyflie_interfaces/share/crazyflie_interfaces/rust/src/msg/rmw.rs\n'}
[7.068422] (crazyflie_interfaces) StdoutLine: {'line': b'-- Symlinking: /home/iiitd/cf_ws/install/crazyflie_interfaces/share/crazyflie_interfaces/rust/src/srv.rs\n'}
[7.072013] (crazyflie_interfaces) StdoutLine: {'line': b'-- Symlinking: /home/iiitd/cf_ws/install/crazyflie_interfaces/share/crazyflie_interfaces/rust/src/srv/rmw.rs\n'}
[7.076403] (crazyflie_interfaces) StdoutLine: {'line': b'-- Symlinking: /home/iiitd/cf_ws/install/crazyflie_interfaces/share/crazyflie_interfaces/msg/ConnectionStatistics.idl\n'}
[7.080192] (crazyflie_interfaces) StdoutLine: {'line': b'-- Symlinking: /home/iiitd/cf_ws/install/crazyflie_interfaces/share/crazyflie_interfaces/msg/ConnectionStatisticsArray.idl\n'}
[7.084606] (crazyflie_interfaces) StdoutLine: {'line': b'-- Symlinking: /home/iiitd/cf_ws/install/crazyflie_interfaces/share/crazyflie_interfaces/msg/FullState.idl\n'}
[7.089716] (crazyflie_interfaces) StdoutLine: {'line': b'-- Symlinking: /home/iiitd/cf_ws/install/crazyflie_interfaces/share/crazyflie_interfaces/msg/LogDataGeneric.idl\n'}
[7.094912] (crazyflie_interfaces) StdoutLine: {'line': b'-- Symlinking: /home/iiitd/cf_ws/install/crazyflie_interfaces/share/crazyflie_interfaces/msg/Hover.idl\n'}
[7.099185] (crazyflie_interfaces) StdoutLine: {'line': b'-- Symlinking: /home/iiitd/cf_ws/install/crazyflie_interfaces/share/crazyflie_interfaces/msg/LogBlock.idl\n'}
[7.103677] (crazyflie_interfaces) StdoutLine: {'line': b'-- Symlinking: /home/iiitd/cf_ws/install/crazyflie_interfaces/share/crazyflie_interfaces/msg/Position.idl\n'}
[7.107257] (crazyflie_interfaces) StdoutLine: {'line': b'-- Symlinking: /home/iiitd/cf_ws/install/crazyflie_interfaces/share/crazyflie_interfaces/msg/Status.idl\n'}
[7.112220] (crazyflie_interfaces) StdoutLine: {'line': b'-- Symlinking: /home/iiitd/cf_ws/install/crazyflie_interfaces/share/crazyflie_interfaces/msg/TrajectoryPolynomialPiece.idl\n'}
[7.115331] (-) TimerEvent: {}
[7.116435] (crazyflie_interfaces) StdoutLine: {'line': b'-- Symlinking: /home/iiitd/cf_ws/install/crazyflie_interfaces/share/crazyflie_interfaces/msg/VelocityWorld.idl\n'}
[7.120462] (crazyflie_interfaces) StdoutLine: {'line': b'-- Symlinking: /home/iiitd/cf_ws/install/crazyflie_interfaces/share/crazyflie_interfaces/srv/GoTo.idl\n'}
[7.125199] (crazyflie_interfaces) StdoutLine: {'line': b'-- Symlinking: /home/iiitd/cf_ws/install/crazyflie_interfaces/share/crazyflie_interfaces/srv/Land.idl\n'}
[7.129071] (crazyflie_interfaces) StdoutLine: {'line': b'-- Symlinking: /home/iiitd/cf_ws/install/crazyflie_interfaces/share/crazyflie_interfaces/srv/NotifySetpointsStop.idl\n'}
[7.133009] (crazyflie_interfaces) StdoutLine: {'line': b'-- Symlinking: /home/iiitd/cf_ws/install/crazyflie_interfaces/share/crazyflie_interfaces/srv/SetGroupMask.idl\n'}
[7.136507] (crazyflie_interfaces) StdoutLine: {'line': b'-- Symlinking: /home/iiitd/cf_ws/install/crazyflie_interfaces/share/crazyflie_interfaces/srv/StartTrajectory.idl\n'}
[7.141486] (crazyflie_interfaces) StdoutLine: {'line': b'-- Symlinking: /home/iiitd/cf_ws/install/crazyflie_interfaces/share/crazyflie_interfaces/srv/Stop.idl\n'}
[7.145192] (crazyflie_interfaces) StdoutLine: {'line': b'-- Symlinking: /home/iiitd/cf_ws/install/crazyflie_interfaces/share/crazyflie_interfaces/srv/Takeoff.idl\n'}
[7.148996] (crazyflie_interfaces) StdoutLine: {'line': b'-- Symlinking: /home/iiitd/cf_ws/install/crazyflie_interfaces/share/crazyflie_interfaces/srv/UpdateParams.idl\n'}
[7.152941] (crazyflie_interfaces) StdoutLine: {'line': b'-- Symlinking: /home/iiitd/cf_ws/install/crazyflie_interfaces/share/crazyflie_interfaces/srv/UploadTrajectory.idl\n'}
[7.157182] (crazyflie_interfaces) StdoutLine: {'line': b'-- Symlinking: /home/iiitd/cf_ws/install/crazyflie_interfaces/share/crazyflie_interfaces/srv/RemoveLogging.idl\n'}
[7.161022] (crazyflie_interfaces) StdoutLine: {'line': b'-- Symlinking: /home/iiitd/cf_ws/install/crazyflie_interfaces/share/crazyflie_interfaces/srv/AddLogging.idl\n'}
[7.164465] (crazyflie_interfaces) StdoutLine: {'line': b'-- Symlinking: /home/iiitd/cf_ws/install/crazyflie_interfaces/share/crazyflie_interfaces/srv/Arm.idl\n'}
[7.169194] (crazyflie_interfaces) StdoutLine: {'line': b'-- Symlinking: /home/iiitd/cf_ws/install/crazyflie_interfaces/share/crazyflie_interfaces/msg/ConnectionStatistics.msg\n'}
[7.172741] (crazyflie_interfaces) StdoutLine: {'line': b'-- Symlinking: /home/iiitd/cf_ws/install/crazyflie_interfaces/share/crazyflie_interfaces/msg/ConnectionStatisticsArray.msg\n'}
[7.177102] (crazyflie_interfaces) StdoutLine: {'line': b'-- Symlinking: /home/iiitd/cf_ws/install/crazyflie_interfaces/share/crazyflie_interfaces/msg/FullState.msg\n'}
[7.181999] (crazyflie_interfaces) StdoutLine: {'line': b'-- Symlinking: /home/iiitd/cf_ws/install/crazyflie_interfaces/share/crazyflie_interfaces/msg/LogDataGeneric.msg\n'}
[7.186184] (crazyflie_interfaces) StdoutLine: {'line': b'-- Symlinking: /home/iiitd/cf_ws/install/crazyflie_interfaces/share/crazyflie_interfaces/msg/Hover.msg\n'}
[7.190120] (crazyflie_interfaces) StdoutLine: {'line': b'-- Symlinking: /home/iiitd/cf_ws/install/crazyflie_interfaces/share/crazyflie_interfaces/msg/LogBlock.msg\n'}
[7.195089] (crazyflie_interfaces) StdoutLine: {'line': b'-- Symlinking: /home/iiitd/cf_ws/install/crazyflie_interfaces/share/crazyflie_interfaces/msg/Position.msg\n'}
[7.198589] (crazyflie_interfaces) StdoutLine: {'line': b'-- Symlinking: /home/iiitd/cf_ws/install/crazyflie_interfaces/share/crazyflie_interfaces/msg/Status.msg\n'}
[7.203923] (crazyflie_interfaces) StdoutLine: {'line': b'-- Symlinking: /home/iiitd/cf_ws/install/crazyflie_interfaces/share/crazyflie_interfaces/msg/TrajectoryPolynomialPiece.msg\n'}
[7.209040] (crazyflie_interfaces) StdoutLine: {'line': b'-- Symlinking: /home/iiitd/cf_ws/install/crazyflie_interfaces/share/crazyflie_interfaces/msg/VelocityWorld.msg\n'}
[7.213896] (crazyflie_interfaces) StdoutLine: {'line': b'-- Symlinking: /home/iiitd/cf_ws/install/crazyflie_interfaces/share/crazyflie_interfaces/srv/GoTo.srv\n'}
[7.215390] (-) TimerEvent: {}
[7.218167] (crazyflie_interfaces) StdoutLine: {'line': b'-- Symlinking: /home/iiitd/cf_ws/install/crazyflie_interfaces/share/crazyflie_interfaces/srv/GoTo_Request.msg\n'}
[7.222145] (crazyflie_interfaces) StdoutLine: {'line': b'-- Symlinking: /home/iiitd/cf_ws/install/crazyflie_interfaces/share/crazyflie_interfaces/srv/GoTo_Response.msg\n'}
[7.225643] (crazyflie_interfaces) StdoutLine: {'line': b'-- Symlinking: /home/iiitd/cf_ws/install/crazyflie_interfaces/share/crazyflie_interfaces/srv/Land.srv\n'}
[7.229636] (crazyflie_interfaces) StdoutLine: {'line': b'-- Symlinking: /home/iiitd/cf_ws/install/crazyflie_interfaces/share/crazyflie_interfaces/srv/Land_Request.msg\n'}
[7.233587] (crazyflie_interfaces) StdoutLine: {'line': b'-- Symlinking: /home/iiitd/cf_ws/install/crazyflie_interfaces/share/crazyflie_interfaces/srv/Land_Response.msg\n'}
[7.238476] (crazyflie_interfaces) StdoutLine: {'line': b'-- Symlinking: /home/iiitd/cf_ws/install/crazyflie_interfaces/share/crazyflie_interfaces/srv/NotifySetpointsStop.srv\n'}
[7.243059] (crazyflie_interfaces) StdoutLine: {'line': b'-- Symlinking: /home/iiitd/cf_ws/install/crazyflie_interfaces/share/crazyflie_interfaces/srv/NotifySetpointsStop_Request.msg\n'}
[7.246749] (crazyflie_interfaces) StdoutLine: {'line': b'-- Symlinking: /home/iiitd/cf_ws/install/crazyflie_interfaces/share/crazyflie_interfaces/srv/NotifySetpointsStop_Response.msg\n'}
[7.250449] (crazyflie_interfaces) StdoutLine: {'line': b'-- Symlinking: /home/iiitd/cf_ws/install/crazyflie_interfaces/share/crazyflie_interfaces/srv/SetGroupMask.srv\n'}
[7.255517] (crazyflie_interfaces) StdoutLine: {'line': b'-- Symlinking: /home/iiitd/cf_ws/install/crazyflie_interfaces/share/crazyflie_interfaces/srv/SetGroupMask_Request.msg\n'}
[7.260398] (crazyflie_interfaces) StdoutLine: {'line': b'-- Symlinking: /home/iiitd/cf_ws/install/crazyflie_interfaces/share/crazyflie_interfaces/srv/SetGroupMask_Response.msg\n'}
[7.265381] (crazyflie_interfaces) StdoutLine: {'line': b'-- Symlinking: /home/iiitd/cf_ws/install/crazyflie_interfaces/share/crazyflie_interfaces/srv/StartTrajectory.srv\n'}
[7.269392] (crazyflie_interfaces) StdoutLine: {'line': b'-- Symlinking: /home/iiitd/cf_ws/install/crazyflie_interfaces/share/crazyflie_interfaces/srv/StartTrajectory_Request.msg\n'}
[7.273018] (crazyflie_interfaces) StdoutLine: {'line': b'-- Symlinking: /home/iiitd/cf_ws/install/crazyflie_interfaces/share/crazyflie_interfaces/srv/StartTrajectory_Response.msg\n'}
[7.277641] (crazyflie_interfaces) StdoutLine: {'line': b'-- Symlinking: /home/iiitd/cf_ws/install/crazyflie_interfaces/share/crazyflie_interfaces/srv/Stop.srv\n'}
[7.283180] (crazyflie_interfaces) StdoutLine: {'line': b'-- Symlinking: /home/iiitd/cf_ws/install/crazyflie_interfaces/share/crazyflie_interfaces/srv/Stop_Request.msg\n'}
[7.287225] (crazyflie_interfaces) StdoutLine: {'line': b'-- Symlinking: /home/iiitd/cf_ws/install/crazyflie_interfaces/share/crazyflie_interfaces/srv/Stop_Response.msg\n'}
[7.291940] (crazyflie_interfaces) StdoutLine: {'line': b'-- Symlinking: /home/iiitd/cf_ws/install/crazyflie_interfaces/share/crazyflie_interfaces/srv/Takeoff.srv\n'}
[7.295826] (crazyflie_interfaces) StdoutLine: {'line': b'-- Symlinking: /home/iiitd/cf_ws/install/crazyflie_interfaces/share/crazyflie_interfaces/srv/Takeoff_Request.msg\n'}
[7.300325] (crazyflie_interfaces) StdoutLine: {'line': b'-- Symlinking: /home/iiitd/cf_ws/install/crazyflie_interfaces/share/crazyflie_interfaces/srv/Takeoff_Response.msg\n'}
[7.305035] (crazyflie_interfaces) StdoutLine: {'line': b'-- Symlinking: /home/iiitd/cf_ws/install/crazyflie_interfaces/share/crazyflie_interfaces/srv/UpdateParams.srv\n'}
[7.310348] (crazyflie_interfaces) StdoutLine: {'line': b'-- Symlinking: /home/iiitd/cf_ws/install/crazyflie_interfaces/share/crazyflie_interfaces/srv/UpdateParams_Request.msg\n'}
[7.315460] (-) TimerEvent: {}
[7.315564] (crazyflie_interfaces) StdoutLine: {'line': b'-- Symlinking: /home/iiitd/cf_ws/install/crazyflie_interfaces/share/crazyflie_interfaces/srv/UpdateParams_Response.msg\n'}
[7.320292] (crazyflie_interfaces) StdoutLine: {'line': b'-- Symlinking: /home/iiitd/cf_ws/install/crazyflie_interfaces/share/crazyflie_interfaces/srv/UploadTrajectory.srv\n'}
[7.324386] (crazyflie_interfaces) StdoutLine: {'line': b'-- Symlinking: /home/iiitd/cf_ws/install/crazyflie_interfaces/share/crazyflie_interfaces/srv/UploadTrajectory_Request.msg\n'}
[7.328475] (crazyflie_interfaces) StdoutLine: {'line': b'-- Symlinking: /home/iiitd/cf_ws/install/crazyflie_interfaces/share/crazyflie_interfaces/srv/UploadTrajectory_Response.msg\n'}
[7.332277] (crazyflie_interfaces) StdoutLine: {'line': b'-- Symlinking: /home/iiitd/cf_ws/install/crazyflie_interfaces/share/crazyflie_interfaces/srv/RemoveLogging.srv\n'}
[7.337408] (crazyflie_interfaces) StdoutLine: {'line': b'-- Symlinking: /home/iiitd/cf_ws/install/crazyflie_interfaces/share/crazyflie_interfaces/srv/RemoveLogging_Request.msg\n'}
[7.341703] (crazyflie_interfaces) StdoutLine: {'line': b'-- Symlinking: /home/iiitd/cf_ws/install/crazyflie_interfaces/share/crazyflie_interfaces/srv/RemoveLogging_Response.msg\n'}
[7.345264] (crazyflie_interfaces) StdoutLine: {'line': b'-- Symlinking: /home/iiitd/cf_ws/install/crazyflie_interfaces/share/crazyflie_interfaces/srv/AddLogging.srv\n'}
[7.348800] (crazyflie_interfaces) StdoutLine: {'line': b'-- Symlinking: /home/iiitd/cf_ws/install/crazyflie_interfaces/share/crazyflie_interfaces/srv/AddLogging_Request.msg\n'}
[7.352337] (crazyflie_interfaces) StdoutLine: {'line': b'-- Symlinking: /home/iiitd/cf_ws/install/crazyflie_interfaces/share/crazyflie_interfaces/srv/AddLogging_Response.msg\n'}
[7.356195] (crazyflie_interfaces) StdoutLine: {'line': b'-- Symlinking: /home/iiitd/cf_ws/install/crazyflie_interfaces/share/crazyflie_interfaces/srv/Arm.srv\n'}
[7.360081] (crazyflie_interfaces) StdoutLine: {'line': b'-- Symlinking: /home/iiitd/cf_ws/install/crazyflie_interfaces/share/crazyflie_interfaces/srv/Arm_Request.msg\n'}
[7.365093] (crazyflie_interfaces) StdoutLine: {'line': b'-- Symlinking: /home/iiitd/cf_ws/install/crazyflie_interfaces/share/crazyflie_interfaces/srv/Arm_Response.msg\n'}
[7.369794] (crazyflie_interfaces) StdoutLine: {'line': b'-- Symlinking: /home/iiitd/cf_ws/install/crazyflie_interfaces/share/ament_index/resource_index/package_run_dependencies/crazyflie_interfaces\n'}
[7.373819] (crazyflie_interfaces) StdoutLine: {'line': b'-- Symlinking: /home/iiitd/cf_ws/install/crazyflie_interfaces/share/ament_index/resource_index/parent_prefix_path/crazyflie_interfaces\n'}
[7.377957] (crazyflie_interfaces) StdoutLine: {'line': b'-- Symlinking: /home/iiitd/cf_ws/install/crazyflie_interfaces/share/crazyflie_interfaces/environment/ament_prefix_path.sh\n'}
[7.383119] (crazyflie_interfaces) StdoutLine: {'line': b'-- Symlinking: /home/iiitd/cf_ws/install/crazyflie_interfaces/share/crazyflie_interfaces/environment/ament_prefix_path.dsv\n'}
[7.387688] (crazyflie_interfaces) StdoutLine: {'line': b'-- Symlinking: /home/iiitd/cf_ws/install/crazyflie_interfaces/share/crazyflie_interfaces/environment/path.sh\n'}
[7.391196] (crazyflie_interfaces) StdoutLine: {'line': b'-- Symlinking: /home/iiitd/cf_ws/install/crazyflie_interfaces/share/crazyflie_interfaces/environment/path.dsv\n'}
[7.396040] (crazyflie_interfaces) StdoutLine: {'line': b'-- Symlinking: /home/iiitd/cf_ws/install/crazyflie_interfaces/share/crazyflie_interfaces/local_setup.bash\n'}
[7.401040] (crazyflie_interfaces) StdoutLine: {'line': b'-- Symlinking: /home/iiitd/cf_ws/install/crazyflie_interfaces/share/crazyflie_interfaces/local_setup.sh\n'}
[7.405700] (crazyflie_interfaces) StdoutLine: {'line': b'-- Symlinking: /home/iiitd/cf_ws/install/crazyflie_interfaces/share/crazyflie_interfaces/local_setup.zsh\n'}
[7.410082] (crazyflie_interfaces) StdoutLine: {'line': b'-- Symlinking: /home/iiitd/cf_ws/install/crazyflie_interfaces/share/crazyflie_interfaces/local_setup.dsv\n'}
[7.413915] (crazyflie_interfaces) StdoutLine: {'line': b'-- Symlinking: /home/iiitd/cf_ws/install/crazyflie_interfaces/share/crazyflie_interfaces/package.dsv\n'}
[7.415515] (-) TimerEvent: {}
[7.417790] (crazyflie_interfaces) StdoutLine: {'line': b'-- Symlinking: /home/iiitd/cf_ws/install/crazyflie_interfaces/share/ament_index/resource_index/packages/crazyflie_interfaces\n'}
[7.423022] (crazyflie_interfaces) StdoutLine: {'line': b'-- Symlinking: /home/iiitd/cf_ws/install/crazyflie_interfaces/share/crazyflie_interfaces/cmake/rosidl_cmake-extras.cmake\n'}
[7.426815] (crazyflie_interfaces) StdoutLine: {'line': b'-- Symlinking: /home/iiitd/cf_ws/install/crazyflie_interfaces/share/crazyflie_interfaces/cmake/ament_cmake_export_dependencies-extras.cmake\n'}
[7.430387] (crazyflie_interfaces) StdoutLine: {'line': b'-- Symlinking: /home/iiitd/cf_ws/install/crazyflie_interfaces/share/crazyflie_interfaces/cmake/ament_cmake_export_include_directories-extras.cmake\n'}
[7.434472] (crazyflie_interfaces) StdoutLine: {'line': b'-- Symlinking: /home/iiitd/cf_ws/install/crazyflie_interfaces/share/crazyflie_interfaces/cmake/ament_cmake_export_libraries-extras.cmake\n'}
[7.439612] (crazyflie_interfaces) StdoutLine: {'line': b'-- Symlinking: /home/iiitd/cf_ws/install/crazyflie_interfaces/share/crazyflie_interfaces/cmake/ament_cmake_export_targets-extras.cmake\n'}
[7.444712] (crazyflie_interfaces) StdoutLine: {'line': b'-- Symlinking: /home/iiitd/cf_ws/install/crazyflie_interfaces/share/crazyflie_interfaces/cmake/rosidl_cmake_export_typesupport_targets-extras.cmake\n'}
[7.449259] (crazyflie_interfaces) StdoutLine: {'line': b'-- Symlinking: /home/iiitd/cf_ws/install/crazyflie_interfaces/share/crazyflie_interfaces/cmake/rosidl_cmake_export_typesupport_libraries-extras.cmake\n'}
[7.453330] (crazyflie_interfaces) StdoutLine: {'line': b'-- Symlinking: /home/iiitd/cf_ws/install/crazyflie_interfaces/share/crazyflie_interfaces/cmake/rosidl_cmake_aggregate_target-extras.cmake\n'}
[7.458411] (crazyflie_interfaces) StdoutLine: {'line': b'-- Symlinking: /home/iiitd/cf_ws/install/crazyflie_interfaces/share/crazyflie_interfaces/cmake/crazyflie_interfacesConfig.cmake\n'}
[7.463038] (crazyflie_interfaces) StdoutLine: {'line': b'-- Symlinking: /home/iiitd/cf_ws/install/crazyflie_interfaces/share/crazyflie_interfaces/cmake/crazyflie_interfacesConfig-version.cmake\n'}
[7.468295] (crazyflie_interfaces) StdoutLine: {'line': b'-- Symlinking: /home/iiitd/cf_ws/install/crazyflie_interfaces/share/crazyflie_interfaces/package.xml\n'}
[7.472027] (crazyflie_interfaces) StdoutLine: {'line': b'-- Installing: /home/iiitd/cf_ws/install/crazyflie_interfaces/lib/libcrazyflie_interfaces__rosidl_generator_c.so\n'}
[7.472205] (crazyflie_interfaces) StdoutLine: {'line': b'-- Set runtime path of "/home/iiitd/cf_ws/install/crazyflie_interfaces/lib/libcrazyflie_interfaces__rosidl_generator_c.so" to ""\n'}
[7.472246] (crazyflie_interfaces) StdoutLine: {'line': b'-- Installing: /home/iiitd/cf_ws/install/crazyflie_interfaces/lib/libcrazyflie_interfaces__rosidl_typesupport_fastrtps_c.so\n'}
[7.472412] (crazyflie_interfaces) StdoutLine: {'line': b'-- Set runtime path of "/home/iiitd/cf_ws/install/crazyflie_interfaces/lib/libcrazyflie_interfaces__rosidl_typesupport_fastrtps_c.so" to ""\n'}
[7.472443] (crazyflie_interfaces) StdoutLine: {'line': b'-- Installing: /home/iiitd/cf_ws/install/crazyflie_interfaces/lib/libcrazyflie_interfaces__rosidl_typesupport_fastrtps_cpp.so\n'}
[7.472659] (crazyflie_interfaces) StdoutLine: {'line': b'-- Set runtime path of "/home/iiitd/cf_ws/install/crazyflie_interfaces/lib/libcrazyflie_interfaces__rosidl_typesupport_fastrtps_cpp.so" to ""\n'}
[7.472689] (crazyflie_interfaces) StdoutLine: {'line': b'-- Installing: /home/iiitd/cf_ws/install/crazyflie_interfaces/lib/libcrazyflie_interfaces__rosidl_typesupport_introspection_c.so\n'}
[7.472827] (crazyflie_interfaces) StdoutLine: {'line': b'-- Set runtime path of "/home/iiitd/cf_ws/install/crazyflie_interfaces/lib/libcrazyflie_interfaces__rosidl_typesupport_introspection_c.so" to ""\n'}
[7.472858] (crazyflie_interfaces) StdoutLine: {'line': b'-- Installing: /home/iiitd/cf_ws/install/crazyflie_interfaces/lib/libcrazyflie_interfaces__rosidl_typesupport_c.so\n'}
[7.472966] (crazyflie_interfaces) StdoutLine: {'line': b'-- Set runtime path of "/home/iiitd/cf_ws/install/crazyflie_interfaces/lib/libcrazyflie_interfaces__rosidl_typesupport_c.so" to ""\n'}
[7.472997] (crazyflie_interfaces) StdoutLine: {'line': b'-- Installing: /home/iiitd/cf_ws/install/crazyflie_interfaces/lib/libcrazyflie_interfaces__rosidl_typesupport_introspection_cpp.so\n'}
[7.473207] (crazyflie_interfaces) StdoutLine: {'line': b'-- Set runtime path of "/home/iiitd/cf_ws/install/crazyflie_interfaces/lib/libcrazyflie_interfaces__rosidl_typesupport_introspection_cpp.so" to ""\n'}
[7.473241] (crazyflie_interfaces) StdoutLine: {'line': b'-- Installing: /home/iiitd/cf_ws/install/crazyflie_interfaces/lib/libcrazyflie_interfaces__rosidl_typesupport_cpp.so\n'}
[7.473360] (crazyflie_interfaces) StdoutLine: {'line': b'-- Set runtime path of "/home/iiitd/cf_ws/install/crazyflie_interfaces/lib/libcrazyflie_interfaces__rosidl_typesupport_cpp.so" to ""\n'}
[7.505447] (crazyflie_interfaces) StdoutLine: {'line': b"Listing '/home/iiitd/cf_ws/install/crazyflie_interfaces/local/lib/python3.10/dist-packages/crazyflie_interfaces'...\n"}
[7.505487] (crazyflie_interfaces) StdoutLine: {'line': b"Compiling '/home/iiitd/cf_ws/install/crazyflie_interfaces/local/lib/python3.10/dist-packages/crazyflie_interfaces/__init__.py'...\n"}
[7.505509] (crazyflie_interfaces) StdoutLine: {'line': b"Listing '/home/iiitd/cf_ws/install/crazyflie_interfaces/local/lib/python3.10/dist-packages/crazyflie_interfaces/msg'...\n"}
[7.505531] (crazyflie_interfaces) StdoutLine: {'line': b"Compiling '/home/iiitd/cf_ws/install/crazyflie_interfaces/local/lib/python3.10/dist-packages/crazyflie_interfaces/msg/__init__.py'...\n"}
[7.505551] (crazyflie_interfaces) StdoutLine: {'line': b"Compiling '/home/iiitd/cf_ws/install/crazyflie_interfaces/local/lib/python3.10/dist-packages/crazyflie_interfaces/msg/_connection_statistics.py'...\n"}
[7.505571] (crazyflie_interfaces) StdoutLine: {'line': b"Compiling '/home/iiitd/cf_ws/install/crazyflie_interfaces/local/lib/python3.10/dist-packages/crazyflie_interfaces/msg/_connection_statistics_array.py'...\n"}
[7.505590] (crazyflie_interfaces) StdoutLine: {'line': b"Compiling '/home/iiitd/cf_ws/install/crazyflie_interfaces/local/lib/python3.10/dist-packages/crazyflie_interfaces/msg/_full_state.py'...\n"}
[7.505610] (crazyflie_interfaces) StdoutLine: {'line': b"Compiling '/home/iiitd/cf_ws/install/crazyflie_interfaces/local/lib/python3.10/dist-packages/crazyflie_interfaces/msg/_hover.py'...\n"}
[7.505629] (crazyflie_interfaces) StdoutLine: {'line': b"Compiling '/home/iiitd/cf_ws/install/crazyflie_interfaces/local/lib/python3.10/dist-packages/crazyflie_interfaces/msg/_log_block.py'...\n"}
[7.505648] (crazyflie_interfaces) StdoutLine: {'line': b"Compiling '/home/iiitd/cf_ws/install/crazyflie_interfaces/local/lib/python3.10/dist-packages/crazyflie_interfaces/msg/_log_data_generic.py'...\n"}
[7.505667] (crazyflie_interfaces) StdoutLine: {'line': b"Compiling '/home/iiitd/cf_ws/install/crazyflie_interfaces/local/lib/python3.10/dist-packages/crazyflie_interfaces/msg/_position.py'...\n"}
[7.505686] (crazyflie_interfaces) StdoutLine: {'line': b"Compiling '/home/iiitd/cf_ws/install/crazyflie_interfaces/local/lib/python3.10/dist-packages/crazyflie_interfaces/msg/_status.py'...\n"}
[7.505704] (crazyflie_interfaces) StdoutLine: {'line': b"Compiling '/home/iiitd/cf_ws/install/crazyflie_interfaces/local/lib/python3.10/dist-packages/crazyflie_interfaces/msg/_trajectory_polynomial_piece.py'...\n"}
[7.505722] (crazyflie_interfaces) StdoutLine: {'line': b"Compiling '/home/iiitd/cf_ws/install/crazyflie_interfaces/local/lib/python3.10/dist-packages/crazyflie_interfaces/msg/_velocity_world.py'...\n"}
[7.505740] (crazyflie_interfaces) StdoutLine: {'line': b"Listing '/home/iiitd/cf_ws/install/crazyflie_interfaces/local/lib/python3.10/dist-packages/crazyflie_interfaces/srv'...\n"}
[7.505759] (crazyflie_interfaces) StdoutLine: {'line': b"Compiling '/home/iiitd/cf_ws/install/crazyflie_interfaces/local/lib/python3.10/dist-packages/crazyflie_interfaces/srv/__init__.py'...\n"}
[7.505778] (crazyflie_interfaces) StdoutLine: {'line': b"Compiling '/home/iiitd/cf_ws/install/crazyflie_interfaces/local/lib/python3.10/dist-packages/crazyflie_interfaces/srv/_add_logging.py'...\n"}
[7.505796] (crazyflie_interfaces) StdoutLine: {'line': b"Compiling '/home/iiitd/cf_ws/install/crazyflie_interfaces/local/lib/python3.10/dist-packages/crazyflie_interfaces/srv/_arm.py'...\n"}
[7.505817] (crazyflie_interfaces) StdoutLine: {'line': b"Compiling '/home/iiitd/cf_ws/install/crazyflie_interfaces/local/lib/python3.10/dist-packages/crazyflie_interfaces/srv/_go_to.py'...\n"}
[7.505835] (crazyflie_interfaces) StdoutLine: {'line': b"Compiling '/home/iiitd/cf_ws/install/crazyflie_interfaces/local/lib/python3.10/dist-packages/crazyflie_interfaces/srv/_land.py'...\n"}
[7.505854] (crazyflie_interfaces) StdoutLine: {'line': b"Compiling '/home/iiitd/cf_ws/install/crazyflie_interfaces/local/lib/python3.10/dist-packages/crazyflie_interfaces/srv/_notify_setpoints_stop.py'...\n"}
[7.505874] (crazyflie_interfaces) StdoutLine: {'line': b"Compiling '/home/iiitd/cf_ws/install/crazyflie_interfaces/local/lib/python3.10/dist-packages/crazyflie_interfaces/srv/_remove_logging.py'...\n"}
[7.505894] (crazyflie_interfaces) StdoutLine: {'line': b"Compiling '/home/iiitd/cf_ws/install/crazyflie_interfaces/local/lib/python3.10/dist-packages/crazyflie_interfaces/srv/_set_group_mask.py'...\n"}
[7.505913] (crazyflie_interfaces) StdoutLine: {'line': b"Compiling '/home/iiitd/cf_ws/install/crazyflie_interfaces/local/lib/python3.10/dist-packages/crazyflie_interfaces/srv/_start_trajectory.py'...\n"}
[7.505935] (crazyflie_interfaces) StdoutLine: {'line': b"Compiling '/home/iiitd/cf_ws/install/crazyflie_interfaces/local/lib/python3.10/dist-packages/crazyflie_interfaces/srv/_stop.py'...\n"}
[7.505954] (crazyflie_interfaces) StdoutLine: {'line': b"Compiling '/home/iiitd/cf_ws/install/crazyflie_interfaces/local/lib/python3.10/dist-packages/crazyflie_interfaces/srv/_takeoff.py'...\n"}
[7.505972] (crazyflie_interfaces) StdoutLine: {'line': b"Compiling '/home/iiitd/cf_ws/install/crazyflie_interfaces/local/lib/python3.10/dist-packages/crazyflie_interfaces/srv/_update_params.py'...\n"}
[7.505991] (crazyflie_interfaces) StdoutLine: {'line': b"Compiling '/home/iiitd/cf_ws/install/crazyflie_interfaces/local/lib/python3.10/dist-packages/crazyflie_interfaces/srv/_upload_trajectory.py'...\n"}
[7.507714] (crazyflie_interfaces) StdoutLine: {'line': b'-- Installing: /home/iiitd/cf_ws/install/crazyflie_interfaces/lib/libcrazyflie_interfaces__rosidl_generator_py.so\n'}
[7.507883] (crazyflie_interfaces) StdoutLine: {'line': b'-- Set runtime path of "/home/iiitd/cf_ws/install/crazyflie_interfaces/lib/libcrazyflie_interfaces__rosidl_generator_py.so" to ""\n'}
[7.507912] (crazyflie_interfaces) StdoutLine: {'line': b'-- Installing: /home/iiitd/cf_ws/install/crazyflie_interfaces/share/crazyflie_interfaces/cmake/export_crazyflie_interfaces__rosidl_generator_cExport.cmake\n'}
[7.507956] (crazyflie_interfaces) StdoutLine: {'line': b'-- Installing: /home/iiitd/cf_ws/install/crazyflie_interfaces/share/crazyflie_interfaces/cmake/export_crazyflie_interfaces__rosidl_generator_cExport-noconfig.cmake\n'}
[7.508007] (crazyflie_interfaces) StdoutLine: {'line': b'-- Installing: /home/iiitd/cf_ws/install/crazyflie_interfaces/share/crazyflie_interfaces/cmake/export_crazyflie_interfaces__rosidl_typesupport_fastrtps_cExport.cmake\n'}
[7.508045] (crazyflie_interfaces) StdoutLine: {'line': b'-- Installing: /home/iiitd/cf_ws/install/crazyflie_interfaces/share/crazyflie_interfaces/cmake/export_crazyflie_interfaces__rosidl_typesupport_fastrtps_cExport-noconfig.cmake\n'}
[7.508086] (crazyflie_interfaces) StdoutLine: {'line': b'-- Installing: /home/iiitd/cf_ws/install/crazyflie_interfaces/share/crazyflie_interfaces/cmake/export_crazyflie_interfaces__rosidl_generator_cppExport.cmake\n'}
[7.508125] (crazyflie_interfaces) StdoutLine: {'line': b'-- Installing: /home/iiitd/cf_ws/install/crazyflie_interfaces/share/crazyflie_interfaces/cmake/export_crazyflie_interfaces__rosidl_typesupport_fastrtps_cppExport.cmake\n'}
[7.508162] (crazyflie_interfaces) StdoutLine: {'line': b'-- Installing: /home/iiitd/cf_ws/install/crazyflie_interfaces/share/crazyflie_interfaces/cmake/export_crazyflie_interfaces__rosidl_typesupport_fastrtps_cppExport-noconfig.cmake\n'}
[7.508202] (crazyflie_interfaces) StdoutLine: {'line': b'-- Installing: /home/iiitd/cf_ws/install/crazyflie_interfaces/share/crazyflie_interfaces/cmake/crazyflie_interfaces__rosidl_typesupport_introspection_cExport.cmake\n'}
[7.508243] (crazyflie_interfaces) StdoutLine: {'line': b'-- Installing: /home/iiitd/cf_ws/install/crazyflie_interfaces/share/crazyflie_interfaces/cmake/crazyflie_interfaces__rosidl_typesupport_introspection_cExport-noconfig.cmake\n'}
[7.508284] (crazyflie_interfaces) StdoutLine: {'line': b'-- Installing: /home/iiitd/cf_ws/install/crazyflie_interfaces/share/crazyflie_interfaces/cmake/crazyflie_interfaces__rosidl_typesupport_cExport.cmake\n'}
[7.508320] (crazyflie_interfaces) StdoutLine: {'line': b'-- Installing: /home/iiitd/cf_ws/install/crazyflie_interfaces/share/crazyflie_interfaces/cmake/crazyflie_interfaces__rosidl_typesupport_cExport-noconfig.cmake\n'}
[7.508364] (crazyflie_interfaces) StdoutLine: {'line': b'-- Installing: /home/iiitd/cf_ws/install/crazyflie_interfaces/share/crazyflie_interfaces/cmake/crazyflie_interfaces__rosidl_typesupport_introspection_cppExport.cmake\n'}
[7.508403] (crazyflie_interfaces) StdoutLine: {'line': b'-- Installing: /home/iiitd/cf_ws/install/crazyflie_interfaces/share/crazyflie_interfaces/cmake/crazyflie_interfaces__rosidl_typesupport_introspection_cppExport-noconfig.cmake\n'}
[7.508446] (crazyflie_interfaces) StdoutLine: {'line': b'-- Installing: /home/iiitd/cf_ws/install/crazyflie_interfaces/share/crazyflie_interfaces/cmake/crazyflie_interfaces__rosidl_typesupport_cppExport.cmake\n'}
[7.508485] (crazyflie_interfaces) StdoutLine: {'line': b'-- Installing: /home/iiitd/cf_ws/install/crazyflie_interfaces/share/crazyflie_interfaces/cmake/crazyflie_interfaces__rosidl_typesupport_cppExport-noconfig.cmake\n'}
[7.508533] (crazyflie_interfaces) StdoutLine: {'line': b'-- Installing: /home/iiitd/cf_ws/install/crazyflie_interfaces/share/crazyflie_interfaces/cmake/export_crazyflie_interfaces__rosidl_generator_pyExport.cmake\n'}
[7.508574] (crazyflie_interfaces) StdoutLine: {'line': b'-- Installing: /home/iiitd/cf_ws/install/crazyflie_interfaces/share/crazyflie_interfaces/cmake/export_crazyflie_interfaces__rosidl_generator_pyExport-noconfig.cmake\n'}
[7.510338] (crazyflie_interfaces) CommandEnded: {'returncode': 0}
[7.515576] (-) TimerEvent: {}
[7.517383] (crazyflie_interfaces) JobEnded: {'identifier': 'crazyflie_interfaces', 'rc': 0}
[7.517779] (crazyflie_py) JobStarted: {'identifier': 'crazyflie_py'}
[7.519989] (crazyflie) JobStarted: {'identifier': 'crazyflie'}
[7.521908] (crazyflie_server_py) JobStarted: {'identifier': 'crazyflie_server_py'}
[7.523889] (crazyflie_sim) JobStarted: {'identifier': 'crazyflie_sim'}
[7.615690] (-) TimerEvent: {}
[7.652589] (crazyflie) JobProgress: {'identifier': 'crazyflie', 'progress': 'cmake'}
[7.652764] (crazyflie) Command: {'cmd': ['/usr/bin/cmake', '/home/iiitd/cf_ws/src/crazyswarm2/crazyflie', '-DAMENT_CMAKE_SYMLINK_INSTALL=1', '-DCMAKE_INSTALL_PREFIX=/home/iiitd/cf_ws/install/crazyflie'], 'cwd': '/home/iiitd/cf_ws/build/crazyflie', 'env': OrderedDict([('LESSOPEN', '| /usr/bin/lesspipe %s'), ('LANGUAGE', 'en_IN:en'), ('USER', 'iiitd'), ('XDG_SESSION_TYPE', 'wayland'), ('SHLVL', '1'), ('LD_LIBRARY_PATH', '/home/iiitd/cf_ws/install/crazyflie_interfaces/lib:/usr/lib/x86_64-linux-gnu/gazebo-11/plugins:/opt/ros/humble/opt/rviz_ogre_vendor/lib:/opt/ros/humble/lib/x86_64-linux-gnu:/opt/ros/humble/lib'), ('HOME', '/home/iiitd'), ('OLDPWD', '/home/iiitd/cf_ws/src'), ('DESKTOP_SESSION', 'ubuntu'), ('ROS_PYTHON_VERSION', '3'), ('GNOME_SHELL_SESSION_MODE', 'ubuntu'), ('GTK_MODULES', 'gail:atk-bridge'), ('SYSTEMD_EXEC_PID', '2764'), ('DBUS_SESSION_BUS_ADDRESS', 'unix:path=/run/user/1000/bus'), ('COLORTERM', 'truecolor'), ('IM_CONFIG_PHASE', '1'), ('WAYLAND_DISPLAY', 'wayland-0'), ('ROS_DISTRO', 'humble'), ('LOGNAME', 'iiitd'), ('SUMO_HOME', '/usr/share/sumo'), ('_', '/usr/bin/colcon'), ('ROS_VERSION', '2'), ('XDG_SESSION_CLASS', 'user'), ('USERNAME', 'iiitd'), ('TERM', 'xterm-256color'), ('GAZEBO_MODEL_PATH', ':/home/iiitd/ros2_ws/install/sjtu_drone_description/share/sjtu_drone_description/models:/home/iiitd/ros2_ws/install/sjtu_drone_description/share/sjtu_drone_description/models'), ('GNOME_DESKTOP_SESSION_ID', 'this-is-deprecated'), ('ROS_LOCALHOST_ONLY', '0'), ('PATH', '/home/iiitd/.opencode/bin:/opt/ros/humble/bin:/home/iiitd/.local/bin:/usr/local/sbin:/usr/local/bin:/usr/sbin:/usr/bin:/sbin:/bin:/usr/games:/usr/local/games:/snap/bin:/snap/bin:/home/iiitd/.local/bin'), ('SESSION_MANAGER', 'local/iiitd-MS-7E02:@/tmp/.ICE-unix/2735,unix/iiitd-MS-7E02:/tmp/.ICE-unix/2735'), ('XDG_MENU_PREFIX', 'gnome-'), ('GNOME_TERMINAL_SCREEN', '/org/gnome/Terminal/screen/50fbead3_129e_4ecf_a85f_7ef6b72954ad'), ('GNOME_SETUP_DISPLAY', ':1'), ('XDG_RUNTIME_DIR', '/run/user/1000'), ('DISPLAY', ':0'), ('LANG', 'en_US.UTF-8'), ('XDG_CURRENT_DESKTOP', 'ubuntu:GNOME'), ('XMODIFIERS', '@im=ibus'), ('XDG_SESSION_DESKTOP', 'ubuntu'), ('XAUTHORITY', '/run/user/1000/.mutter-Xwaylandauth.EEOWS3'), ('LS_COLORS', 'rs=0:di=01;34:ln=01;36:mh=00:pi=40;33:so=01;35:do=01;35:bd=40;33;01:cd=40;33;01:or=40;31;01:mi=00:su=37;41:sg=30;43:ca=30;41:tw=30;42:ow=34;42:st=37;44:ex=01;32:*.tar=01;31:*.tgz=01;31:*.arc=01;31:*.arj=01;31:*.taz=01;31:*.lha=01;31:*.lz4=01;31:*.lzh=01;31:*.lzma=01;31:*.tlz=01;31:*.txz=01;31:*.tzo=01;31:*.t7z=01;31:*.zip=01;31:*.z=01;31:*.dz=01;31:*.gz=01;31:*.lrz=01;31:*.lz=01;31:*.lzo=01;31:*.xz=01;31:*.zst=01;31:*.tzst=01;31:*.bz2=01;31:*.bz=01;31:*.tbz=01;31:*.tbz2=01;31:*.tz=01;31:*.deb=01;31:*.rpm=01;31:*.jar=01;31:*.war=01;31:*.ear=01;31:*.sar=01;31:*.rar=01;31:*.alz=01;31:*.ace=01;31:*.zoo=01;31:*.cpio=01;31:*.7z=01;31:*.rz=01;31:*.cab=01;31:*.wim=01;31:*.swm=01;31:*.dwm=01;31:*.esd=01;31:*.jpg=01;35:*.jpeg=01;35:*.mjpg=01;35:*.mjpeg=01;35:*.gif=01;35:*.bmp=01;35:*.pbm=01;35:*.pgm=01;35:*.ppm=01;35:*.tga=01;35:*.xbm=01;35:*.xpm=01;35:*.tif=01;35:*.tiff=01;35:*.png=01;35:*.svg=01;35:*.svgz=01;35:*.mng=01;35:*.pcx=01;35:*.mov=01;35:*.mpg=01;35:*.mpeg=01;35:*.m2v=01;35:*.mkv=01;35:*.webm=01;35:*.webp=01;35:*.ogm=01;35:*.mp4=01;35:*.m4v=01;35:*.mp4v=01;35:*.vob=01;35:*.qt=01;35:*.nuv=01;35:*.wmv=01;35:*.asf=01;35:*.rm=01;35:*.rmvb=01;35:*.flc=01;35:*.avi=01;35:*.fli=01;35:*.flv=01;35:*.gl=01;35:*.dl=01;35:*.xcf=01;35:*.xwd=01;35:*.yuv=01;35:*.cgm=01;35:*.emf=01;35:*.ogv=01;35:*.ogx=01;35:*.aac=00;36:*.au=00;36:*.flac=00;36:*.m4a=00;36:*.mid=00;36:*.midi=00;36:*.mka=00;36:*.mp3=00;36:*.mpc=00;36:*.ogg=00;36:*.ra=00;36:*.wav=00;36:*.oga=00;36:*.opus=00;36:*.spx=00;36:*.xspf=00;36:'), ('GNOME_TERMINAL_SERVICE', ':1.215'), ('SSH_AGENT_LAUNCHER', 'gnome-keyring'), ('SSH_AUTH_SOCK', '/run/user/1000/keyring/ssh'), ('AMENT_PREFIX_PATH', '/home/iiitd/cf_ws/install/crazyflie_interfaces:/home/iiitd/cf_ws/install/crazyflie_description:/opt/ros/humble'), ('SHELL', '/bin/bash'), ('QT_ACCESSIBILITY', '1'), ('GDMSESSION', 'ubuntu'), ('LESSCLOSE', '/usr/bin/lesspipe %s %s'), ('QT_IM_MODULE', 'ibus'), ('PWD', '/home/iiitd/cf_ws/build/crazyflie'), ('TURTLEBOT3_MODEL', 'burger'), ('LC_ALL', 'en_US.UTF-8'), ('XDG_CONFIG_DIRS', '/etc/xdg/xdg-ubuntu:/etc/xdg'), ('GAZEBO_PLUGIN_PATH', ':/home/iiitd/ros2_ws/install/sjtu_drone_description/lib:/home/iiitd/ros2_ws/install/sjtu_drone_description/lib'), ('XDG_DATA_DIRS', '/usr/share/ubuntu:/usr/local/share/:/usr/share/:/var/lib/snapd/desktop'), ('PYTHONPATH', '/home/iiitd/cf_ws/install/crazyflie_interfaces/local/lib/python3.10/dist-packages:/opt/ros/humble/lib/python3.10/site-packages:/opt/ros/humble/local/lib/python3.10/dist-packages'), ('COLCON', '1'), ('VTE_VERSION', '6800'), ('CMAKE_PREFIX_PATH', '/home/iiitd/cf_ws/install/crazyflie_interfaces:/home/iiitd/cf_ws/install/crazyflie_description:/opt/ros/humble')]), 'shell': False}
[7.685834] (crazyflie) StdoutLine: {'line': b'-- The C compiler identification is GNU 11.4.0\n'}
[7.715762] (-) TimerEvent: {}
[7.717459] (crazyflie) StdoutLine: {'line': b'-- The CXX compiler identification is GNU 11.4.0\n'}
[7.721248] (crazyflie) StdoutLine: {'line': b'-- Detecting C compiler ABI info\n'}
[7.761459] (crazyflie) StdoutLine: {'line': b'-- Detecting C compiler ABI info - done\n'}
[7.765791] (crazyflie) StdoutLine: {'line': b'-- Check for working C compiler: /usr/bin/cc - skipped\n'}
[7.765887] (crazyflie) StdoutLine: {'line': b'-- Detecting C compile features\n'}
[7.766094] (crazyflie) StdoutLine: {'line': b'-- Detecting C compile features - done\n'}
[7.767666] (crazyflie) StdoutLine: {'line': b'-- Detecting CXX compiler ABI info\n'}
[7.781236] (crazyflie_sim) JobProgress: {'identifier': 'crazyflie_sim', 'progress': 'cmake'}
[7.781427] (crazyflie_sim) Command: {'cmd': ['/usr/bin/cmake', '/home/iiitd/cf_ws/src/crazyswarm2/crazyflie_sim', '-DAMENT_CMAKE_SYMLINK_INSTALL=1', '-DCMAKE_INSTALL_PREFIX=/home/iiitd/cf_ws/install/crazyflie_sim'], 'cwd': '/home/iiitd/cf_ws/build/crazyflie_sim', 'env': OrderedDict([('LESSOPEN', '| /usr/bin/lesspipe %s'), ('LANGUAGE', 'en_IN:en'), ('USER', 'iiitd'), ('XDG_SESSION_TYPE', 'wayland'), ('SHLVL', '1'), ('LD_LIBRARY_PATH', '/home/iiitd/cf_ws/install/crazyflie_interfaces/lib:/usr/lib/x86_64-linux-gnu/gazebo-11/plugins:/opt/ros/humble/opt/rviz_ogre_vendor/lib:/opt/ros/humble/lib/x86_64-linux-gnu:/opt/ros/humble/lib'), ('HOME', '/home/iiitd'), ('OLDPWD', '/home/iiitd/cf_ws/src'), ('DESKTOP_SESSION', 'ubuntu'), ('ROS_PYTHON_VERSION', '3'), ('GNOME_SHELL_SESSION_MODE', 'ubuntu'), ('GTK_MODULES', 'gail:atk-bridge'), ('SYSTEMD_EXEC_PID', '2764'), ('DBUS_SESSION_BUS_ADDRESS', 'unix:path=/run/user/1000/bus'), ('COLORTERM', 'truecolor'), ('IM_CONFIG_PHASE', '1'), ('WAYLAND_DISPLAY', 'wayland-0'), ('ROS_DISTRO', 'humble'), ('LOGNAME', 'iiitd'), ('SUMO_HOME', '/usr/share/sumo'), ('_', '/usr/bin/colcon'), ('ROS_VERSION', '2'), ('XDG_SESSION_CLASS', 'user'), ('USERNAME', 'iiitd'), ('TERM', 'xterm-256color'), ('GAZEBO_MODEL_PATH', ':/home/iiitd/ros2_ws/install/sjtu_drone_description/share/sjtu_drone_description/models:/home/iiitd/ros2_ws/install/sjtu_drone_description/share/sjtu_drone_description/models'), ('GNOME_DESKTOP_SESSION_ID', 'this-is-deprecated'), ('ROS_LOCALHOST_ONLY', '0'), ('PATH', '/home/iiitd/.opencode/bin:/opt/ros/humble/bin:/home/iiitd/.local/bin:/usr/local/sbin:/usr/local/bin:/usr/sbin:/usr/bin:/sbin:/bin:/usr/games:/usr/local/games:/snap/bin:/snap/bin:/home/iiitd/.local/bin'), ('SESSION_MANAGER', 'local/iiitd-MS-7E02:@/tmp/.ICE-unix/2735,unix/iiitd-MS-7E02:/tmp/.ICE-unix/2735'), ('XDG_MENU_PREFIX', 'gnome-'), ('GNOME_TERMINAL_SCREEN', '/org/gnome/Terminal/screen/50fbead3_129e_4ecf_a85f_7ef6b72954ad'), ('GNOME_SETUP_DISPLAY', ':1'), ('XDG_RUNTIME_DIR', '/run/user/1000'), ('DISPLAY', ':0'), ('LANG', 'en_US.UTF-8'), ('XDG_CURRENT_DESKTOP', 'ubuntu:GNOME'), ('XMODIFIERS', '@im=ibus'), ('XDG_SESSION_DESKTOP', 'ubuntu'), ('XAUTHORITY', '/run/user/1000/.mutter-Xwaylandauth.EEOWS3'), ('LS_COLORS', 'rs=0:di=01;34:ln=01;36:mh=00:pi=40;33:so=01;35:do=01;35:bd=40;33;01:cd=40;33;01:or=40;31;01:mi=00:su=37;41:sg=30;43:ca=30;41:tw=30;42:ow=34;42:st=37;44:ex=01;32:*.tar=01;31:*.tgz=01;31:*.arc=01;31:*.arj=01;31:*.taz=01;31:*.lha=01;31:*.lz4=01;31:*.lzh=01;31:*.lzma=01;31:*.tlz=01;31:*.txz=01;31:*.tzo=01;31:*.t7z=01;31:*.zip=01;31:*.z=01;31:*.dz=01;31:*.gz=01;31:*.lrz=01;31:*.lz=01;31:*.lzo=01;31:*.xz=01;31:*.zst=01;31:*.tzst=01;31:*.bz2=01;31:*.bz=01;31:*.tbz=01;31:*.tbz2=01;31:*.tz=01;31:*.deb=01;31:*.rpm=01;31:*.jar=01;31:*.war=01;31:*.ear=01;31:*.sar=01;31:*.rar=01;31:*.alz=01;31:*.ace=01;31:*.zoo=01;31:*.cpio=01;31:*.7z=01;31:*.rz=01;31:*.cab=01;31:*.wim=01;31:*.swm=01;31:*.dwm=01;31:*.esd=01;31:*.jpg=01;35:*.jpeg=01;35:*.mjpg=01;35:*.mjpeg=01;35:*.gif=01;35:*.bmp=01;35:*.pbm=01;35:*.pgm=01;35:*.ppm=01;35:*.tga=01;35:*.xbm=01;35:*.xpm=01;35:*.tif=01;35:*.tiff=01;35:*.png=01;35:*.svg=01;35:*.svgz=01;35:*.mng=01;35:*.pcx=01;35:*.mov=01;35:*.mpg=01;35:*.mpeg=01;35:*.m2v=01;35:*.mkv=01;35:*.webm=01;35:*.webp=01;35:*.ogm=01;35:*.mp4=01;35:*.m4v=01;35:*.mp4v=01;35:*.vob=01;35:*.qt=01;35:*.nuv=01;35:*.wmv=01;35:*.asf=01;35:*.rm=01;35:*.rmvb=01;35:*.flc=01;35:*.avi=01;35:*.fli=01;35:*.flv=01;35:*.gl=01;35:*.dl=01;35:*.xcf=01;35:*.xwd=01;35:*.yuv=01;35:*.cgm=01;35:*.emf=01;35:*.ogv=01;35:*.ogx=01;35:*.aac=00;36:*.au=00;36:*.flac=00;36:*.m4a=00;36:*.mid=00;36:*.midi=00;36:*.mka=00;36:*.mp3=00;36:*.mpc=00;36:*.ogg=00;36:*.ra=00;36:*.wav=00;36:*.oga=00;36:*.opus=00;36:*.spx=00;36:*.xspf=00;36:'), ('GNOME_TERMINAL_SERVICE', ':1.215'), ('SSH_AGENT_LAUNCHER', 'gnome-keyring'), ('SSH_AUTH_SOCK', '/run/user/1000/keyring/ssh'), ('AMENT_PREFIX_PATH', '/home/iiitd/cf_ws/install/crazyflie_interfaces:/opt/ros/humble'), ('SHELL', '/bin/bash'), ('QT_ACCESSIBILITY', '1'), ('GDMSESSION', 'ubuntu'), ('LESSCLOSE', '/usr/bin/lesspipe %s %s'), ('QT_IM_MODULE', 'ibus'), ('PWD', '/home/iiitd/cf_ws/build/crazyflie_sim'), ('TURTLEBOT3_MODEL', 'burger'), ('LC_ALL', 'en_US.UTF-8'), ('XDG_CONFIG_DIRS', '/etc/xdg/xdg-ubuntu:/etc/xdg'), ('GAZEBO_PLUGIN_PATH', ':/home/iiitd/ros2_ws/install/sjtu_drone_description/lib:/home/iiitd/ros2_ws/install/sjtu_drone_description/lib'), ('XDG_DATA_DIRS', '/usr/share/ubuntu:/usr/local/share/:/usr/share/:/var/lib/snapd/desktop'), ('PYTHONPATH', '/home/iiitd/cf_ws/install/crazyflie_interfaces/local/lib/python3.10/dist-packages:/opt/ros/humble/lib/python3.10/site-packages:/opt/ros/humble/local/lib/python3.10/dist-packages'), ('COLCON', '1'), ('VTE_VERSION', '6800'), ('CMAKE_PREFIX_PATH', '/home/iiitd/cf_ws/install/crazyflie_interfaces:/opt/ros/humble')]), 'shell': False}
[7.815740] (crazyflie) StdoutLine: {'line': b'-- Detecting CXX compiler ABI info - done\n'}
[7.815897] (-) TimerEvent: {}
[7.817719] (crazyflie_sim) StdoutLine: {'line': b'-- The C compiler identification is GNU 11.4.0\n'}
[7.820870] (crazyflie) StdoutLine: {'line': b'-- Check for working CXX compiler: /usr/bin/c++ - skipped\n'}
[7.821033] (crazyflie) StdoutLine: {'line': b'-- Detecting CXX compile features\n'}
[7.821306] (crazyflie) StdoutLine: {'line': b'-- Detecting CXX compile features - done\n'}
[7.822566] (crazyflie) StdoutLine: {'line': b'-- Found ament_cmake: 1.3.14 (/opt/ros/humble/share/ament_cmake/cmake)\n'}
[7.856411] (crazyflie_sim) StdoutLine: {'line': b'-- The CXX compiler identification is GNU 11.4.0\n'}
[7.861724] (crazyflie_sim) StdoutLine: {'line': b'-- Detecting C compiler ABI info\n'}
[7.907134] (crazyflie_sim) StdoutLine: {'line': b'-- Detecting C compiler ABI info - done\n'}
[7.913130] (crazyflie_sim) StdoutLine: {'line': b'-- Check for working C compiler: /usr/bin/cc - skipped\n'}
[7.913415] (crazyflie) StdoutLine: {'line': b'-- Found Python3: /usr/bin/python3 (found version "3.10.12") found components: Interpreter \n'}
[7.913661] (crazyflie_sim) StdoutLine: {'line': b'-- Detecting C compile features\n'}
[7.913933] (crazyflie_sim) StdoutLine: {'line': b'-- Detecting C compile features - done\n'}
[7.915998] (crazyflie_sim) StdoutLine: {'line': b'-- Detecting CXX compiler ABI info\n'}
[7.916077] (-) TimerEvent: {}
[7.948530] (crazyflie) StdoutLine: {'line': b'-- Override CMake install command with custom implementation using symlinks instead of copying resources\n'}
[7.964170] (crazyflie) StdoutLine: {'line': b'-- Found rclcpp: 16.0.19 (/opt/ros/humble/share/rclcpp/cmake)\n'}
[7.968732] (crazyflie_sim) StdoutLine: {'line': b'-- Detecting CXX compiler ABI info - done\n'}
[7.973994] (crazyflie_sim) StdoutLine: {'line': b'-- Check for working CXX compiler: /usr/bin/c++ - skipped\n'}
[7.974081] (crazyflie_sim) StdoutLine: {'line': b'-- Detecting CXX compile features\n'}
[7.974270] (crazyflie_sim) StdoutLine: {'line': b'-- Detecting CXX compile features - done\n'}
[7.975512] (crazyflie_sim) StdoutLine: {'line': b'-- Found ament_cmake: 1.3.14 (/opt/ros/humble/share/ament_cmake/cmake)\n'}
[7.988472] (crazyflie) StdoutLine: {'line': b'-- Found rosidl_generator_c: 3.1.9 (/opt/ros/humble/share/rosidl_generator_c/cmake)\n'}
[7.991005] (crazyflie) StdoutLine: {'line': b'-- Found rosidl_adapter: 3.1.9 (/opt/ros/humble/share/rosidl_adapter/cmake)\n'}
[7.995517] (crazyflie) StdoutLine: {'line': b'-- Found rosidl_generator_cpp: 3.1.9 (/opt/ros/humble/share/rosidl_generator_cpp/cmake)\n'}
[8.001713] (crazyflie) StdoutLine: {'line': b'-- Using all available rosidl_typesupport_c: rosidl_typesupport_fastrtps_c;rosidl_typesupport_introspection_c\n'}
[8.009880] (crazyflie) StdoutLine: {'line': b'-- Using all available rosidl_typesupport_cpp: rosidl_typesupport_fastrtps_cpp;rosidl_typesupport_introspection_cpp\n'}
[8.016341] (-) TimerEvent: {}
[8.037811] (crazyflie) StdoutLine: {'line': b'-- Found rmw_implementation_cmake: 6.1.2 (/opt/ros/humble/share/rmw_implementation_cmake/cmake)\n'}
[8.039861] (crazyflie) StdoutLine: {'line': b'-- Found rmw_fastrtps_cpp: 6.2.10 (/opt/ros/humble/share/rmw_fastrtps_cpp/cmake)\n'}
[8.066896] (crazyflie_sim) StdoutLine: {'line': b'-- Found Python3: /usr/bin/python3 (found version "3.10.12") found components: Interpreter \n'}
[8.096429] (crazyflie_py) Command: {'cmd': ['/usr/bin/python3', '-W', 'ignore:setup.py install is deprecated', '-W', 'ignore:easy_install command is deprecated', 'setup.py', 'develop', '--editable', '--build-directory', '/home/iiitd/cf_ws/build/crazyflie_py/build', '--no-deps', 'symlink_data'], 'cwd': '/home/iiitd/cf_ws/build/crazyflie_py', 'env': {'LESSOPEN': '| /usr/bin/lesspipe %s', 'LANGUAGE': 'en_IN:en', 'USER': 'iiitd', 'XDG_SESSION_TYPE': 'wayland', 'SHLVL': '1', 'LD_LIBRARY_PATH': '/home/iiitd/cf_ws/install/crazyflie_interfaces/lib:/usr/lib/x86_64-linux-gnu/gazebo-11/plugins:/opt/ros/humble/opt/rviz_ogre_vendor/lib:/opt/ros/humble/lib/x86_64-linux-gnu:/opt/ros/humble/lib', 'HOME': '/home/iiitd', 'OLDPWD': '/home/iiitd/cf_ws/src', 'DESKTOP_SESSION': 'ubuntu', 'ROS_PYTHON_VERSION': '3', 'GNOME_SHELL_SESSION_MODE': 'ubuntu', 'GTK_MODULES': 'gail:atk-bridge', 'SYSTEMD_EXEC_PID': '2764', 'DBUS_SESSION_BUS_ADDRESS': 'unix:path=/run/user/1000/bus', 'COLORTERM': 'truecolor', 'IM_CONFIG_PHASE': '1', 'WAYLAND_DISPLAY': 'wayland-0', 'ROS_DISTRO': 'humble', 'LOGNAME': 'iiitd', 'SUMO_HOME': '/usr/share/sumo', '_': '/usr/bin/colcon', 'ROS_VERSION': '2', 'XDG_SESSION_CLASS': 'user', 'USERNAME': 'iiitd', 'TERM': 'xterm-256color', 'GAZEBO_MODEL_PATH': ':/home/iiitd/ros2_ws/install/sjtu_drone_description/share/sjtu_drone_description/models:/home/iiitd/ros2_ws/install/sjtu_drone_description/share/sjtu_drone_description/models', 'GNOME_DESKTOP_SESSION_ID': 'this-is-deprecated', 'ROS_LOCALHOST_ONLY': '0', 'PATH': '/home/iiitd/.opencode/bin:/opt/ros/humble/bin:/home/iiitd/.local/bin:/usr/local/sbin:/usr/local/bin:/usr/sbin:/usr/bin:/sbin:/bin:/usr/games:/usr/local/games:/snap/bin:/snap/bin:/home/iiitd/.local/bin', 'SESSION_MANAGER': 'local/iiitd-MS-7E02:@/tmp/.ICE-unix/2735,unix/iiitd-MS-7E02:/tmp/.ICE-unix/2735', 'XDG_MENU_PREFIX': 'gnome-', 'GNOME_TERMINAL_SCREEN': '/org/gnome/Terminal/screen/50fbead3_129e_4ecf_a85f_7ef6b72954ad', 'GNOME_SETUP_DISPLAY': ':1', 'XDG_RUNTIME_DIR': '/run/user/1000', 'DISPLAY': ':0', 'LANG': 'en_US.UTF-8', 'XDG_CURRENT_DESKTOP': 'ubuntu:GNOME', 'XMODIFIERS': '@im=ibus', 'XDG_SESSION_DESKTOP': 'ubuntu', 'XAUTHORITY': '/run/user/1000/.mutter-Xwaylandauth.EEOWS3', 'LS_COLORS': 'rs=0:di=01;34:ln=01;36:mh=00:pi=40;33:so=01;35:do=01;35:bd=40;33;01:cd=40;33;01:or=40;31;01:mi=00:su=37;41:sg=30;43:ca=30;41:tw=30;42:ow=34;42:st=37;44:ex=01;32:*.tar=01;31:*.tgz=01;31:*.arc=01;31:*.arj=01;31:*.taz=01;31:*.lha=01;31:*.lz4=01;31:*.lzh=01;31:*.lzma=01;31:*.tlz=01;31:*.txz=01;31:*.tzo=01;31:*.t7z=01;31:*.zip=01;31:*.z=01;31:*.dz=01;31:*.gz=01;31:*.lrz=01;31:*.lz=01;31:*.lzo=01;31:*.xz=01;31:*.zst=01;31:*.tzst=01;31:*.bz2=01;31:*.bz=01;31:*.tbz=01;31:*.tbz2=01;31:*.tz=01;31:*.deb=01;31:*.rpm=01;31:*.jar=01;31:*.war=01;31:*.ear=01;31:*.sar=01;31:*.rar=01;31:*.alz=01;31:*.ace=01;31:*.zoo=01;31:*.cpio=01;31:*.7z=01;31:*.rz=01;31:*.cab=01;31:*.wim=01;31:*.swm=01;31:*.dwm=01;31:*.esd=01;31:*.jpg=01;35:*.jpeg=01;35:*.mjpg=01;35:*.mjpeg=01;35:*.gif=01;35:*.bmp=01;35:*.pbm=01;35:*.pgm=01;35:*.ppm=01;35:*.tga=01;35:*.xbm=01;35:*.xpm=01;35:*.tif=01;35:*.tiff=01;35:*.png=01;35:*.svg=01;35:*.svgz=01;35:*.mng=01;35:*.pcx=01;35:*.mov=01;35:*.mpg=01;35:*.mpeg=01;35:*.m2v=01;35:*.mkv=01;35:*.webm=01;35:*.webp=01;35:*.ogm=01;35:*.mp4=01;35:*.m4v=01;35:*.mp4v=01;35:*.vob=01;35:*.qt=01;35:*.nuv=01;35:*.wmv=01;35:*.asf=01;35:*.rm=01;35:*.rmvb=01;35:*.flc=01;35:*.avi=01;35:*.fli=01;35:*.flv=01;35:*.gl=01;35:*.dl=01;35:*.xcf=01;35:*.xwd=01;35:*.yuv=01;35:*.cgm=01;35:*.emf=01;35:*.ogv=01;35:*.ogx=01;35:*.aac=00;36:*.au=00;36:*.flac=00;36:*.m4a=00;36:*.mid=00;36:*.midi=00;36:*.mka=00;36:*.mp3=00;36:*.mpc=00;36:*.ogg=00;36:*.ra=00;36:*.wav=00;36:*.oga=00;36:*.opus=00;36:*.spx=00;36:*.xspf=00;36:', 'GNOME_TERMINAL_SERVICE': ':1.215', 'SSH_AGENT_LAUNCHER': 'gnome-keyring', 'SSH_AUTH_SOCK': '/run/user/1000/keyring/ssh', 'AMENT_PREFIX_PATH': '/home/iiitd/cf_ws/install/crazyflie_interfaces:/opt/ros/humble', 'SHELL': '/bin/bash', 'QT_ACCESSIBILITY': '1', 'GDMSESSION': 'ubuntu', 'LESSCLOSE': '/usr/bin/lesspipe %s %s', 'QT_IM_MODULE': 'ibus', 'PWD': '/home/iiitd/cf_ws/build/crazyflie_py', 'TURTLEBOT3_MODEL': 'burger', 'LC_ALL': 'en_US.UTF-8', 'XDG_CONFIG_DIRS': '/etc/xdg/xdg-ubuntu:/etc/xdg', 'GAZEBO_PLUGIN_PATH': ':/home/iiitd/ros2_ws/install/sjtu_drone_description/lib:/home/iiitd/ros2_ws/install/sjtu_drone_description/lib', 'XDG_DATA_DIRS': '/usr/share/ubuntu:/usr/local/share/:/usr/share/:/var/lib/snapd/desktop', 'PYTHONPATH': '/home/iiitd/cf_ws/build/crazyflie_py/prefix_override:/usr/lib/python3/dist-packages/colcon_core/task/python/colcon_distutils_commands:/home/iiitd/cf_ws/install/crazyflie_py/lib/python3.10/site-packages:/home/iiitd/cf_ws/install/crazyflie_interfaces/local/lib/python3.10/dist-packages:/opt/ros/humble/lib/python3.10/site-packages:/opt/ros/humble/local/lib/python3.10/dist-packages', 'COLCON': '1', 'VTE_VERSION': '6800', 'CMAKE_PREFIX_PATH': '/home/iiitd/cf_ws/install/crazyflie_interfaces'}, 'shell': False}
[8.098275] (crazyflie_server_py) Command: {'cmd': ['/usr/bin/python3', '-W', 'ignore:setup.py install is deprecated', '-W', 'ignore:easy_install command is deprecated', 'setup.py', 'develop', '--editable', '--build-directory', '/home/iiitd/cf_ws/build/crazyflie_server_py/build', '--no-deps', 'symlink_data'], 'cwd': '/home/iiitd/cf_ws/build/crazyflie_server_py', 'env': {'LESSOPEN': '| /usr/bin/lesspipe %s', 'LANGUAGE': 'en_IN:en', 'USER': 'iiitd', 'XDG_SESSION_TYPE': 'wayland', 'SHLVL': '1', 'LD_LIBRARY_PATH': '/home/iiitd/cf_ws/install/crazyflie_interfaces/lib:/usr/lib/x86_64-linux-gnu/gazebo-11/plugins:/opt/ros/humble/opt/rviz_ogre_vendor/lib:/opt/ros/humble/lib/x86_64-linux-gnu:/opt/ros/humble/lib', 'HOME': '/home/iiitd', 'OLDPWD': '/home/iiitd/cf_ws/src', 'DESKTOP_SESSION': 'ubuntu', 'ROS_PYTHON_VERSION': '3', 'GNOME_SHELL_SESSION_MODE': 'ubuntu', 'GTK_MODULES': 'gail:atk-bridge', 'SYSTEMD_EXEC_PID': '2764', 'DBUS_SESSION_BUS_ADDRESS': 'unix:path=/run/user/1000/bus', 'COLORTERM': 'truecolor', 'IM_CONFIG_PHASE': '1', 'WAYLAND_DISPLAY': 'wayland-0', 'ROS_DISTRO': 'humble', 'LOGNAME': 'iiitd', 'SUMO_HOME': '/usr/share/sumo', '_': '/usr/bin/colcon', 'ROS_VERSION': '2', 'XDG_SESSION_CLASS': 'user', 'USERNAME': 'iiitd', 'TERM': 'xterm-256color', 'GAZEBO_MODEL_PATH': ':/home/iiitd/ros2_ws/install/sjtu_drone_description/share/sjtu_drone_description/models:/home/iiitd/ros2_ws/install/sjtu_drone_description/share/sjtu_drone_description/models', 'GNOME_DESKTOP_SESSION_ID': 'this-is-deprecated', 'ROS_LOCALHOST_ONLY': '0', 'PATH': '/home/iiitd/.opencode/bin:/opt/ros/humble/bin:/home/iiitd/.local/bin:/usr/local/sbin:/usr/local/bin:/usr/sbin:/usr/bin:/sbin:/bin:/usr/games:/usr/local/games:/snap/bin:/snap/bin:/home/iiitd/.local/bin', 'SESSION_MANAGER': 'local/iiitd-MS-7E02:@/tmp/.ICE-unix/2735,unix/iiitd-MS-7E02:/tmp/.ICE-unix/2735', 'XDG_MENU_PREFIX': 'gnome-', 'GNOME_TERMINAL_SCREEN': '/org/gnome/Terminal/screen/50fbead3_129e_4ecf_a85f_7ef6b72954ad', 'GNOME_SETUP_DISPLAY': ':1', 'XDG_RUNTIME_DIR': '/run/user/1000', 'DISPLAY': ':0', 'LANG': 'en_US.UTF-8', 'XDG_CURRENT_DESKTOP': 'ubuntu:GNOME', 'XMODIFIERS': '@im=ibus', 'XDG_SESSION_DESKTOP': 'ubuntu', 'XAUTHORITY': '/run/user/1000/.mutter-Xwaylandauth.EEOWS3', 'LS_COLORS': 'rs=0:di=01;34:ln=01;36:mh=00:pi=40;33:so=01;35:do=01;35:bd=40;33;01:cd=40;33;01:or=40;31;01:mi=00:su=37;41:sg=30;43:ca=30;41:tw=30;42:ow=34;42:st=37;44:ex=01;32:*.tar=01;31:*.tgz=01;31:*.arc=01;31:*.arj=01;31:*.taz=01;31:*.lha=01;31:*.lz4=01;31:*.lzh=01;31:*.lzma=01;31:*.tlz=01;31:*.txz=01;31:*.tzo=01;31:*.t7z=01;31:*.zip=01;31:*.z=01;31:*.dz=01;31:*.gz=01;31:*.lrz=01;31:*.lz=01;31:*.lzo=01;31:*.xz=01;31:*.zst=01;31:*.tzst=01;31:*.bz2=01;31:*.bz=01;31:*.tbz=01;31:*.tbz2=01;31:*.tz=01;31:*.deb=01;31:*.rpm=01;31:*.jar=01;31:*.war=01;31:*.ear=01;31:*.sar=01;31:*.rar=01;31:*.alz=01;31:*.ace=01;31:*.zoo=01;31:*.cpio=01;31:*.7z=01;31:*.rz=01;31:*.cab=01;31:*.wim=01;31:*.swm=01;31:*.dwm=01;31:*.esd=01;31:*.jpg=01;35:*.jpeg=01;35:*.mjpg=01;35:*.mjpeg=01;35:*.gif=01;35:*.bmp=01;35:*.pbm=01;35:*.pgm=01;35:*.ppm=01;35:*.tga=01;35:*.xbm=01;35:*.xpm=01;35:*.tif=01;35:*.tiff=01;35:*.png=01;35:*.svg=01;35:*.svgz=01;35:*.mng=01;35:*.pcx=01;35:*.mov=01;35:*.mpg=01;35:*.mpeg=01;35:*.m2v=01;35:*.mkv=01;35:*.webm=01;35:*.webp=01;35:*.ogm=01;35:*.mp4=01;35:*.m4v=01;35:*.mp4v=01;35:*.vob=01;35:*.qt=01;35:*.nuv=01;35:*.wmv=01;35:*.asf=01;35:*.rm=01;35:*.rmvb=01;35:*.flc=01;35:*.avi=01;35:*.fli=01;35:*.flv=01;35:*.gl=01;35:*.dl=01;35:*.xcf=01;35:*.xwd=01;35:*.yuv=01;35:*.cgm=01;35:*.emf=01;35:*.ogv=01;35:*.ogx=01;35:*.aac=00;36:*.au=00;36:*.flac=00;36:*.m4a=00;36:*.mid=00;36:*.midi=00;36:*.mka=00;36:*.mp3=00;36:*.mpc=00;36:*.ogg=00;36:*.ra=00;36:*.wav=00;36:*.oga=00;36:*.opus=00;36:*.spx=00;36:*.xspf=00;36:', 'GNOME_TERMINAL_SERVICE': ':1.215', 'SSH_AGENT_LAUNCHER': 'gnome-keyring', 'SSH_AUTH_SOCK': '/run/user/1000/keyring/ssh', 'AMENT_PREFIX_PATH': '/home/iiitd/cf_ws/install/crazyflie_interfaces:/opt/ros/humble', 'SHELL': '/bin/bash', 'QT_ACCESSIBILITY': '1', 'GDMSESSION': 'ubuntu', 'LESSCLOSE': '/usr/bin/lesspipe %s %s', 'QT_IM_MODULE': 'ibus', 'PWD': '/home/iiitd/cf_ws/build/crazyflie_server_py', 'TURTLEBOT3_MODEL': 'burger', 'LC_ALL': 'en_US.UTF-8', 'XDG_CONFIG_DIRS': '/etc/xdg/xdg-ubuntu:/etc/xdg', 'GAZEBO_PLUGIN_PATH': ':/home/iiitd/ros2_ws/install/sjtu_drone_description/lib:/home/iiitd/ros2_ws/install/sjtu_drone_description/lib', 'XDG_DATA_DIRS': '/usr/share/ubuntu:/usr/local/share/:/usr/share/:/var/lib/snapd/desktop', 'PYTHONPATH': '/home/iiitd/cf_ws/build/crazyflie_server_py/prefix_override:/usr/lib/python3/dist-packages/colcon_core/task/python/colcon_distutils_commands:/home/iiitd/cf_ws/install/crazyflie_server_py/lib/python3.10/site-packages:/home/iiitd/cf_ws/install/crazyflie_interfaces/local/lib/python3.10/dist-packages:/opt/ros/humble/lib/python3.10/site-packages:/opt/ros/humble/local/lib/python3.10/dist-packages', 'COLCON': '1', 'VTE_VERSION': '6800', 'CMAKE_PREFIX_PATH': '/home/iiitd/cf_ws/install/crazyflie_interfaces'}, 'shell': False}
[8.101306] (crazyflie) StdoutLine: {'line': b'-- Found OpenSSL: /usr/lib/x86_64-linux-gnu/libcrypto.so (found version "3.0.2")  \n'}
[8.102970] (crazyflie_sim) StdoutLine: {'line': b'-- Override CMake install command with custom implementation using symlinks instead of copying resources\n'}
[8.116384] (-) TimerEvent: {}
[8.123820] (crazyflie) StdoutLine: {'line': b'-- Found FastRTPS: /opt/ros/humble/include  \n'}
[8.148793] (crazyflie) StdoutLine: {'line': b"-- Using RMW implementation 'rmw_fastrtps_cpp' as default\n"}
[8.155353] (crazyflie) StdoutLine: {'line': b'-- Looking for pthread.h\n'}
[8.166002] (crazyflie_sim) StdoutLine: {'line': b'-- Found ament_cmake_pytest: 1.3.14 (/opt/ros/humble/share/ament_cmake_pytest/cmake)\n'}
[8.199601] (crazyflie) StdoutLine: {'line': b'-- Looking for pthread.h - found\n'}
[8.199755] (crazyflie) StdoutLine: {'line': b'-- Performing Test CMAKE_HAVE_LIBC_PTHREAD\n'}
[8.216470] (-) TimerEvent: {}
[8.225262] (crazyflie_py) StdoutLine: {'line': b'running develop\n'}
[8.227516] (crazyflie_server_py) StdoutLine: {'line': b'running develop\n'}
[8.245400] (crazyflie) StdoutLine: {'line': b'-- Performing Test CMAKE_HAVE_LIBC_PTHREAD - Success\n'}
[8.246033] (crazyflie) StdoutLine: {'line': b'-- Found Threads: TRUE  \n'}
[8.278945] (crazyflie) StdoutLine: {'line': b'-- Found tf2_ros: 0.25.20 (/opt/ros/humble/share/tf2_ros/cmake)\n'}
[8.311119] (crazyflie_py) StdoutLine: {'line': b'running egg_info\n'}
[8.311282] (crazyflie_py) StdoutLine: {'line': b'creating crazyflie_py.egg-info\n'}
[8.311336] (crazyflie_py) StdoutLine: {'line': b'writing crazyflie_py.egg-info/PKG-INFO\n'}
[8.311638] (crazyflie_py) StdoutLine: {'line': b'writing dependency_links to crazyflie_py.egg-info/dependency_links.txt\n'}
[8.311710] (crazyflie_py) StdoutLine: {'line': b'writing entry points to crazyflie_py.egg-info/entry_points.txt\n'}
[8.311765] (crazyflie_py) StdoutLine: {'line': b'writing requirements to crazyflie_py.egg-info/requires.txt\n'}
[8.311816] (crazyflie_py) StdoutLine: {'line': b'writing top-level names to crazyflie_py.egg-info/top_level.txt\n'}
[8.311865] (crazyflie_py) StdoutLine: {'line': b"writing manifest file 'crazyflie_py.egg-info/SOURCES.txt'\n"}
[8.311914] (crazyflie_server_py) StdoutLine: {'line': b'running egg_info\n'}
[8.312092] (crazyflie_server_py) StdoutLine: {'line': b'creating crazyflie_server_py.egg-info\n'}
[8.312150] (crazyflie_server_py) StdoutLine: {'line': b'writing crazyflie_server_py.egg-info/PKG-INFO\n'}
[8.312198] (crazyflie_server_py) StdoutLine: {'line': b'writing dependency_links to crazyflie_server_py.egg-info/dependency_links.txt\n'}
[8.312260] (crazyflie_server_py) StdoutLine: {'line': b'writing entry points to crazyflie_server_py.egg-info/entry_points.txt\n'}
[8.312306] (crazyflie_server_py) StdoutLine: {'line': b'writing requirements to crazyflie_server_py.egg-info/requires.txt\n'}
[8.312351] (crazyflie_server_py) StdoutLine: {'line': b'writing top-level names to crazyflie_server_py.egg-info/top_level.txt\n'}
[8.312401] (crazyflie_server_py) StdoutLine: {'line': b"writing manifest file 'crazyflie_server_py.egg-info/SOURCES.txt'\n"}
[8.312616] (crazyflie_py) StdoutLine: {'line': b"reading manifest file 'crazyflie_py.egg-info/SOURCES.txt'\n"}
[8.312688] (crazyflie_py) StdoutLine: {'line': b"writing manifest file 'crazyflie_py.egg-info/SOURCES.txt'\n"}
[8.312897] (crazyflie_server_py) StdoutLine: {'line': b"reading manifest file 'crazyflie_server_py.egg-info/SOURCES.txt'\n"}
[8.312993] (crazyflie_py) StdoutLine: {'line': b'running build_ext\n'}
[8.313073] (crazyflie_server_py) StdoutLine: {'line': b"writing manifest file 'crazyflie_server_py.egg-info/SOURCES.txt'\n"}
[8.313221] (crazyflie_py) StdoutLine: {'line': b'Creating /home/iiitd/cf_ws/install/crazyflie_py/lib/python3.10/site-packages/crazyflie-py.egg-link (link to .)\n'}
[8.313540] (crazyflie_py) StdoutLine: {'line': b'\n'}
[8.313577] (crazyflie_py) StdoutLine: {'line': b'Installed /home/iiitd/cf_ws/build/crazyflie_py\n'}
[8.313604] (crazyflie_py) StdoutLine: {'line': b'running symlink_data\n'}
[8.313630] (crazyflie_py) StdoutLine: {'line': b'creating /home/iiitd/cf_ws/install/crazyflie_py/share/ament_index\n'}
[8.313675] (crazyflie_py) StdoutLine: {'line': b'creating /home/iiitd/cf_ws/install/crazyflie_py/share/ament_index/resource_index\n'}
[8.313700] (crazyflie_py) StdoutLine: {'line': b'creating /home/iiitd/cf_ws/install/crazyflie_py/share/ament_index/resource_index/packages\n'}
[8.313756] (crazyflie_server_py) StdoutLine: {'line': b'running build_ext\n'}
[8.313803] (crazyflie_py) StdoutLine: {'line': b'symbolically linking /home/iiitd/cf_ws/build/crazyflie_py/resource/crazyflie_py -> /home/iiitd/cf_ws/install/crazyflie_py/share/ament_index/resource_index/packages\n'}
[8.313832] (crazyflie_py) StdoutLine: {'line': b'symbolically linking /home/iiitd/cf_ws/build/crazyflie_py/package.xml -> /home/iiitd/cf_ws/install/crazyflie_py/share/crazyflie_py\n'}
[8.313875] (crazyflie_server_py) StdoutLine: {'line': b'Creating /home/iiitd/cf_ws/install/crazyflie_server_py/lib/python3.10/site-packages/crazyflie-server-py.egg-link (link to .)\n'}
[8.314171] (crazyflie_server_py) StdoutLine: {'line': b'Installing crazyflie_server script to /home/iiitd/cf_ws/install/crazyflie_server_py/lib/crazyflie_server_py\n'}
[8.314269] (crazyflie_server_py) StdoutLine: {'line': b'\n'}
[8.314299] (crazyflie_server_py) StdoutLine: {'line': b'Installed /home/iiitd/cf_ws/build/crazyflie_server_py\n'}
[8.314337] (crazyflie_server_py) StdoutLine: {'line': b'running symlink_data\n'}
[8.314378] (crazyflie_server_py) StdoutLine: {'line': b'creating /home/iiitd/cf_ws/install/crazyflie_server_py/share/ament_index\n'}
[8.314403] (crazyflie_server_py) StdoutLine: {'line': b'creating /home/iiitd/cf_ws/install/crazyflie_server_py/share/ament_index/resource_index\n'}
[8.314444] (crazyflie_server_py) StdoutLine: {'line': b'creating /home/iiitd/cf_ws/install/crazyflie_server_py/share/ament_index/resource_index/packages\n'}
[8.314468] (crazyflie_server_py) StdoutLine: {'line': b'symbolically linking /home/iiitd/cf_ws/build/crazyflie_server_py/resource/crazyflie_server_py -> /home/iiitd/cf_ws/install/crazyflie_server_py/share/ament_index/resource_index/packages\n'}
[8.314503] (crazyflie_server_py) StdoutLine: {'line': b'symbolically linking /home/iiitd/cf_ws/build/crazyflie_server_py/package.xml -> /home/iiitd/cf_ws/install/crazyflie_server_py/share/crazyflie_server_py\n'}
[8.316529] (-) TimerEvent: {}
[8.328261] (crazyflie_py) CommandEnded: {'returncode': 0}
[8.332267] (crazyflie_py) JobEnded: {'identifier': 'crazyflie_py', 'rc': 0}
[8.332618] (crazyflie_examples) JobStarted: {'identifier': 'crazyflie_examples'}
[8.334041] (crazyflie_server_py) CommandEnded: {'returncode': 0}
[8.337398] (crazyflie_server_py) JobEnded: {'identifier': 'crazyflie_server_py', 'rc': 0}
[8.337777] (crazyflie_examples) JobProgress: {'identifier': 'crazyflie_examples', 'progress': 'cmake'}
[8.338023] (crazyflie_examples) Command: {'cmd': ['/usr/bin/cmake', '/home/iiitd/cf_ws/src/crazyswarm2/crazyflie_examples', '-DAMENT_CMAKE_SYMLINK_INSTALL=1', '-DCMAKE_INSTALL_PREFIX=/home/iiitd/cf_ws/install/crazyflie_examples'], 'cwd': '/home/iiitd/cf_ws/build/crazyflie_examples', 'env': OrderedDict([('LESSOPEN', '| /usr/bin/lesspipe %s'), ('LANGUAGE', 'en_IN:en'), ('USER', 'iiitd'), ('XDG_SESSION_TYPE', 'wayland'), ('SHLVL', '1'), ('LD_LIBRARY_PATH', '/home/iiitd/cf_ws/install/crazyflie_interfaces/lib:/usr/lib/x86_64-linux-gnu/gazebo-11/plugins:/opt/ros/humble/opt/rviz_ogre_vendor/lib:/opt/ros/humble/lib/x86_64-linux-gnu:/opt/ros/humble/lib'), ('HOME', '/home/iiitd'), ('OLDPWD', '/home/iiitd/cf_ws/src'), ('DESKTOP_SESSION', 'ubuntu'), ('ROS_PYTHON_VERSION', '3'), ('GNOME_SHELL_SESSION_MODE', 'ubuntu'), ('GTK_MODULES', 'gail:atk-bridge'), ('SYSTEMD_EXEC_PID', '2764'), ('DBUS_SESSION_BUS_ADDRESS', 'unix:path=/run/user/1000/bus'), ('COLORTERM', 'truecolor'), ('IM_CONFIG_PHASE', '1'), ('WAYLAND_DISPLAY', 'wayland-0'), ('ROS_DISTRO', 'humble'), ('LOGNAME', 'iiitd'), ('SUMO_HOME', '/usr/share/sumo'), ('_', '/usr/bin/colcon'), ('ROS_VERSION', '2'), ('XDG_SESSION_CLASS', 'user'), ('USERNAME', 'iiitd'), ('TERM', 'xterm-256color'), ('GAZEBO_MODEL_PATH', ':/home/iiitd/ros2_ws/install/sjtu_drone_description/share/sjtu_drone_description/models:/home/iiitd/ros2_ws/install/sjtu_drone_description/share/sjtu_drone_description/models'), ('GNOME_DESKTOP_SESSION_ID', 'this-is-deprecated'), ('ROS_LOCALHOST_ONLY', '0'), ('PATH', '/home/iiitd/.opencode/bin:/opt/ros/humble/bin:/home/iiitd/.local/bin:/usr/local/sbin:/usr/local/bin:/usr/sbin:/usr/bin:/sbin:/bin:/usr/games:/usr/local/games:/snap/bin:/snap/bin:/home/iiitd/.local/bin'), ('SESSION_MANAGER', 'local/iiitd-MS-7E02:@/tmp/.ICE-unix/2735,unix/iiitd-MS-7E02:/tmp/.ICE-unix/2735'), ('XDG_MENU_PREFIX', 'gnome-'), ('GNOME_TERMINAL_SCREEN', '/org/gnome/Terminal/screen/50fbead3_129e_4ecf_a85f_7ef6b72954ad'), ('GNOME_SETUP_DISPLAY', ':1'), ('XDG_RUNTIME_DIR', '/run/user/1000'), ('DISPLAY', ':0'), ('LANG', 'en_US.UTF-8'), ('XDG_CURRENT_DESKTOP', 'ubuntu:GNOME'), ('XMODIFIERS', '@im=ibus'), ('XDG_SESSION_DESKTOP', 'ubuntu'), ('XAUTHORITY', '/run/user/1000/.mutter-Xwaylandauth.EEOWS3'), ('LS_COLORS', 'rs=0:di=01;34:ln=01;36:mh=00:pi=40;33:so=01;35:do=01;35:bd=40;33;01:cd=40;33;01:or=40;31;01:mi=00:su=37;41:sg=30;43:ca=30;41:tw=30;42:ow=34;42:st=37;44:ex=01;32:*.tar=01;31:*.tgz=01;31:*.arc=01;31:*.arj=01;31:*.taz=01;31:*.lha=01;31:*.lz4=01;31:*.lzh=01;31:*.lzma=01;31:*.tlz=01;31:*.txz=01;31:*.tzo=01;31:*.t7z=01;31:*.zip=01;31:*.z=01;31:*.dz=01;31:*.gz=01;31:*.lrz=01;31:*.lz=01;31:*.lzo=01;31:*.xz=01;31:*.zst=01;31:*.tzst=01;31:*.bz2=01;31:*.bz=01;31:*.tbz=01;31:*.tbz2=01;31:*.tz=01;31:*.deb=01;31:*.rpm=01;31:*.jar=01;31:*.war=01;31:*.ear=01;31:*.sar=01;31:*.rar=01;31:*.alz=01;31:*.ace=01;31:*.zoo=01;31:*.cpio=01;31:*.7z=01;31:*.rz=01;31:*.cab=01;31:*.wim=01;31:*.swm=01;31:*.dwm=01;31:*.esd=01;31:*.jpg=01;35:*.jpeg=01;35:*.mjpg=01;35:*.mjpeg=01;35:*.gif=01;35:*.bmp=01;35:*.pbm=01;35:*.pgm=01;35:*.ppm=01;35:*.tga=01;35:*.xbm=01;35:*.xpm=01;35:*.tif=01;35:*.tiff=01;35:*.png=01;35:*.svg=01;35:*.svgz=01;35:*.mng=01;35:*.pcx=01;35:*.mov=01;35:*.mpg=01;35:*.mpeg=01;35:*.m2v=01;35:*.mkv=01;35:*.webm=01;35:*.webp=01;35:*.ogm=01;35:*.mp4=01;35:*.m4v=01;35:*.mp4v=01;35:*.vob=01;35:*.qt=01;35:*.nuv=01;35:*.wmv=01;35:*.asf=01;35:*.rm=01;35:*.rmvb=01;35:*.flc=01;35:*.avi=01;35:*.fli=01;35:*.flv=01;35:*.gl=01;35:*.dl=01;35:*.xcf=01;35:*.xwd=01;35:*.yuv=01;35:*.cgm=01;35:*.emf=01;35:*.ogv=01;35:*.ogx=01;35:*.aac=00;36:*.au=00;36:*.flac=00;36:*.m4a=00;36:*.mid=00;36:*.midi=00;36:*.mka=00;36:*.mp3=00;36:*.mpc=00;36:*.ogg=00;36:*.ra=00;36:*.wav=00;36:*.oga=00;36:*.opus=00;36:*.spx=00;36:*.xspf=00;36:'), ('GNOME_TERMINAL_SERVICE', ':1.215'), ('SSH_AGENT_LAUNCHER', 'gnome-keyring'), ('SSH_AUTH_SOCK', '/run/user/1000/keyring/ssh'), ('AMENT_PREFIX_PATH', '/home/iiitd/cf_ws/install/crazyflie_py:/home/iiitd/cf_ws/install/crazyflie_interfaces:/opt/ros/humble'), ('SHELL', '/bin/bash'), ('QT_ACCESSIBILITY', '1'), ('GDMSESSION', 'ubuntu'), ('LESSCLOSE', '/usr/bin/lesspipe %s %s'), ('QT_IM_MODULE', 'ibus'), ('PWD', '/home/iiitd/cf_ws/build/crazyflie_examples'), ('TURTLEBOT3_MODEL', 'burger'), ('LC_ALL', 'en_US.UTF-8'), ('XDG_CONFIG_DIRS', '/etc/xdg/xdg-ubuntu:/etc/xdg'), ('GAZEBO_PLUGIN_PATH', ':/home/iiitd/ros2_ws/install/sjtu_drone_description/lib:/home/iiitd/ros2_ws/install/sjtu_drone_description/lib'), ('XDG_DATA_DIRS', '/usr/share/ubuntu:/usr/local/share/:/usr/share/:/var/lib/snapd/desktop'), ('PYTHONPATH', '/home/iiitd/cf_ws/build/crazyflie_py:/home/iiitd/cf_ws/install/crazyflie_py/lib/python3.10/site-packages:/home/iiitd/cf_ws/install/crazyflie_interfaces/local/lib/python3.10/dist-packages:/opt/ros/humble/lib/python3.10/site-packages:/opt/ros/humble/local/lib/python3.10/dist-packages'), ('COLCON', '1'), ('VTE_VERSION', '6800'), ('CMAKE_PREFIX_PATH', '/home/iiitd/cf_ws/install/crazyflie_interfaces:/opt/ros/humble')]), 'shell': False}
[8.355290] (crazyflie) StdoutLine: {'line': b'-- Found rclpy: 3.3.21 (/opt/ros/humble/share/rclpy/cmake)\n'}
[8.356148] (crazyflie) StdoutLine: {'line': b'-- Found std_srvs: 4.9.1 (/opt/ros/humble/share/std_srvs/cmake)\n'}
[8.364362] (crazyflie) StdoutLine: {'line': b'-- Found nav_msgs: 4.9.1 (/opt/ros/humble/share/nav_msgs/cmake)\n'}
[8.368285] (crazyflie_examples) StdoutLine: {'line': b'-- The C compiler identification is GNU 11.4.0\n'}
[8.376228] (crazyflie) StdoutLine: {'line': b'-- Found sensor_msgs: 4.9.1 (/opt/ros/humble/share/sensor_msgs/cmake)\n'}
[8.386976] (crazyflie) StdoutLine: {'line': b'-- Found crazyflie_interfaces: 1.0.5 (/home/iiitd/cf_ws/install/crazyflie_interfaces/share/crazyflie_interfaces/cmake)\n'}
[8.395879] (crazyflie) StdoutLine: {'line': b'-- Found motion_capture_tracking_interfaces: 1.0.6 (/opt/ros/humble/share/motion_capture_tracking_interfaces/cmake)\n'}
[8.399447] (crazyflie_examples) StdoutLine: {'line': b'-- The CXX compiler identification is GNU 11.4.0\n'}
[8.403208] (crazyflie_examples) StdoutLine: {'line': b'-- Detecting C compiler ABI info\n'}
[8.410945] (crazyflie) StdoutLine: {'line': b'-- Found ros_environment: 3.2.2 (/opt/ros/humble/share/ros_environment/cmake)\n'}
[8.411735] (crazyflie) StderrLine: {'line': b'\x1b[31mCMake Error at CMakeLists.txt:31 (add_subdirectory):\n'}
[8.411813] (crazyflie) StderrLine: {'line': b'  The source directory\n'}
[8.411866] (crazyflie) StderrLine: {'line': b'\n'}
[8.411936] (crazyflie) StderrLine: {'line': b'    /home/iiitd/cf_ws/src/crazyswarm2/crazyflie/deps/crazyflie_tools\n'}
[8.411985] (crazyflie) StderrLine: {'line': b'\n'}
[8.412031] (crazyflie) StderrLine: {'line': b'  does not contain a CMakeLists.txt file.\n'}
[8.412076] (crazyflie) StderrLine: {'line': b'\n'}
[8.412122] (crazyflie) StderrLine: {'line': b'\x1b[0m\n'}
[8.412166] (crazyflie) StderrLine: {'line': b'\x1b[31mCMake Error at /opt/ros/humble/share/ament_cmake_core/cmake/symlink_install/ament_cmake_symlink_install_targets.cmake:67 (message):\n'}
[8.412214] (crazyflie) StderrLine: {'line': b"  ament_cmake_symlink_install_targets() 'comCheck' is not a target\n"}
[8.412280] (crazyflie) StderrLine: {'line': b'Call Stack (most recent call first):\n'}
[8.412306] (crazyflie) StderrLine: {'line': b'  /opt/ros/humble/share/ament_cmake_core/cmake/symlink_install/install.cmake:37 (ament_cmake_symlink_install_targets)\n'}
[8.412342] (crazyflie) StderrLine: {'line': b'  CMakeLists.txt:84 (install)\n'}
[8.412364] (crazyflie) StderrLine: {'line': b'\n'}
[8.412385] (crazyflie) StderrLine: {'line': b'\x1b[0m\n'}
[8.412463] (crazyflie) StdoutLine: {'line': b'-- Configuring incomplete, errors occurred!\n'}
[8.412493] (crazyflie) StdoutLine: {'line': b'See also "/home/iiitd/cf_ws/build/crazyflie/CMakeFiles/CMakeOutput.log".\n'}
[8.416588] (-) TimerEvent: {}
[8.417567] (crazyflie) CommandEnded: {'returncode': 1}
[8.428089] (crazyflie) JobEnded: {'identifier': 'crazyflie', 'rc': 1}
[8.440621] (crazyflie_examples) StdoutLine: {'line': b'-- Detecting C compiler ABI info - done\n'}
[8.444343] (crazyflie_examples) StdoutLine: {'line': b'-- Check for working C compiler: /usr/bin/cc - skipped\n'}
[8.444518] (crazyflie_examples) StdoutLine: {'line': b'-- Detecting C compile features\n'}
[8.444687] (crazyflie_examples) StdoutLine: {'line': b'-- Detecting C compile features - done\n'}
[8.446148] (crazyflie_examples) StdoutLine: {'line': b'-- Detecting CXX compiler ABI info\n'}
[8.491045] (crazyflie_examples) StdoutLine: {'line': b'-- Detecting CXX compiler ABI info - done\n'}
[8.496848] (crazyflie_examples) StdoutLine: {'line': b'-- Check for working CXX compiler: /usr/bin/c++ - skipped\n'}
[8.497056] (crazyflie_examples) StdoutLine: {'line': b'-- Detecting CXX compile features\n'}
[8.497165] (crazyflie_examples) StdoutLine: {'line': b'-- Detecting CXX compile features - done\n'}
[8.498202] (crazyflie_examples) StdoutLine: {'line': b'-- Found ament_cmake: 1.3.14 (/opt/ros/humble/share/ament_cmake/cmake)\n'}
[8.516661] (-) TimerEvent: {}
[8.538334] (crazyflie_sim) StdoutLine: {'line': b'-- Configuring done\n'}
[8.540452] (crazyflie_sim) StdoutLine: {'line': b'-- Generating done\n'}
[8.541154] (crazyflie_sim) StdoutLine: {'line': b'-- Build files have been written to: /home/iiitd/cf_ws/build/crazyflie_sim\n'}
[8.543434] (crazyflie_sim) JobEnded: {'identifier': 'crazyflie_sim', 'rc': 'SIGINT'}
[8.579639] (crazyflie_examples) StdoutLine: {'line': b'-- Found Python3: /usr/bin/python3 (found version "3.10.12") found components: Interpreter \n'}
[8.610033] (crazyflie_examples) StdoutLine: {'line': b'-- Override CMake install command with custom implementation using symlinks instead of copying resources\n'}
[8.616759] (-) TimerEvent: {}
[8.666686] (crazyflie_examples) StdoutLine: {'line': b'-- Found ament_cmake_pytest: 1.3.14 (/opt/ros/humble/share/ament_cmake_pytest/cmake)\n'}
[8.716833] (-) TimerEvent: {}
[8.817122] (-) TimerEvent: {}
[8.917305] (-) TimerEvent: {}
[8.976665] (crazyflie_examples) StdoutLine: {'line': b'-- Configuring done\n'}
[8.978259] (crazyflie_examples) StdoutLine: {'line': b'-- Generating done\n'}
[8.979052] (crazyflie_examples) StdoutLine: {'line': b'-- Build files have been written to: /home/iiitd/cf_ws/build/crazyflie_examples\n'}
[8.981874] (crazyflie_examples) JobEnded: {'identifier': 'crazyflie_examples', 'rc': 'SIGINT'}
[8.992331] (-) EventReactorShutdown: {}
